operation,number,value,time_seconds,steps,log2_n
insert,1,670488,7.000000096013537e-06,1,1.0
insert,2,116740,1.0799999927257886e-05,2,1.584962500721156
insert,3,26226,1.2599999990925426e-05,4,2.0
insert,4,777573,1.250000013897079e-05,3,2.321928094887362
insert,5,288390,1.0300000212737359e-05,3,2.584962500721156
insert,6,256788,2.099999983329326e-05,6,2.807354922057604
insert,7,234054,6.9000002440589014e-06,4,3.0
insert,8,146317,1.629999997021514e-05,6,3.169925001442312
insert,9,772247,1.1500000255182385e-05,6,3.321928094887362
insert,10,107474,5.999999757477781e-06,4,3.4594316186372973
insert,11,709571,5.200000032345997e-06,4,3.584962500721156
insert,12,776647,5.000000328436727e-06,4,3.700439718141092
insert,13,935519,4.699999863078119e-06,4,3.807354922057604
insert,14,571859,4.500000159168849e-06,4,3.9068905956085187
insert,15,91162,1.0400000064691994e-05,7,4.0
insert,16,619177,6.4000000747910235e-06,5,4.087462841250339
insert,17,442418,6.000000212225132e-06,5,4.169925001442312
insert,18,33327,7.199999799922807e-06,5,4.247927513443585
insert,19,31245,1.160000010713702e-05,8,4.321928094887363
insert,20,98247,6.599999778700294e-06,5,4.392317422778761
insert,21,229259,6.100000064179767e-06,5,4.459431618637297
insert,22,243963,7.3999999585794285e-06,5,4.523561956057013
insert,23,529904,1.06999996205559e-05,7,4.584962500721156
insert,24,631263,1.3500000022759195e-05,8,4.643856189774724
insert,25,27825,7.3999999585794285e-06,6,4.700439718141093
insert,26,588509,6.200000370881753e-06,5,4.754887502163468
insert,27,208497,1.159999965238967e-05,8,4.807354922057604
insert,28,750801,5.80000005356851e-06,5,4.857980995127572
insert,29,681454,5.999999757477781e-06,5,4.906890595608519
insert,30,735393,7.3999999585794285e-06,6,4.954196310386875
insert,31,571413,9.299999874201603e-06,7,5.0
insert,32,439899,7.000000096013537e-06,6,5.044394119358453
insert,33,231149,7.099999947968172e-06,6,5.087462841250339
insert,34,471030,7.000000096013537e-06,6,5.129283016944966
insert,35,617890,7.000000096013537e-06,6,5.169925001442312
insert,36,291705,9.79999958872213e-06,8,5.20945336562895
insert,37,848750,7.900000127847306e-06,6,5.247927513443585
insert,38,911528,1.4199999895936344e-05,9,5.285402218862249
insert,39,6815,7.300000106624793e-06,6,5.321928094887363
insert,40,795668,1.1800000265793642e-05,9,5.357552004618084
insert,41,844963,8.50000014906982e-06,7,5.392317422778761
insert,42,167415,7.099999947968172e-06,6,5.426264754702098
insert,43,732053,9.60000033956021e-06,8,5.459431618637297
insert,44,443144,8.099999831756577e-06,7,5.491853096329675
insert,45,356779,1.1000000085914508e-05,9,5.523561956057013
insert,46,291370,7.699999969190685e-06,7,5.554588851677638
insert,47,163033,1.0899999779212521e-05,9,5.584962500721156
insert,48,225773,6.8999997893115506e-06,6,5.614709844115208
insert,49,800582,1.1999999969702912e-05,10,5.643856189774724
insert,50,352945,7.79999982114532e-06,7,5.672425341971495
insert,51,107176,9.59999988481286e-06,8,5.700439718141093
insert,52,97252,6.9000002440589014e-06,6,5.727920454563199
insert,53,398383,7.999999979801942e-06,7,5.754887502163468
insert,54,101415,6.999999641266186e-06,6,5.78135971352466
insert,55,376418,1.0599999768601265e-05,9,5.807354922057604
insert,56,888663,6.9000002440589014e-06,6,5.832890014164741
insert,57,360664,1.0399999609944643e-05,9,5.857980995127572
insert,58,633053,8.200000138458563e-06,7,5.882643049361842
insert,59,277371,5.80000005356851e-06,5,5.906890595608519
insert,60,846336,1.0799999927257886e-05,9,5.930737337562887
insert,61,45562,7.099999947968172e-06,6,5.954196310386875
insert,62,765180,9.500000032858225e-06,8,5.977279923499917
insert,63,481742,8.299999990413198e-06,7,6.0
insert,64,562276,8.299999990413198e-06,7,6.022367813028454
insert,65,130890,1.0899999779212521e-05,8,6.044394119358453
insert,66,967097,8.800000159681076e-06,7,6.066089190457772
insert,67,396923,8.399999842367833e-06,7,6.087462841250339
insert,68,82628,1.0100000054080738e-05,8,6.108524456778169
insert,69,578857,8.099999831756577e-06,7,6.129283016944966
insert,70,307420,8.50000014906982e-06,7,6.149747119504682
insert,71,869694,8.199999683711212e-06,7,6.169925001442312
insert,72,659177,1.0600000223348616e-05,9,6.189824558880018
insert,73,648565,1.2599999990925426e-05,10,6.20945336562895
insert,74,928464,8.399999842367833e-06,7,6.22881869049588
insert,75,903566,7.999999979801942e-06,7,6.247927513443585
insert,76,379202,1.160000010713702e-05,9,6.266786540694901
insert,77,605398,7.999999979801942e-06,7,6.285402218862249
insert,78,201630,8.50000014906982e-06,7,6.303780748177103
insert,79,738798,7.000000096013537e-06,6,6.321928094887363
insert,80,72934,1.1500000255182385e-05,9,6.339850002884624
insert,81,48051,1.1499999800435035e-05,9,6.357552004618084
insert,82,693385,8.399999842367833e-06,7,6.3750394313469245
insert,83,238969,9.299999874201603e-06,8,6.392317422778761
insert,84,810621,7.999999979801942e-06,7,6.409390936137702
insert,85,303446,1.0700000075303251e-05,9,6.426264754702098
insert,86,83668,1.0899999779212521e-05,9,6.442943495848728
insert,87,896866,9.199999567499617e-06,8,6.459431618637297
insert,88,244099,9.200000022246968e-06,8,6.475733430966398
insert,89,908574,9.200000022246968e-06,8,6.491853096329675
insert,90,105908,1.13999999484804e-05,9,6.507794640198696
insert,91,398592,1.2599999990925426e-05,10,6.523561956057013
insert,92,291477,7.999999979801942e-06,7,6.539158811108031
insert,93,475436,8.000000434549293e-06,7,6.554588851677638
insert,94,666564,8.299999990413198e-06,7,6.569855608330948
insert,95,874629,9.200000022246968e-06,8,6.584962500721156
insert,96,382555,9.099999715544982e-06,8,6.599912842187128
insert,97,170556,1.1800000265793642e-05,10,6.614709844115208
insert,98,388163,1.13999999484804e-05,10,6.6293566200796095
insert,99,372529,8.900000011635711e-06,8,6.643856189774724
insert,100,219685,9.099999715544982e-06,8,6.658211482751795
insert,101,702730,1.1500000255182385e-05,9,6.672425341971495
insert,102,279947,1.0199999906035373e-05,8,6.6865005271832185
insert,103,735912,8.400000297115184e-06,7,6.700439718141093
insert,104,982154,9.299999874201603e-06,8,6.714245517666122
insert,105,716752,1.4799999917158857e-05,7,6.727920454563199
insert,106,679515,9.299999874201603e-06,8,6.7414669864011465
insert,107,74871,8.200000138458563e-06,7,6.754887502163468
insert,108,638721,1.2599999990925426e-05,10,6.768184324776926
insert,109,665823,1.250000013897079e-05,10,6.78135971352466
insert,110,179452,9.500000032858225e-06,8,6.794415866350106
insert,111,560087,1.0199999906035373e-05,8,6.807354922057604
insert,112,764545,8.099999831756577e-06,7,6.820178962415188
insert,113,256703,1.3300000318849925e-05,11,6.832890014164741
insert,114,171340,1.0599999768601265e-05,9,6.845490050944376
insert,115,484715,7.900000127847306e-06,7,6.857980995127572
insert,116,397888,9.100000170292333e-06,8,6.870364719583405
insert,117,283061,1.0799999927257886e-05,9,6.882643049361842
insert,118,970343,1.3100000160193304e-05,11,6.894817763307944
insert,119,671089,1.160000010713702e-05,10,6.906890595608519
insert,120,721591,1.2100000276404899e-05,10,6.918863237274595
insert,121,584005,8.099999831756577e-06,7,6.930737337562887
insert,122,230284,7.900000127847306e-06,7,6.94251450533924
insert,123,717871,9.200000022246968e-06,8,6.954196310386875
insert,124,340036,9.500000032858225e-06,8,6.965784284662087
insert,125,883795,1.1799999811046291e-05,10,6.977279923499917
insert,126,805636,8.999999863590347e-06,8,6.9886846867721655
insert,127,813695,9.200000022246968e-06,8,7.0
insert,128,58656,1.3299999864102574e-05,11,7.011227255423254
insert,129,240175,9.199999567499617e-06,8,7.022367813028454
insert,130,861723,1.2200000128359534e-05,10,7.03342300153745
insert,131,33660,9.200000022246968e-06,8,7.044394119358453
insert,132,844152,1.2299999980314169e-05,10,7.05528243550119
insert,133,330777,1.1799999811046291e-05,10,7.066089190457772
insert,134,420652,8.999999863590347e-06,8,7.076815597050831
insert,135,280747,9.100000170292333e-06,8,7.087462841250339
insert,136,69404,1.1799999811046291e-05,10,7.098032082960526
insert,137,221232,1.160000010713702e-05,10,7.108524456778169
insert,138,957493,1.2100000276404899e-05,10,7.118941072723508
insert,139,988713,1.0399999609944643e-05,9,7.129283016944966
insert,140,594732,1.160000010713702e-05,10,7.139551352398794
insert,141,918939,9.099999715544982e-06,8,7.149747119504682
insert,142,752788,1.0400000064691994e-05,9,7.159871336778389
insert,143,329964,1.3200000012147939e-05,11,7.169925001442312
insert,144,222956,9.200000022246968e-06,8,7.1799090900149345
insert,145,687278,1.3200000012147939e-05,11,7.189824558880018
insert,146,523482,1.1900000117748277e-05,10,7.199672344836364
insert,147,414851,1.140000040322775e-05,10,7.20945336562895
insert,148,927658,1.3199999557400588e-05,11,7.219168520462161
insert,149,958973,9.100000170292333e-06,8,7.22881869049588
insert,150,674080,1.3299999864102574e-05,11,7.2384047393250786
insert,151,481142,1.1800000265793642e-05,10,7.247927513443585
insert,152,149812,7.099999947968172e-06,6,7.257387842692652
insert,153,277747,9.200000022246968e-06,8,7.266786540694901
insert,154,146414,7.899999673099956e-06,7,7.2761244052742375
insert,155,258608,9.40000018090359e-06,8,7.285402218862249
insert,156,781178,9.100000170292333e-06,7,7.294620748891627
insert,157,588638,1.0799999927257886e-05,9,7.303780748177103
insert,158,565159,1.049999991664663e-05,9,7.312882955284356
insert,159,275505,1.0300000212737359e-05,9,7.321928094887363
insert,160,783301,1.250000013897079e-05,10,7.330916878114617
insert,161,612983,1.0399999609944643e-05,9,7.339850002884624
insert,162,449246,1.4000000192027073e-05,8,7.348728154231077
insert,163,941436,1.6699999832781032e-05,8,7.357552004618084
insert,164,611879,2.1500000002561137e-05,11,7.366322214245816
insert,165,418802,2.100000028804061e-05,9,7.3750394313469245
insert,166,379581,2.0500000118772732e-05,9,7.383704292474052
insert,167,229975,1.900000006571645e-05,9,7.392317422778761
insert,168,145052,1.44999999065476e-05,7,7.400879436282184
insert,169,534278,1.849999989644857e-05,9,7.409390936137702
insert,170,517489,2.3600000076839933e-05,11,7.417852514885898
insert,171,95326,1.1900000117748277e-05,9,7.426264754702098
insert,172,792496,1.1499999800435035e-05,9,7.434628227636725
insert,173,49406,1.359999987471383e-05,11,7.442943495848728
insert,174,902932,1.160000010713702e-05,8,7.451211111832329
insert,175,114976,1.2799999694834696e-05,10,7.459431618637297
insert,176,160266,8.299999990413198e-06,7,7.467605550082998
insert,177,657925,1.0000000202126103e-05,9,7.475733430966398
insert,178,167754,6.599999778700294e-06,7,7.483815777264256
insert,179,830556,7.699999969190685e-06,8,7.491853096329675
insert,180,713537,7.900000127847306e-06,8,7.499845887083206
insert,181,442667,7.499999810534064e-06,8,7.507794640198696
insert,182,625381,8.499999694322469e-06,9,7.515699838284043
insert,183,66614,7.499999810534064e-06,8,7.523561956057013
insert,184,403458,3.100000003541936e-05,9,7.531381460516312
insert,185,400157,3.90000000152213e-05,11,7.539158811108031
insert,186,624835,5.0999999984924216e-05,11,7.546894459887636
insert,187,490786,2.7499999760038918e-05,9,7.554588851677638
insert,188,554817,2.9300000278453808e-05,12,7.562242424221073
insert,189,263627,4.7900000026857015e-05,12,7.569855608330948
insert,190,580100,3.950000018448918e-05,11,7.577428828035749
insert,191,902593,1.609999981155852e-05,11,7.584962500721156
insert,192,988211,1.0900000233959872e-05,8,7.592457037268081
insert,193,12039,1.359999987471383e-05,10,7.599912842187128
insert,194,713329,1.250000013897079e-05,10,7.60733031374961
insert,195,755732,9.500000032858225e-06,8,7.614709844115208
insert,196,120117,9.399999726156238e-06,8,7.622051819456376
insert,197,714826,9.40000018090359e-06,8,7.6293566200796095
insert,198,927768,1.3100000160193304e-05,9,7.636624620543649
insert,199,563055,1.7700000171316788e-05,11,7.643856189774724
insert,200,787353,1.0900000233959872e-05,9,7.651051691178928
insert,201,279787,1.0799999927257886e-05,9,7.658211482751795
insert,202,805935,1.2900000001536682e-05,10,7.6653359171851765
insert,203,672098,1.140000040322775e-05,9,7.672425341971495
insert,204,356700,1.2900000001536682e-05,10,7.679480099505446
insert,205,116971,1.1699999959091656e-05,9,7.6865005271832185
insert,206,307758,1.5500000245083356e-05,11,7.693486957499325
insert,207,455885,1.160000010713702e-05,9,7.700439718141093
insert,208,165841,1.0100000054080738e-05,8,7.7073591320808825
insert,209,475764,0.00017529999968246557,11,7.714245517666122
insert,210,3403,1.0100000054080738e-05,8,7.721099188707186
insert,211,757169,1.250000013897079e-05,10,7.727920454563199
insert,212,918399,1.0799999927257886e-05,9,7.734709620225838
insert,213,754640,1.2699999842880061e-05,10,7.7414669864011465
insert,214,276184,1.3500000022759195e-05,11,7.7481928495894605
insert,215,524903,1.0599999768601265e-05,9,7.754887502163468
insert,216,798976,9.299999874201603e-06,8,7.7615512324444795
insert,217,187331,1.0600000223348616e-05,9,7.768184324776926
insert,218,532343,1.1699999959091656e-05,10,7.774787059601174
insert,219,956960,1.049999991664663e-05,9,7.78135971352466
insert,220,111580,1.3800000033370452e-05,11,7.787902559391432
insert,221,912805,1.2999999853491317e-05,11,7.794415866350106
insert,222,655675,1.3000000308238668e-05,11,7.800899899920305
insert,223,312943,1.3800000033370452e-05,11,7.807354922057604
insert,224,882555,9.699999736767495e-06,8,7.813781191217037
insert,225,669988,1.049999991664663e-05,9,7.820178962415188
insert,226,532324,1.3999999737279722e-05,12,7.826548487290915
insert,227,638552,9.100000170292333e-06,9,7.832890014164741
insert,228,208574,7.500000265281415e-06,8,7.839203788096944
insert,229,160264,8.800000159681076e-06,9,7.845490050944376
insert,230,392078,8.50000014906982e-06,9,7.851749041416058
insert,231,799551,9.800000043469481e-06,10,7.857980995127572
insert,232,169397,8.50000014906982e-06,9,7.86418614465428
insert,233,565580,9.700000191514846e-06,10,7.870364719583405
insert,234,999817,8.200000138458563e-06,8,7.876516946564999
insert,235,816450,9.899999895424116e-06,10,7.882643049361842
insert,236,967243,7.699999969190685e-06,8,7.888743248898259
insert,237,556117,1.2399999832268804e-05,10,7.894817763307944
insert,238,963111,8.600000001024455e-06,9,7.900866807980749
insert,239,600,9.800000043469481e-06,10,7.906890595608519
insert,240,628039,9.59999988481286e-06,10,7.912889336229962
insert,241,339903,8.69999985297909e-06,9,7.918863237274595
insert,242,512341,1.0599999768601265e-05,11,7.92481250360578
insert,243,20423,1.1000000085914508e-05,11,7.930737337562887
insert,244,117302,1.1999999969702912e-05,12,7.936637939002571
insert,245,974231,7.79999982114532e-06,8,7.94251450533924
insert,246,380613,1.0700000075303251e-05,11,7.948367231584678
insert,247,921407,1.0599999768601265e-05,11,7.954196310386875
insert,248,872065,7.900000127847306e-06,8,7.9600019320680815
insert,249,845965,8.600000001024455e-06,8,7.965784284662087
insert,250,322452,9.299999874201603e-06,9,7.971543553950772
insert,251,251084,1.2399999832268804e-05,11,7.977279923499917
insert,252,60739,9.800000043469481e-06,9,7.98299357469431
insert,253,252573,8.600000001024455e-06,9,7.9886846867721655
insert,254,920660,1.2399999832268804e-05,12,7.994353436858858
insert,255,594917,9.100000170292333e-06,9,8.0
insert,256,992949,1.1000000085914508e-05,11,8.005624549193879
insert,257,82583,9.59999988481286e-06,9,8.011227255423254
insert,258,89815,8.999999863590347e-06,9,8.016808287686555
insert,259,767461,1.0199999906035373e-05,10,8.022367813028454
insert,260,509598,1.0100000054080738e-05,10,8.027905996569885
insert,261,855663,1.2200000128359534e-05,12,8.03342300153745
insert,262,72575,7.699999969190685e-06,8,8.038918989292302
insert,263,797550,1.2200000128359534e-05,12,8.044394119358454
insert,264,558583,1.3500000022759195e-05,13,8.049848549450562
insert,265,803036,8.69999985297909e-06,9,8.055282435501189
insert,266,131870,8.600000001024455e-06,9,8.060695931687555
insert,267,134629,1.1799999811046291e-05,12,8.066089190457772
insert,268,691799,8.69999985297909e-06,9,8.071462362556623
insert,269,498370,1.1500000255182385e-05,12,8.076815597050832
insert,270,992843,1.0899999779212521e-05,11,8.08214904135387
insert,271,576511,8.600000001024455e-06,9,8.087462841250339
insert,272,173149,8.69999985297909e-06,9,8.092757140919852
insert,273,277933,1.2099999821657548e-05,12,8.098032082960527
insert,274,553307,1.1799999811046291e-05,12,8.103287808412022
insert,275,914813,7.499999810534064e-06,8,8.108524456778168
insert,276,636060,1.0599999768601265e-05,11,8.113742166049189
insert,277,443693,9.60000033956021e-06,10,8.118941072723507
insert,278,222087,9.500000032858225e-06,10,8.124121311829187
insert,279,974037,8.69999985297909e-06,9,8.129283016944967
insert,280,565493,1.0700000075303251e-05,11,8.134426320220927
insert,281,791953,1.1900000117748277e-05,12,8.139551352398794
insert,282,765389,1.1199999789823778e-05,11,8.144658242831882
insert,283,723379,8.50000014906982e-06,9,8.149747119504681
insert,284,210923,1.0799999927257886e-05,11,8.154818109052105
insert,285,747582,7.800000275892671e-06,8,8.159871336778389
insert,286,326859,1.1900000117748277e-05,12,8.164906926675688
insert,287,418374,1.1000000085914508e-05,11,8.169925001442312
insert,288,704315,8.600000001024455e-06,9,8.174925682500678
insert,289,681447,8.499999694322469e-06,9,8.179909090014934
insert,290,391560,1.1799999811046291e-05,12,8.184875342908283
insert,291,459382,1.160000010713702e-05,12,8.189824558880018
insert,292,943314,1.1000000085914508e-05,11,8.194756854422248
insert,293,542718,1.2699999842880061e-05,13,8.199672344836364
insert,294,473418,9.40000018090359e-06,10,8.204571144249204
insert,295,126883,1.0700000075303251e-05,11,8.20945336562895
insert,296,259948,8.800000159681076e-06,9,8.214319120800766
insert,297,235613,7.699999969190685e-06,8,8.219168520462162
insert,298,67137,8.600000001024455e-06,9,8.224001674198105
insert,299,354509,8.700000307726441e-06,9,8.228818690495881
insert,300,22057,1.049999991664663e-05,11,8.233619676759702
insert,301,616887,9.800000043469481e-06,10,8.238404739325079
insert,302,580829,8.799999704933725e-06,9,8.243173983472952
insert,303,241293,8.799999704933725e-06,9,8.247927513443585
insert,304,617025,1.2900000001536682e-05,13,8.252665432450248
insert,305,230915,7.699999969190685e-06,8,8.257387842692651
insert,306,7541,9.500000032858225e-06,10,8.262094845370179
insert,307,74442,8.399999842367833e-06,9,8.266786540694902
insert,308,742226,8.69999985297909e-06,9,8.271463027904375
insert,309,661760,9.500000032858225e-06,10,8.276124405274238
insert,310,61734,8.700000307726441e-06,9,8.280770770130603
insert,311,240063,8.600000001024455e-06,9,8.285402218862249
insert,312,70675,1.0799999927257886e-05,11,8.290018846932618
insert,313,949402,8.69999985297909e-06,9,8.294620748891628
insert,314,32939,8.600000001024455e-06,9,8.29920801838728
insert,315,901394,9.899999895424116e-06,10,8.303780748177102
insert,316,346480,8.69999985297909e-06,9,8.308339030139408
insert,317,74300,1.0700000075303251e-05,11,8.312882955284355
insert,318,539132,1.2900000001536682e-05,13,8.31741261376487
insert,319,249566,8.600000001024455e-06,9,8.321928094887362
insert,320,292005,7.699999969190685e-06,8,8.326429487122303
insert,321,701475,8.400000297115184e-06,9,8.330916878114618
insert,322,508994,1.2599999990925426e-05,13,8.335390354693924
insert,323,224644,8.600000001024455e-06,9,8.339850002884624
insert,324,565428,1.2299999980314169e-05,12,8.344295907915816
insert,325,138740,8.999999863590347e-06,9,8.348728154231077
insert,326,758491,7.999999979801942e-06,8,8.353146825498083
insert,327,980958,9.500000032858225e-06,9,8.357552004618084
insert,328,925246,1.2100000276404899e-05,11,8.361943773735241
insert,329,598783,9.899999895424116e-06,10,8.366322214245816
insert,330,604202,1.4600000213249587e-05,12,8.370687406807217
insert,331,495632,9.800000043469481e-06,10,8.375039431346925
insert,332,254802,1.2099999821657548e-05,12,8.379378367071261
insert,333,822734,9.700000191514846e-06,10,8.383704292474052
insert,334,495949,1.2399999832268804e-05,12,8.388017285345136
insert,335,846722,8.600000001024455e-06,9,8.39231742277876
insert,336,426834,8.69999985297909e-06,9,8.396604781181859
insert,337,199660,1.1000000085914508e-05,11,8.400879436282183
insert,338,98908,1.1999999969702912e-05,12,8.405141463136344
insert,339,101640,8.50000014906982e-06,9,8.409390936137703
insert,340,690994,1.1900000117748277e-05,12,8.413627929024173
insert,341,451990,9.40000018090359e-06,10,8.417852514885897
insert,342,371508,1.0999999631167157e-05,11,8.422064766172813
insert,343,444155,1.160000010713702e-05,12,8.426264754702098
insert,344,431072,1.1999999969702912e-05,12,8.430452551665532
insert,345,489711,8.600000001024455e-06,9,8.434628227636725
insert,346,905799,8.700000307726441e-06,9,8.43879185257826
insert,347,764492,1.1000000085914508e-05,11,8.442943495848729
insert,348,56803,1.0999999631167157e-05,11,8.447083226209653
insert,349,706074,1.0599999768601265e-05,11,8.451211111832329
insert,350,685198,1.0599999768601265e-05,11,8.45532722030456
insert,351,677569,9.59999988481286e-06,10,8.459431618637296
insert,352,103199,1.1900000117748277e-05,12,8.46352437327118
insert,353,63557,1.0700000075303251e-05,11,8.467605550082997
insert,354,422180,9.899999895424116e-06,10,8.471675214392045
insert,355,763588,9.59999988481286e-06,10,8.475733430966399
insert,356,355785,1.2900000001536682e-05,12,8.479780264029099
insert,357,839483,1.0000000202126103e-05,10,8.483815777264256
insert,358,903530,8.800000159681076e-06,9,8.487840033823051
insert,359,114577,9.800000043469481e-06,10,8.491853096329674
insert,360,260736,1.1199999789823778e-05,11,8.49585502688717
insert,361,200897,8.799999704933725e-06,9,8.499845887083206
insert,362,199449,8.50000014906982e-06,9,8.50382573799575
insert,363,562337,8.800000159681076e-06,9,8.507794640198696
insert,364,470406,9.500000032858225e-06,10,8.51175265376738
insert,365,146992,7.699999969190685e-06,8,8.515699838284043
insert,366,442375,9.59999988481286e-06,10,8.519636252843213
insert,367,192402,1.1699999959091656e-05,12,8.523561956057012
insert,368,292076,1.0899999779212521e-05,11,8.527477006060396
insert,369,485101,1.1900000117748277e-05,12,8.531381460516313
insert,370,261942,9.500000032858225e-06,10,8.535275376620802
insert,371,916965,9.899999895424116e-06,10,8.539158811108031
insert,372,968115,8.800000159681076e-06,9,8.543031820255237
insert,373,79047,8.69999985297909e-06,9,8.546894459887637
insert,374,464657,1.2799999694834696e-05,13,8.550746785383243
insert,375,847273,9.59999988481286e-06,10,8.554588851677638
insert,376,903190,1.2000000424450263e-05,12,8.558420713268664
insert,377,897547,1.2099999821657548e-05,11,8.562242424221072
insert,378,577058,1.2200000128359534e-05,12,8.566054038171092
insert,379,102665,9.899999895424116e-06,10,8.569855608330947
insert,380,53046,9.700000191514846e-06,10,8.573647187493322
insert,381,683824,1.2900000001536682e-05,13,8.57742882803575
insert,382,566848,1.1099999937869143e-05,11,8.581200581924957
insert,383,876639,9.79999958872213e-06,10,8.584962500721156
insert,384,15475,9.59999988481286e-06,10,8.588714635582264
insert,385,97794,8.69999985297909e-06,9,8.59245703726808
insert,386,971367,1.0700000075303251e-05,11,8.59618975614441
insert,387,790171,1.2299999980314169e-05,12,8.599912842187127
insert,388,889922,8.800000159681076e-06,9,8.603626344986193
insert,389,247862,1.1999999969702912e-05,12,8.60733031374961
insert,390,174390,9.800000043469481e-06,10,8.611024797307353
insert,391,426157,1.2900000001536682e-05,13,8.614709844115207
insert,392,509232,9.699999736767495e-06,10,8.618385502258606
insert,393,504741,9.60000033956021e-06,10,8.622051819456376
insert,394,224131,1.0599999768601265e-05,11,8.625708843064466
insert,395,906652,1.2099999821657548e-05,12,8.62935662007961
insert,396,420522,8.600000001024455e-06,9,8.632995197142957
insert,397,946280,1.0700000075303251e-05,11,8.63662462054365
insert,398,61484,9.500000032858225e-06,10,8.640244936222345
insert,399,172635,8.700000307726441e-06,9,8.643856189774725
insert,400,397383,1.0599999768601265e-05,11,8.64745842645492
insert,401,2261,1.1699999959091656e-05,12,8.651051691178928
insert,402,409387,8.799999704933725e-06,9,8.654636028527968
insert,403,278086,9.800000043469481e-06,10,8.658211482751796
insert,404,971525,1.2099999821657548e-05,12,8.661778097771988
insert,405,822158,1.2900000001536682e-05,13,8.665335917185176
insert,406,823268,1.2700000297627412e-05,13,8.668884984266247
insert,407,477111,8.600000001024455e-06,9,8.672425341971495
insert,408,299106,8.600000001024455e-06,9,8.67595703294175
insert,409,443556,9.60000033956021e-06,10,8.679480099505446
insert,410,730430,1.2900000001536682e-05,13,8.682994583681683
insert,411,765991,9.699999736767495e-06,10,8.686500527183219
insert,412,821415,9.59999988481286e-06,10,8.689997971419446
insert,413,582766,1.1900000117748277e-05,12,8.693486957499324
insert,414,694023,1.0300000212737359e-05,11,8.696967526234287
insert,415,753306,1.1700000413839007e-05,12,8.700439718141093
insert,416,510312,9.500000032858225e-06,10,8.703903573444663
insert,417,162317,7.599999662488699e-06,8,8.707359132080883
insert,418,199123,1.2399999832268804e-05,11,8.710806433699352
insert,419,311121,3.779999997277628e-05,9,8.714245517666123
insert,420,228276,1.1999999969702912e-05,11,8.717676423066397
insert,421,61325,1.5300000086426735e-05,13,8.721099188707186
insert,422,607315,9.699999736767495e-06,10,8.72451385311995
insert,423,771477,9.999999747378752e-06,10,8.727920454563199
insert,424,568533,8.799999704933725e-06,9,8.731319031025064
insert,425,63919,9.59999988481286e-06,10,8.734709620225837
insert,426,784310,8.800000159681076e-06,9,8.73809225962049
insert,427,328839,9.699999736767495e-06,10,8.741466986401146
insert,428,59943,1.3100000160193304e-05,13,8.744833837499545
insert,429,52579,1.1800000265793642e-05,12,8.74819284958946
insert,430,612555,9.59999988481286e-06,10,8.751544059089099
insert,431,499949,1.1699999959091656e-05,12,8.754887502163468
insert,432,527277,1.1500000255182385e-05,12,8.758223214726724
insert,433,964048,9.999999747378752e-06,10,8.761551232444479
insert,434,894142,1.1999999969702912e-05,12,8.76487159073609
insert,435,556927,8.999999863590347e-06,9,8.768184324776927
insert,436,165081,8.799999704933725e-06,9,8.7714894695006
insert,437,59643,1.159999965238967e-05,12,8.774787059601174
insert,438,532497,8.600000001024455e-06,9,8.778077129535358
insert,439,84003,1.0900000233959872e-05,11,8.78135971352466
insert,440,892698,1.0899999779212521e-05,11,8.784634845557521
insert,441,194852,1.0700000075303251e-05,11,8.787902559391432
insert,442,71850,1.2800000149582047e-05,13,8.791162888555018
insert,443,623940,9.700000191514846e-06,10,8.794415866350105
insert,444,71263,1.2900000001536682e-05,13,8.79766152585376
insert,445,708012,1.2900000001536682e-05,13,8.800899899920305
insert,446,903683,9.700000191514846e-06,10,8.804131021183318
insert,447,246630,9.700000191514846e-06,10,8.807354922057604
insert,448,423390,1.2900000001536682e-05,13,8.810571634741146
insert,449,125711,1.1999999969702912e-05,12,8.813781191217037
insert,450,987336,7.79999982114532e-06,8,8.81698362325538
insert,451,933534,8.799999704933725e-06,9,8.820178962415188
insert,452,597348,1.2999999853491317e-05,13,8.823367240046235
insert,453,258176,1.0300000212737359e-05,10,8.826548487290914
insert,454,607041,1.1699999959091656e-05,12,8.829722735086058
insert,455,623399,1.159999965238967e-05,12,8.832890014164741
insert,456,41673,1.0899999779212521e-05,11,8.83605035505807
insert,457,649469,9.699999736767495e-06,10,8.839203788096944
insert,458,85966,8.800000159681076e-06,9,8.842350343413807
insert,459,439590,9.699999736767495e-06,10,8.845490050944376
insert,460,689306,1.4299999747890979e-05,14,8.848622940429339
insert,461,612025,9.40000018090359e-06,10,8.851749041416058
insert,462,592684,1.2800000149582047e-05,13,8.854868383260236
insert,463,548178,9.700000191514846e-06,10,8.857980995127573
insert,464,331738,9.800000043469481e-06,10,8.861086905995395
insert,465,980111,8.69999985297909e-06,9,8.86418614465428
insert,466,273433,8.69999985297909e-06,9,8.867278739709661
insert,467,214182,8.799999704933725e-06,9,8.870364719583405
insert,468,702259,1.049999991664663e-05,11,8.873444112515376
insert,469,750982,9.700000191514846e-06,10,8.876516946565
insert,470,329446,1.2799999694834696e-05,13,8.879583249612784
insert,471,250281,9.700000191514846e-06,10,8.88264304936184
insert,472,278518,1.2900000001536682e-05,13,8.885696373339396
insert,473,415012,1.3099999705445953e-05,13,8.888743248898258
insert,474,137236,1.0899999779212521e-05,11,8.89178370321831
insert,475,704319,1.2900000001536682e-05,13,8.894817763307943
insert,476,676857,1.2599999990925426e-05,13,8.897845456005511
insert,477,314570,9.500000032858225e-06,10,8.900866807980748
insert,478,479435,1.2099999821657548e-05,12,8.90388184573618
insert,479,331536,1.1799999811046291e-05,12,8.906890595608518
insert,480,974147,1.2200000128359534e-05,12,8.909893083770042
insert,481,788388,9.800000043469481e-06,10,8.912889336229961
insert,482,981189,8.800000159681076e-06,9,8.915879378835774
insert,483,76067,1.1000000085914508e-05,11,8.918863237274595
insert,484,9768,1.5299999631679384e-05,12,8.92184093707449
insert,485,480548,9.60000033956021e-06,10,8.92481250360578
insert,486,651333,1.2700000297627412e-05,13,8.927777962082342
insert,487,590342,1.0600000223348616e-05,11,8.930737337562887
insert,488,104838,1.0000000202126103e-05,10,8.933690654952233
insert,489,76820,9.500000032858225e-06,10,8.936637939002571
insert,490,563751,8.69999985297909e-06,9,8.939579214314692
insert,491,223509,1.2099999821657548e-05,12,8.94251450533924
insert,492,530459,9.59999988481286e-06,10,8.945443836377912
insert,493,278083,1.3000000308238668e-05,13,8.948367231584678
insert,494,138891,1.0700000075303251e-05,11,8.951284714966972
insert,495,978594,1.1900000117748277e-05,12,8.954196310386875
insert,496,365963,8.800000159681076e-06,9,8.957102041562287
insert,497,923654,1.2099999821657548e-05,12,8.960001932068081
insert,498,72133,1.250000013897079e-05,12,8.96289600533726
insert,499,921982,9.699999736767495e-06,10,8.965784284662087
insert,500,256151,9.899999895424116e-06,10,8.968666793195208
insert,501,387478,1.1099999937869143e-05,10,8.971543553950772
insert,502,298831,1.1000000085914508e-05,11,8.974414589805527
insert,503,165410,1.2299999980314169e-05,12,8.977279923499916
insert,504,459470,1.3000000308238668e-05,13,8.980139577639157
insert,505,874245,1.250000013897079e-05,9,8.98299357469431
insert,506,569606,1.2299999980314169e-05,12,8.98584193700334
insert,507,737716,9.500000032858225e-06,10,8.988684686772165
insert,508,317213,1.2700000297627412e-05,13,8.991521846075695
insert,509,641391,9.700000191514846e-06,10,8.994353436858859
insert,510,846306,1.0100000054080738e-05,10,8.997179480937621
insert,511,685744,9.800000043469481e-06,10,9.0
insert,512,554635,9.500000032858225e-06,10,9.002815015607053
insert,513,8204,1.2999999853491317e-05,13,9.005624549193879
insert,514,700306,1.13999999484804e-05,11,9.00842862207058
insert,515,856796,1.1899999663000926e-05,12,9.011227255423254
insert,516,581543,1.3600000329461182e-05,11,9.014020470314934
insert,517,313922,1.3299999864102574e-05,13,9.016808287686555
insert,518,977018,1.1000000085914508e-05,11,9.019590728357882
insert,519,695614,1.3800000033370452e-05,14,9.022367813028454
insert,520,108619,9.899999895424116e-06,10,9.025139562278508
insert,521,984540,1.0799999927257886e-05,11,9.027905996569885
insert,522,920783,9.800000043469481e-06,10,9.030667136246942
insert,523,140815,1.1999999969702912e-05,12,9.03342300153745
insert,524,277313,9.59999988481286e-06,10,9.036173612553485
insert,525,121036,1.2299999980314169e-05,12,9.038918989292302
insert,526,932932,9.899999895424116e-06,10,9.041659151637214
insert,527,112236,1.1999999969702912e-05,12,9.044394119358454
insert,528,778481,9.60000033956021e-06,10,9.047123912114026
insert,529,580098,1.0899999779212521e-05,11,9.049848549450562
insert,530,162999,8.999999863590347e-06,9,9.052568050804153
insert,531,285578,8.799999704933725e-06,9,9.055282435501189
insert,532,295443,1.1999999969702912e-05,12,9.057991722759176
insert,533,634211,9.59999988481286e-06,10,9.060695931687555
insert,534,220862,8.600000001024455e-06,9,9.06339508128851
insert,535,752471,1.3099999705445953e-05,13,9.066089190457772
insert,536,359537,8.600000001024455e-06,9,9.068778277985412
insert,537,213488,1.1699999959091656e-05,12,9.071462362556623
insert,538,720893,1.0799999927257886e-05,11,9.074141462752506
insert,539,665047,1.1900000117748277e-05,12,9.076815597050832
insert,540,894344,9.800000043469481e-06,10,9.079484783826816
insert,541,276808,1.2799999694834696e-05,13,9.08214904135387
insert,542,529960,1.1799999811046291e-05,12,9.084808387804362
insert,543,512263,1.3000000308238668e-05,13,9.087462841250339
insert,544,263320,1.1800000265793642e-05,12,9.090112419664289
insert,545,949315,1.2400000287016155e-05,12,9.092757140919852
insert,546,952274,1.1900000117748277e-05,12,9.095397022792557
insert,547,887205,1.1899999663000926e-05,9,9.098032082960527
insert,548,53267,1.5300000086426735e-05,12,9.100662339005199
insert,549,96782,9.200000022246968e-06,9,9.103287808412022
insert,550,665096,1.3099999705445953e-05,13,9.105908508571158
insert,551,444152,1.2100000276404899e-05,12,9.108524456778168
insert,552,869635,9.800000043469481e-06,10,9.111135670234708
insert,553,290121,7.79999982114532e-06,8,9.113742166049189
insert,554,46229,1.1800000265793642e-05,12,9.116343961237469
insert,555,3718,8.600000001024455e-06,9,9.118941072723507
insert,556,349760,9.800000043469481e-06,10,9.121533517340032
insert,557,808578,1.0000000202126103e-05,10,9.124121311829187
insert,558,137175,1.0700000075303251e-05,11,9.12670447284319
insert,559,668062,6.359999997584964e-05,13,9.129283016944967
insert,560,274681,9.800000043469481e-06,10,9.131856960608793
insert,561,169431,1.1899999663000926e-05,12,9.134426320220927
insert,562,777237,1.0000000202126103e-05,10,9.13699111208023
insert,563,463299,1.0799999927257886e-05,11,9.139551352398794
insert,564,578479,1.0700000075303251e-05,11,9.14210705730255
insert,565,739946,1.1699999959091656e-05,12,9.144658242831882
insert,566,448463,9.40000018090359e-06,10,9.147204924942228
insert,567,588154,1.0299999757990008e-05,11,9.149747119504681
insert,568,10140,1.2199999673612183e-05,12,9.152284842306582
insert,569,117309,9.899999895424116e-06,10,9.154818109052105
insert,570,78899,1.1799999811046291e-05,12,9.157346935362844
insert,571,990958,9.899999895424116e-06,10,9.159871336778389
insert,572,926005,9.60000033956021e-06,10,9.162391328756906
insert,573,724587,1.2800000149582047e-05,13,9.164906926675688
insert,574,947838,8.600000001024455e-06,9,9.167418145831737
insert,575,156295,9.699999736767495e-06,10,9.169925001442312
insert,576,572093,1.0400000064691994e-05,11,9.172427508645482
insert,577,37779,1.1999999969702912e-05,12,9.174925682500678
insert,578,875137,8.700000307726441e-06,9,9.177419537989236
insert,579,387152,1.1900000117748277e-05,12,9.179909090014934
insert,580,610806,1.2599999990925426e-05,10,9.18239435340453
insert,581,579365,1.8700000055105193e-05,13,9.184875342908283
insert,582,155288,2.1300000298651867e-05,12,9.187352073200497
insert,583,450665,1.7500000012660166e-05,12,9.189824558880018
insert,584,133637,1.0999999631167157e-05,11,9.192292814470767
insert,585,43861,1.1499999800435035e-05,11,9.194756854422248
insert,586,323233,2.0200000108161476e-05,10,9.197216693110052
insert,587,382365,1.6800000139483018e-05,10,9.199672344836364
insert,588,942651,1.720000000204891e-05,12,9.20212382383046
insert,589,978414,1.44999999065476e-05,11,9.204571144249204
insert,590,834795,1.1099999937869143e-05,11,9.207014320177532
insert,591,902513,1.0000000202126103e-05,10,9.20945336562895
insert,592,41833,1.2100000276404899e-05,12,9.211888294546004
insert,593,942591,9.800000043469481e-06,10,9.214319120800766
insert,594,375191,9.099999715544982e-06,9,9.216745858195306
insert,595,220282,1.2299999980314169e-05,12,9.219168520462162
insert,596,715199,1.430000020263833e-05,14,9.221587121264806
insert,597,261651,1.2200000128359534e-05,12,9.224001674198105
insert,598,699331,1.3299999864102574e-05,13,9.226412192788786
insert,599,107787,1.3299999864102574e-05,13,9.228818690495881
insert,600,370859,9.899999895424116e-06,10,9.231221180711186
insert,601,818012,1.3099999705445953e-05,13,9.233619676759702
insert,602,587081,1.3000000308238668e-05,13,9.236014191900084
insert,603,927083,1.1999999969702912e-05,12,9.238404739325079
insert,604,917203,1.2200000128359534e-05,12,9.240791332161956
insert,605,426118,1.1200000244571129e-05,11,9.243173983472952
insert,606,650811,1.2200000128359534e-05,12,9.245552706255681
insert,607,785885,9.59999988481286e-06,10,9.247927513443585
insert,608,162061,9.899999895424116e-06,10,9.250298417906333
insert,609,970734,8.69999985297909e-06,9,9.252665432450248
insert,610,975051,8.700000307726441e-06,9,9.25502856981873
insert,611,248238,1.0000000202126103e-05,10,9.257387842692651
insert,612,906605,1.1500000255182385e-05,10,9.259743263690781
insert,613,170396,1.1499999800435035e-05,11,9.262094845370179
insert,614,838743,1.0299999757990008e-05,10,9.264442600226602
insert,615,850156,1.2099999821657548e-05,10,9.266786540694902
insert,616,185653,1.1200000244571129e-05,10,9.269126679149418
insert,617,924232,1.3200000012147939e-05,13,9.271463027904375
insert,618,432323,1.3099999705445953e-05,13,9.273795599214264
insert,619,25991,1.0000000202126103e-05,10,9.276124405274238
insert,620,188074,9.59999988481286e-06,10,9.278449458220482
insert,621,772344,9.700000191514846e-06,10,9.280770770130603
insert,622,969396,1.1000000085914508e-05,11,9.283088353024002
insert,623,348322,1.3100000160193304e-05,13,9.285402218862249
insert,624,820392,1.06999996205559e-05,11,9.287712379549449
insert,625,976032,9.800000043469481e-06,10,9.290018846932618
insert,626,431713,1.3100000160193304e-05,13,9.29232163280204
insert,627,841205,9.60000033956021e-06,10,9.294620748891628
insert,628,702449,1.1799999811046291e-05,12,9.296916206879288
insert,629,906037,1.2999999853491317e-05,13,9.29920801838728
insert,630,770764,1.2800000149582047e-05,13,9.30149619498255
insert,631,850133,1.1999999969702912e-05,12,9.303780748177102
insert,632,260223,1.2599999990925426e-05,10,9.306061689428342
insert,633,279767,1.2099999821657548e-05,12,9.308339030139408
insert,634,166932,1.06999996205559e-05,11,9.310612781659529
insert,635,825623,1.1799999811046291e-05,12,9.312882955284355
insert,636,735344,9.59999988481286e-06,10,9.3151495622563
insert,637,113347,1.1900000117748277e-05,12,9.31741261376487
insert,638,401125,1.0900000233959872e-05,11,9.319672120946995
insert,639,914534,1.3000000308238668e-05,13,9.321928094887362
insert,640,40606,1.2100000276404899e-05,12,9.324180546618742
insert,641,900301,9.899999895424116e-06,10,9.326429487122303
insert,642,493555,9.000000318337698e-06,9,9.328674927327947
insert,643,233239,9.700000191514846e-06,10,9.330916878114618
insert,644,209268,1.0900000233959872e-05,11,9.333155350310616
insert,645,856254,1.1699999959091656e-05,12,9.335390354693924
insert,646,963067,9.700000191514846e-06,10,9.337621901992508
insert,647,482663,9.500000032858225e-06,10,9.339850002884624
insert,648,366644,1.2800000149582047e-05,13,9.342074667999139
insert,649,320016,9.800000043469481e-06,10,9.344295907915816
insert,650,860395,9.59999988481286e-06,10,9.346513733165635
insert,651,833981,9.59999988481286e-06,10,9.348728154231077
insert,652,913649,1.1900000117748277e-05,12,9.350939181546432
insert,653,238652,8.69999985297909e-06,9,9.353146825498083
insert,654,233753,1.160000010713702e-05,12,9.355351096424812
insert,655,24814,1.2900000001536682e-05,13,9.357552004618084
insert,656,692095,1.2599999990925426e-05,11,9.35974956032233
insert,657,202512,8.900000011635711e-06,9,9.361943773735241
insert,658,417822,1.2999999853491317e-05,13,9.364134655008051
insert,659,344208,1.340000017080456e-05,13,9.366322214245816
insert,660,292137,1.2400000287016155e-05,12,9.368506461507693
insert,661,906340,1.3299999864102574e-05,13,9.370687406807217
insert,662,72793,8.900000011635711e-06,9,9.372865060112588
insert,663,810892,1.1699999959091656e-05,10,9.375039431346925
insert,664,292684,1.1999999969702912e-05,12,9.377210530388552
insert,665,368204,1.1699999959091656e-05,12,9.379378367071261
insert,666,672643,1.1900000117748277e-05,12,9.381542951184585
insert,667,534151,1.0100000054080738e-05,10,9.383704292474052
insert,668,419094,9.800000043469481e-06,10,9.38586240064146
insert,669,712527,1.049999991664663e-05,11,9.388017285345136
insert,670,884643,1.2099999821657548e-05,12,9.390168956200183
insert,671,562263,8.900000011635711e-06,9,9.39231742277876
insert,672,347236,9.59999988481286e-06,10,9.394462694610317
insert,673,984862,9.800000043469481e-06,10,9.396604781181859
insert,674,28942,1.2399999832268804e-05,10,9.398743691938193
insert,675,120945,1.0900000233959872e-05,11,9.400879436282183
insert,676,919642,1.0700000075303251e-05,11,9.403012023574997
insert,677,273904,1.1999999969702912e-05,12,9.405141463136344
insert,678,187242,1.1799999811046291e-05,12,9.407267764244732
insert,679,608793,1.2900000001536682e-05,13,9.409390936137703
insert,680,278362,1.1999999969702912e-05,12,9.411510988012072
insert,681,40116,9.700000191514846e-06,10,9.413627929024173
insert,682,113669,1.1900000117748277e-05,12,9.41574176829009
insert,683,625551,1.1999999969702912e-05,12,9.417852514885897
insert,684,455674,1.0799999927257886e-05,11,9.419960177847889
insert,685,362480,1.1699999959091656e-05,12,9.422064766172813
insert,686,763935,1.4100000043981709e-05,14,9.4241662888181
insert,687,824630,1.0799999927257886e-05,11,9.426264754702098
insert,688,328915,1.3200000012147939e-05,13,9.428360172704291
insert,689,457593,1.0799999927257886e-05,11,9.430452551665532
insert,690,635657,1.2999999853491317e-05,13,9.432541900388259
insert,691,536266,9.699999736767495e-06,10,9.434628227636725
insert,692,121264,1.0799999927257886e-05,11,9.436711542137214
insert,693,403907,1.0899999779212521e-05,11,9.43879185257826
insert,694,943200,9.800000043469481e-06,10,9.44086916761087
insert,695,604597,1.050000037139398e-05,11,9.442943495848729
insert,696,199313,1.0799999927257886e-05,11,9.445014845868423
insert,697,267096,9.800000043469481e-06,10,9.447083226209653
insert,698,46543,1.3299999864102574e-05,13,9.449148645375436
insert,699,743216,1.1700000413839007e-05,12,9.451211111832329
insert,700,457240,1.2900000001536682e-05,13,9.453270634010623
insert,701,1774,8.800000159681076e-06,9,9.45532722030456
insert,702,545176,1.3099999705445953e-05,13,9.457380879072534
insert,703,970536,1.0799999927257886e-05,11,9.459431618637296
insert,704,845688,9.800000043469481e-06,10,9.461479447286155
insert,705,564608,1.2299999980314169e-05,12,9.46352437327118
insert,706,720222,1.2800000149582047e-05,13,9.4655664048094
insert,707,754378,1.0799999927257886e-05,11,9.467605550082997
insert,708,985938,1.2299999980314169e-05,12,9.469641817239516
insert,709,777992,1.1699999959091656e-05,12,9.471675214392045
insert,710,772841,1.1999999969702912e-05,12,9.473705749619416
insert,711,703205,9.699999736767495e-06,10,9.475733430966399
insert,712,206607,1.0799999927257886e-05,11,9.477758266443889
insert,713,381914,1.3100000160193304e-05,13,9.479780264029099
insert,714,452249,1.3900000340072438e-05,14,9.481799431665753
insert,715,73373,1.0799999927257886e-05,11,9.483815777264256
insert,716,994968,9.800000043469481e-06,10,9.485829308701904
insert,717,696504,1.359999987471383e-05,11,9.487840033823051
insert,718,965499,1.0100000054080738e-05,10,9.489847960439297
insert,719,346240,1.049999991664663e-05,11,9.491853096329674
insert,720,653426,1.0700000075303251e-05,11,9.493855449240822
insert,721,329165,1.1799999811046291e-05,12,9.49585502688717
insert,722,695613,1.0700000075303251e-05,11,9.497851836951117
insert,723,889209,8.900000011635711e-06,9,9.499845887083206
insert,724,130680,1.0700000075303251e-05,11,9.501837184902296
insert,725,754718,1.0599999768601265e-05,11,9.50382573799575
insert,726,943768,9.699999736767495e-06,10,9.505811553919594
insert,727,314911,8.600000001024455e-06,9,9.507794640198696
insert,728,531757,1.1899999663000926e-05,12,9.509775004326936
insert,729,324309,9.700000191514846e-06,10,9.51175265376738
insert,730,699288,1.3999999737279722e-05,14,9.513727595952437
insert,731,428232,9.700000191514846e-06,10,9.515699838284043
insert,732,342028,1.0600000223348616e-05,11,9.517669388133811
insert,733,421948,1.0600000223348616e-05,11,9.519636252843213
insert,734,731077,9.699999736767495e-06,10,9.521600439723727
insert,735,310017,1.1899999663000926e-05,12,9.523561956057012
insert,736,581344,1.2999999853491317e-05,13,9.52552080909507
insert,737,133471,1.3800000033370452e-05,14,9.527477006060396
insert,738,201159,1.0600000223348616e-05,11,9.52943055414615
insert,739,440870,1.5499999790336005e-05,13,9.531381460516313
insert,740,697230,1.44999999065476e-05,14,9.533329732305834
insert,741,986043,1.3200000012147939e-05,13,9.535275376620802
insert,742,397563,1.2000000424450263e-05,11,9.537218400538595
insert,743,710220,1.2699999842880061e-05,13,9.539158811108031
insert,744,784476,1.2900000001536682e-05,13,9.541096615349524
insert,745,946661,1.2999999853491317e-05,11,9.543031820255237
insert,746,182481,9.700000191514846e-06,10,9.544964432789238
insert,747,645415,1.1699999959091656e-05,12,9.546894459887637
insert,748,596751,1.0599999768601265e-05,11,9.548821908458752
insert,749,315569,9.800000043469481e-06,10,9.550746785383243
insert,750,425801,1.049999991664663e-05,11,9.552669097514272
insert,751,574554,1.2800000149582047e-05,13,9.554588851677638
insert,752,874225,1.3100000160193304e-05,13,9.556506054671928
insert,753,426,8.600000001024455e-06,9,9.558420713268664
insert,754,318636,9.59999988481286e-06,10,9.560332834212442
insert,755,300851,1.2900000001536682e-05,13,9.562242424221072
insert,756,220393,1.0899999779212521e-05,11,9.564149489985732
insert,757,450771,1.0700000075303251e-05,11,9.566054038171092
insert,758,823928,1.2800000149582047e-05,13,9.567956075415466
insert,759,608159,1.52000002344721e-05,13,9.569855608330947
insert,760,636131,1.06999996205559e-05,11,9.571752643503546
insert,761,686509,1.0700000075303251e-05,11,9.573647187493322
insert,762,337903,1.0900000233959872e-05,11,9.57553924683453
insert,763,487576,9.800000043469481e-06,10,9.57742882803575
insert,764,463247,1.3999999737279722e-05,14,9.579315937580015
insert,765,463639,1.3500000022759195e-05,14,9.581200581924957
insert,766,708447,9.59999988481286e-06,10,9.583082767502933
insert,767,224083,1.3200000012147939e-05,13,9.584962500721156
insert,768,536005,1.1999999969702912e-05,12,9.586839787961827
insert,769,496172,9.59999988481286e-06,10,9.588714635582264
insert,770,832292,1.0799999927257886e-05,11,9.590587049915035
insert,771,944957,1.559999964229064e-05,13,9.59245703726808
insert,772,834693,1.0600000223348616e-05,11,9.594324603924848
insert,773,771712,1.0799999927257886e-05,11,9.59618975614441
insert,774,177935,9.899999895424116e-06,10,9.5980525001616
insert,775,690856,1.0700000075303251e-05,11,9.599912842187127
insert,776,88915,1.1900000117748277e-05,12,9.60177078840771
insert,777,297572,1.0600000223348616e-05,11,9.603626344986193
insert,778,540491,1.1900000117748277e-05,12,9.605479518061669
insert,779,696102,1.0800000382005237e-05,11,9.60733031374961
insert,780,663687,1.0000000202126103e-05,10,9.60917873814198
insert,781,649343,9.500000032858225e-06,10,9.611024797307353
insert,782,351471,9.999999747378752e-06,10,9.612868497291041
insert,783,97924,1.0899999779212521e-05,11,9.614709844115207
insert,784,858180,1.3099999705445953e-05,13,9.61654884377899
insert,785,998244,1.3100000160193304e-05,13,9.618385502258606
insert,786,787626,1.1900000117748277e-05,12,9.620219825507487
insert,787,246278,1.3100000160193304e-05,13,9.622051819456376
insert,788,705478,1.0700000075303251e-05,11,9.623881490013458
insert,789,325499,1.1799999811046291e-05,12,9.625708843064466
insert,790,235553,8.69999985297909e-06,9,9.627533884472792
insert,791,845743,1.06999996205559e-05,11,9.62935662007961
insert,792,208803,1.4000000192027073e-05,14,9.63117705570398
insert,793,154512,1.3299999864102574e-05,13,9.632995197142957
insert,794,25612,1.1900000117748277e-05,12,9.634811050171718
insert,795,48459,1.3200000012147939e-05,13,9.63662462054365
insert,796,256737,9.60000033956021e-06,10,9.638435913990472
insert,797,498217,1.1900000117748277e-05,12,9.640244936222345
insert,798,640968,1.0899999779212521e-05,11,9.642051692927977
insert,799,891015,9.800000043469481e-06,10,9.643856189774725
insert,800,805820,9.59999988481286e-06,10,9.64565843240871
insert,801,76366,1.1999999969702912e-05,12,9.64745842645492
insert,802,477539,1.2100000276404899e-05,10,9.649256177517314
insert,803,434573,1.1999999969702912e-05,10,9.651051691178928
insert,804,929182,1.2299999980314169e-05,12,9.65284497300198
insert,805,660357,1.0700000075303251e-05,11,9.654636028527968
insert,806,603635,1.0900000233959872e-05,11,9.656424863277781
insert,807,203881,1.4099999589234358e-05,14,9.658211482751796
insert,808,753241,1.1800000265793642e-05,12,9.659995892429977
insert,809,730181,1.160000010713702e-05,12,9.661778097771988
insert,810,402631,1.2800000149582047e-05,13,9.663558104217273
insert,811,518393,1.0700000075303251e-05,11,9.665335917185176
insert,812,419067,1.1899999663000926e-05,12,9.667111542075027
insert,813,255837,1.2999999853491317e-05,13,9.668884984266247
insert,814,154740,1.2900000001536682e-05,13,9.67065624911844
insert,815,687927,1.049999991664663e-05,11,9.672425341971495
insert,816,721025,1.0599999768601265e-05,11,9.674192268145683
insert,817,5815,1.0899999779212521e-05,11,9.67595703294175
insert,818,936022,9.700000191514846e-06,10,9.677719641641009
insert,819,787444,1.2200000128359534e-05,11,9.679480099505446
insert,820,902238,1.06999996205559e-05,11,9.681238411777805
insert,821,807452,1.0600000223348616e-05,11,9.682994583681683
insert,822,928478,1.2999999853491317e-05,13,9.684748620421626
insert,823,111765,1.1900000117748277e-05,12,9.686500527183219
insert,824,816233,1.0599999768601265e-05,11,9.688250309133178
insert,825,445799,1.2799999694834696e-05,13,9.689997971419446
insert,826,229472,1.4199999895936344e-05,13,9.691743519171276
insert,827,184431,1.2099999821657548e-05,12,9.693486957499324
insert,828,843171,1.4700000065204222e-05,13,9.69522829149575
insert,829,729717,1.049999991664663e-05,11,9.696967526234287
insert,830,543119,1.4199999895936344e-05,12,9.698704666770345
insert,831,487116,1.160000010713702e-05,12,9.700439718141093
insert,832,52658,1.3099999705445953e-05,13,9.702172685365548
insert,833,584483,1.0899999779212521e-05,11,9.703903573444663
insert,834,261304,1.52000002344721e-05,13,9.705632387361415
insert,835,962038,2.3800000235496555e-05,13,9.707359132080883
insert,836,889546,9.699999736767495e-06,10,9.709083812550343
insert,837,127254,1.3899999885325087e-05,14,9.710806433699352
insert,838,478635,1.2699999842880061e-05,13,9.712527000439824
insert,839,139817,1.1099999937869143e-05,11,9.714245517666123
insert,840,840347,1.0600000223348616e-05,11,9.715961990255144
insert,841,487214,1.0600000223348616e-05,11,9.717676423066397
insert,842,700006,1.0700000075303251e-05,11,9.719388820942083
insert,843,556933,1.1899999663000926e-05,12,9.721099188707186
insert,844,586076,1.4899999769113492e-05,13,9.722807531169547
insert,845,624378,1.050000037139398e-05,11,9.72451385311995
insert,846,332712,1.2999999853491317e-05,13,9.726218159332198
insert,847,996189,1.1999999969702912e-05,12,9.727920454563199
insert,848,791938,1.0700000075303251e-05,11,9.729620743553038
insert,849,934728,1.1900000117748277e-05,12,9.731319031025064
insert,850,464072,1.2999999853491317e-05,13,9.733015321685963
insert,851,642413,1.049999991664663e-05,11,9.734709620225837
insert,852,854597,9.999999747378752e-06,10,9.73640193131829
insert,853,754214,1.160000010713702e-05,12,9.73809225962049
insert,854,935352,1.0700000075303251e-05,11,9.73978060977326
insert,855,529299,1.0799999927257886e-05,11,9.741466986401146
insert,856,447471,1.4199999895936344e-05,14,9.7431513941125
insert,857,870915,9.899999895424116e-06,10,9.744833837499545
insert,858,950907,1.0900000233959872e-05,11,9.746514321138463
insert,859,574486,1.0700000075303251e-05,11,9.74819284958946
insert,860,467575,1.0399999609944643e-05,11,9.749869427396844
insert,861,940791,1.1799999811046291e-05,12,9.751544059089099
insert,862,166890,1.4200000350683695e-05,14,9.753216749178955
insert,863,779780,9.800000043469481e-06,10,9.754887502163468
insert,864,903343,1.3299999864102574e-05,13,9.756556322524087
insert,865,497733,1.1900000117748277e-05,12,9.758223214726724
insert,866,471933,1.1499999800435035e-05,12,9.759888183221834
insert,867,271783,1.2999999853491317e-05,13,9.761551232444479
insert,868,788296,1.0799999927257886e-05,11,9.7632123668144
insert,869,259250,8.69999985297909e-06,9,9.76487159073609
insert,870,880661,9.800000043469481e-06,10,9.766528908598865
insert,871,668637,1.0700000075303251e-05,11,9.768184324776927
insert,872,290783,1.2100000276404899e-05,12,9.76983784362944
insert,873,803014,1.0700000075303251e-05,11,9.7714894695006
insert,874,815452,1.250000013897079e-05,13,9.77313920671969
insert,875,546623,1.3100000160193304e-05,13,9.774787059601174
insert,876,508137,9.700000191514846e-06,10,9.776433032444732
insert,877,657194,1.0899999779212521e-05,11,9.778077129535358
insert,878,250868,1.339999971605721e-05,13,9.779719355143405
insert,879,287937,1.1299999641778413e-05,11,9.78135971352466
insert,880,461240,1.4000000192027073e-05,14,9.782998208920414
insert,881,81248,1.1900000117748277e-05,12,9.784634845557521
insert,882,748207,1.1799999811046291e-05,12,9.786269627648466
insert,883,299608,1.0600000223348616e-05,11,9.787902559391432
insert,884,245885,9.800000043469481e-06,10,9.78953364497036
insert,885,284914,8.600000001024455e-06,9,9.791162888555018
insert,886,352162,1.1800000265793642e-05,12,9.792790294301064
insert,887,335240,1.720000000204891e-05,14,9.794415866350105
insert,888,936407,1.340000017080456e-05,13,9.79603960882977
insert,889,566391,9.900000350171467e-06,10,9.79766152585376
insert,890,84492,1.2099999821657548e-05,12,9.799281621521923
insert,891,145096,1.0700000075303251e-05,11,9.800899899920305
insert,892,158158,9.699999736767495e-06,10,9.802516365121223
insert,893,242496,1.0600000223348616e-05,11,9.804131021183318
insert,894,401642,1.430000020263833e-05,14,9.805743872151618
insert,895,727660,1.2800000149582047e-05,13,9.807354922057604
insert,896,160228,1.4400000054592965e-05,13,9.80896417491926
insert,897,740735,1.2000000424450263e-05,12,9.810571634741146
insert,898,224346,1.539999993838137e-05,12,9.812177305514448
insert,899,67349,1.2100000276404899e-05,12,9.813781191217037
insert,900,435021,1.359999987471383e-05,11,9.815383295813538
insert,901,427399,1.2800000149582047e-05,13,9.81698362325538
insert,902,346955,1.0599999768601265e-05,11,9.818582177480858
insert,903,568970,1.0899999779212521e-05,11,9.820178962415188
insert,904,488558,1.0399999609944643e-05,11,9.821773981970567
insert,905,435971,1.2800000149582047e-05,13,9.823367240046235
insert,906,65291,1.0799999927257886e-05,11,9.824958740528523
insert,907,216882,1.0700000075303251e-05,11,9.826548487290914
insert,908,873350,1.0099999599333387e-05,10,9.828136484194108
insert,909,440553,8.32000000627886e-05,11,9.829722735086058
insert,910,408397,1.3000000308238668e-05,13,9.831307243802051
insert,911,948792,1.0900000233959872e-05,11,9.832890014164741
insert,912,807190,1.2900000001536682e-05,13,9.834471049984222
insert,913,612452,1.4100000043981709e-05,14,9.83605035505807
insert,914,992018,1.1999999969702912e-05,12,9.837627933171404
insert,915,729309,1.740000016070553e-05,14,9.839203788096944
insert,916,20481,1.920000022437307e-05,13,9.840777923595054
insert,917,898349,1.0799999927257886e-05,11,9.842350343413807
insert,918,923436,1.0799999927257886e-05,11,9.843921051289035
insert,919,802785,1.2800000149582047e-05,13,9.845490050944376
insert,920,603656,1.159999965238967e-05,12,9.847057346091336
insert,921,398859,1.0700000075303251e-05,11,9.848622940429339
insert,922,500150,1.1900000117748277e-05,12,9.850186837645774
insert,923,6183,1.06999996205559e-05,11,9.851749041416058
insert,924,988537,9.699999736767495e-06,10,9.853309555403674
insert,925,368846,1.2999999853491317e-05,13,9.854868383260236
insert,926,313119,9.700000191514846e-06,10,9.85642552862553
insert,927,790076,1.0900000233959872e-05,11,9.857980995127573
insert,928,408931,1.0700000075303251e-05,11,9.859534786382653
insert,929,894906,1.5900000107649248e-05,13,9.861086905995395
insert,930,934954,1.3999999737279722e-05,14,9.862637357558794
insert,931,999745,9.899999895424116e-06,10,9.86418614465428
insert,932,876326,1.0899999779212521e-05,11,9.86573327085176
insert,933,439376,1.2699999842880061e-05,13,9.867278739709661
insert,934,564366,1.0900000233959872e-05,11,9.868822554774999
insert,935,783827,1.0900000233959872e-05,11,9.870364719583405
insert,936,770320,1.1800000265793642e-05,12,9.871905237659186
insert,937,572662,1.3800000033370452e-05,14,9.873444112515376
insert,938,838723,1.0799999927257886e-05,11,9.874981347653774
insert,939,632557,1.0700000075303251e-05,11,9.876516946565
insert,940,941424,1.0599999768601265e-05,11,9.878050912728536
insert,941,231252,9.800000043469481e-06,10,9.879583249612784
insert,942,511946,1.0799999927257886e-05,11,9.881113960675096
insert,943,230081,9.800000043469481e-06,10,9.88264304936184
insert,944,286194,9.700000191514846e-06,10,9.884170519108435
insert,945,457008,1.2599999990925426e-05,13,9.885696373339396
insert,946,509233,1.0600000223348616e-05,11,9.887220615468385
insert,947,30435,1.0899999779212521e-05,11,9.888743248898258
insert,948,407747,1.0700000075303251e-05,11,9.89026427702111
insert,949,352458,1.1000000085914508e-05,11,9.89178370321831
insert,950,701365,1.2400000287016155e-05,12,9.893301530860564
insert,951,712132,1.1699999959091656e-05,12,9.894817763307943
insert,952,836913,1.2599999990925426e-05,13,9.896332403909941
insert,953,423957,1.2900000001536682e-05,13,9.897845456005511
insert,954,759360,1.4199999895936344e-05,14,9.899356922923111
insert,955,173062,1.2200000128359534e-05,12,9.900866807980748
insert,956,881335,1.0799999927257886e-05,11,9.902375114486025
insert,957,490095,1.0799999927257886e-05,11,9.90388184573618
insert,958,964210,1.2900000001536682e-05,13,9.905387005018131
insert,959,133828,1.4100000043981709e-05,14,9.906890595608518
insert,960,652484,1.430000020263833e-05,14,9.90839262077375
insert,961,560070,9.900000350171467e-06,10,9.909893083770042
insert,962,28277,1.0899999779212521e-05,11,9.911391987843459
insert,963,950984,9.699999736767495e-06,10,9.912889336229961
insert,964,413161,1.0700000075303251e-05,11,9.914385132155443
insert,965,620645,1.0600000223348616e-05,11,9.915879378835774
insert,966,591808,1.2699999842880061e-05,13,9.917372079476841
insert,967,695206,1.3500000022759195e-05,14,9.918863237274595
insert,968,28419,1.0700000075303251e-05,11,9.92035285541508
insert,969,88026,9.899999895424116e-06,9,9.92184093707449
insert,970,673972,1.0700000075303251e-05,11,9.923327485419192
insert,971,449434,9.800000043469481e-06,10,9.92481250360578
insert,972,142292,1.1999999969702912e-05,10,9.926295994781112
insert,973,908960,1.1999999969702912e-05,12,9.927777962082342
insert,974,484126,1.3000000308238668e-05,13,9.929258408636972
insert,975,190557,1.0700000075303251e-05,11,9.930737337562887
insert,976,52728,1.3899999885325087e-05,12,9.932214751968385
insert,977,272794,1.560000009703799e-05,13,9.933690654952233
insert,978,397520,1.539999993838137e-05,14,9.935165049603695
insert,979,343255,1.8600000203150557e-05,14,9.936637939002571
insert,980,221942,1.1000000085914508e-05,11,9.938109326219239
insert,981,476787,1.4199999895936344e-05,14,9.939579214314692
insert,982,342723,1.3699999726668466e-05,14,9.94104760634058
insert,983,353895,1.0600000223348616e-05,11,9.94251450533924
insert,984,798208,1.3500000022759195e-05,13,9.943979914343739
insert,985,922370,1.3999999737279722e-05,14,9.945443836377912
insert,986,397543,1.3800000033370452e-05,14,9.946906274456397
insert,987,291774,1.0799999927257886e-05,11,9.948367231584678
insert,988,788540,1.4599999758502236e-05,14,9.949826710759112
insert,989,997410,1.1999999969702912e-05,12,9.951284714966972
insert,990,872336,1.3100000160193304e-05,13,9.952741247186488
insert,991,442043,1.0900000233959872e-05,11,9.954196310386875
insert,992,264526,1.1999999969702912e-05,12,9.955649907528374
insert,993,875468,1.3899999885325087e-05,14,9.957102041562287
insert,994,85885,1.2299999980314169e-05,10,9.958552715431011
insert,995,493153,1.0899999779212521e-05,11,9.960001932068081
insert,996,20325,9.699999736767495e-06,10,9.961449694398196
insert,997,785409,1.049999991664663e-05,11,9.96289600533726
insert,998,565622,1.3299999864102574e-05,13,9.96434086779242
insert,999,54616,1.2999999853491317e-05,13,9.965784284662087
insert,1000,998161,1.3299999864102574e-05,13,9.967226258835993
insert,1001,366961,1.0800000382005237e-05,11,9.968666793195208
insert,1002,235114,1.0700000075303251e-05,11,9.970105890612182
insert,1003,681726,1.0700000075303251e-05,11,9.971543553950772
insert,1004,71952,1.2100000276404899e-05,12,9.972979786066292
insert,1005,819183,1.2599999990925426e-05,13,9.974414589805527
insert,1006,683415,1.3800000033370452e-05,14,9.975847968006784
insert,1007,42214,1.1999999969702912e-05,12,9.977279923499916
insert,1008,790871,1.0599999768601265e-05,11,9.978710459106358
insert,1009,32538,9.899999895424116e-06,10,9.980139577639157
insert,1010,995741,9.800000043469481e-06,10,9.981567281903015
insert,1011,259296,9.800000043469481e-06,10,9.98299357469431
insert,1012,209045,1.3900000340072438e-05,14,9.984418458801137
insert,1013,879996,1.049999991664663e-05,11,9.98584193700334
insert,1014,21370,1.5099999927770114e-05,13,9.987264012072538
insert,1015,651518,1.2900000001536682e-05,13,9.988684686772165
insert,1016,159785,1.2900000001536682e-05,13,9.9901039638575
insert,1017,250133,9.999999747378752e-06,10,9.991521846075695
insert,1018,132353,1.0600000223348616e-05,11,9.992938336165814
insert,1019,496565,1.2100000276404899e-05,12,9.994353436858859
insert,1020,701979,1.1799999811046291e-05,12,9.995767150877802
insert,1021,119947,1.0700000075303251e-05,11,9.997179480937621
insert,1022,591365,1.4000000192027073e-05,14,9.99859042974533
insert,1023,993796,9.700000191514846e-06,10,10.0
insert,1024,228553,1.1999999969702912e-05,12,10.001408194392809
insert,1025,487624,1.2800000149582047e-05,13,10.002815015607053
insert,1026,733443,1.3300000318849925e-05,11,10.004220466318195
insert,1027,268691,9.800000043469481e-06,10,10.005624549193879
insert,1028,804151,1.4000000192027073e-05,14,10.007027266893969
insert,1029,386815,1.2100000276404899e-05,12,10.00842862207058
insert,1030,175940,1.2900000001536682e-05,13,10.00982861736811
insert,1031,635325,1.0700000075303251e-05,11,10.011227255423254
insert,1032,636746,1.2800000149582047e-05,13,10.01262453886506
insert,1033,784257,1.4000000192027073e-05,14,10.014020470314934
insert,1034,753253,1.3800000033370452e-05,14,10.015415052386688
insert,1035,120097,1.2700000297627412e-05,13,10.016808287686555
insert,1036,815574,1.1500000255182385e-05,12,10.018200178813226
insert,1037,859100,1.3000000308238668e-05,13,10.019590728357882
insert,1038,171721,1.049999991664663e-05,11,10.020979938904212
insert,1039,326148,1.2900000001536682e-05,13,10.022367813028454
insert,1040,113350,1.2200000128359534e-05,12,10.023754353299417
insert,1041,606795,1.0599999768601265e-05,11,10.025139562278508
insert,1042,26926,9.899999895424116e-06,10,10.026523442519766
insert,1043,974009,8.800000159681076e-06,9,10.027905996569885
insert,1044,327111,1.2800000149582047e-05,13,10.029287226968245
insert,1045,603767,1.4100000043981709e-05,14,10.030667136246942
insert,1046,710251,1.609999981155852e-05,15,10.032045726930809
insert,1047,952135,1.1800000265793642e-05,12,10.03342300153745
insert,1048,393538,1.0700000075303251e-05,11,10.034798962577268
insert,1049,415923,1.1800000265793642e-05,12,10.036173612553485
insert,1050,987204,1.0899999779212521e-05,10,10.037546953962178
insert,1051,749748,1.359999987471383e-05,14,10.038918989292302
insert,1052,207964,1.1699999959091656e-05,12,10.040289721025717
insert,1053,79689,1.4400000054592965e-05,12,10.041659151637214
insert,1054,620860,1.430000020263833e-05,14,10.043027283594547
insert,1055,724162,1.3999999737279722e-05,14,10.044394119358454
insert,1056,870918,1.0700000075303251e-05,11,10.045759661382682
insert,1057,657712,1.3300000318849925e-05,11,10.047123912114026
insert,1058,254647,1.339999971605721e-05,11,10.048486873992337
insert,1059,106852,9.899999895424116e-06,10,10.049848549450562
insert,1060,731060,1.0799999927257886e-05,11,10.051208940914766
insert,1061,810005,1.44999999065476e-05,14,10.052568050804153
insert,1062,316233,1.2599999990925426e-05,12,10.053925881531105
insert,1063,891598,1.3100000160193304e-05,13,10.055282435501189
insert,1064,717498,1.0700000075303251e-05,11,10.056637715113201
insert,1065,629578,1.0400000064691994e-05,11,10.057991722759176
insert,1066,844658,1.1099999937869143e-05,11,10.059344460824425
insert,1067,126936,1.1800000265793642e-05,12,10.060695931687555
insert,1068,834905,1.160000010713702e-05,12,10.06204613772049
insert,1069,593424,1.3700000181415817e-05,14,10.06339508128851
insert,1070,820653,1.1800000265793642e-05,12,10.064742764750257
insert,1071,43065,9.59999988481286e-06,10,10.066089190457772
insert,1072,364070,1.3100000160193304e-05,13,10.067434360756522
insert,1073,558624,1.0900000233959872e-05,11,10.068778277985412
insert,1074,449187,1.3200000012147939e-05,13,10.070120944476823
insert,1075,693656,1.1699999959091656e-05,12,10.071462362556623
insert,1076,388572,1.0799999927257886e-05,11,10.072802534544207
insert,1077,72307,8.800000159681076e-06,9,10.074141462752506
insert,1078,530539,1.1000000085914508e-05,11,10.075479149488016
insert,1079,678999,1.0900000233959872e-05,11,10.076815597050832
insert,1080,357807,9.59999988481286e-06,10,10.07815080773465
insert,1081,13267,9.699999736767495e-06,10,10.079484783826816
insert,1082,890845,1.0599999768601265e-05,11,10.080817527608327
insert,1083,440464,1.4100000043981709e-05,14,10.08214904135387
insert,1084,862277,9.699999736767495e-06,10,10.083479327331842
insert,1085,514014,1.0600000223348616e-05,11,10.084808387804362
insert,1086,110666,1.1000000085914508e-05,11,10.086136225027309
insert,1087,454583,1.3000000308238668e-05,13,10.087462841250339
insert,1088,379782,1.3200000012147939e-05,13,10.088788238716907
insert,1089,666460,1.0799999927257886e-05,11,10.090112419664289
insert,1090,934885,1.6899999991437653e-05,14,10.091435386323607
insert,1091,868963,1.2900000001536682e-05,13,10.092757140919852
insert,1092,482072,1.13999999484804e-05,12,10.094077685671905
insert,1093,741667,1.3600000329461182e-05,14,10.095397022792557
insert,1094,160423,1.1000000085914508e-05,11,10.096715154488535
insert,1095,456642,1.1300000096525764e-05,12,10.098032082960527
insert,1096,184693,1.1800000265793642e-05,12,10.099347810403193
insert,1097,769441,1.3899999885325087e-05,14,10.100662339005199
insert,1098,547092,1.1000000085914508e-05,11,10.101975670949232
insert,1099,682055,1.4000000192027073e-05,12,10.103287808412022
insert,1100,283202,9.900000350171467e-06,10,10.10459875356437
insert,1101,645831,1.0700000075303251e-05,11,10.105908508571158
insert,1102,847459,1.2200000128359534e-05,12,10.107217075591382
insert,1103,964290,1.1000000085914508e-05,11,10.108524456778168
insert,1104,564316,1.3799999578623101e-05,13,10.109830654278793
insert,1105,812271,1.2399999832268804e-05,12,10.111135670234708
insert,1106,506984,1.1000000085914508e-05,11,10.112439506781552
insert,1107,487456,1.3100000160193304e-05,13,10.113742166049189
insert,1108,456733,1.5000000075815478e-05,15,10.11504365016171
insert,1109,865846,1.0700000075303251e-05,11,10.116343961237469
insert,1110,766537,1.1900000117748277e-05,12,10.117643101389092
insert,1111,621255,1.13999999484804e-05,12,10.118941072723507
insert,1112,281434,9.800000043469481e-06,10,10.12023787734196
insert,1113,337961,1.1799999811046291e-05,12,10.121533517340032
insert,1114,893086,1.0700000075303251e-05,11,10.122827994807666
insert,1115,257421,1.0000000202126103e-05,10,10.124121311829187
insert,1116,871085,1.2700000297627412e-05,13,10.125413470483315
insert,1117,980023,1.0000000202126103e-05,10,10.12670447284319
insert,1118,90873,9.79999958872213e-06,10,10.127994320976393
insert,1119,292478,1.0799999927257886e-05,11,10.129283016944967
insert,1120,924458,1.2999999853491317e-05,13,10.130570562805426
insert,1121,472701,1.1700000413839007e-05,12,10.131856960608793
insert,1122,255710,1.1099999937869143e-05,11,10.133142212400601
insert,1123,786932,1.1000000085914508e-05,11,10.134426320220927
insert,1124,487283,1.2800000149582047e-05,12,10.1357092861044
insert,1125,597531,1.0899999779212521e-05,11,10.13699111208023
insert,1126,639980,1.3899999885325087e-05,14,10.138271800172221
insert,1127,700647,1.3699999726668466e-05,14,10.139551352398794
insert,1128,397400,1.4799999917158857e-05,12,10.140829770773001
insert,1129,352738,1.2900000001536682e-05,13,10.14210705730255
insert,1130,30095,9.699999736767495e-06,10,10.14338321398982
insert,1131,518318,1.3899999885325087e-05,13,10.144658242831882
insert,1132,892289,1.0799999927257886e-05,11,10.145932145820515
insert,1133,340803,1.2900000001536682e-05,13,10.147204924942228
insert,1134,190673,1.3100000160193304e-05,13,10.148476582178278
insert,1135,511234,1.3799999578623101e-05,14,10.149747119504681
insert,1136,222424,1.0900000233959872e-05,11,10.151016538892248
insert,1137,372061,9.999999747378752e-06,10,10.152284842306582
insert,1138,836588,1.4999999621068127e-05,15,10.153552031708111
insert,1139,270903,1.3299999864102574e-05,13,10.154818109052105
insert,1140,356872,1.1499999800435035e-05,12,10.156083076288681
insert,1141,293244,1.0599999768601265e-05,11,10.157346935362844
insert,1142,923083,1.560000009703799e-05,13,10.158609688214478
insert,1143,625114,1.0700000075303251e-05,11,10.159871336778389
insert,1144,735245,1.4100000043981709e-05,14,10.161131882984307
insert,1145,922860,1.2700000297627412e-05,13,10.162391328756906
insert,1146,289689,9.700000191514846e-06,10,10.163649676015824
insert,1147,582790,1.2800000149582047e-05,13,10.164906926675688
insert,1148,10645,1.1799999811046291e-05,12,10.166163082646113
insert,1149,541723,1.1899999663000926e-05,12,10.167418145831737
insert,1150,994116,1.0899999779212521e-05,11,10.16867211813223
insert,1151,200338,1.0799999927257886e-05,11,10.169925001442312
insert,1152,89772,9.800000043469481e-06,10,10.171176797651771
insert,1153,253081,1.3800000033370452e-05,14,10.172427508645482
insert,1154,755054,1.1699999959091656e-05,12,10.17367713630342
insert,1155,426171,1.0700000075303251e-05,11,10.174925682500678
insert,1156,512312,1.0700000075303251e-05,11,10.17617314910749
insert,1157,582145,1.0599999768601265e-05,11,10.177419537989236
insert,1158,794994,1.4000000192027073e-05,14,10.178664851006472
insert,1159,251998,1.2700000297627412e-05,13,10.179909090014934
insert,1160,724157,1.13999999484804e-05,12,10.181152256865566
insert,1161,499220,9.499999578110874e-06,10,10.18239435340453
insert,1162,677279,1.2599999990925426e-05,13,10.183635381473218
insert,1163,746421,1.160000010713702e-05,12,10.184875342908283
insert,1164,514664,1.1499999800435035e-05,12,10.186114239541643
insert,1165,469946,1.3899999885325087e-05,14,10.187352073200497
insert,1166,831451,1.1699999959091656e-05,12,10.188588845707349
insert,1167,18081,1.1799999811046291e-05,12,10.189824558880018
insert,1168,97574,1.1000000085914508e-05,11,10.191059214531656
insert,1169,308529,9.800000043469481e-06,10,10.192292814470767
insert,1170,232361,1.3100000160193304e-05,13,10.193525360501216
insert,1171,424046,1.1799999811046291e-05,12,10.194756854422248
insert,1172,725392,1.1800000265793642e-05,12,10.19598729802851
insert,1173,255124,1.2699999842880061e-05,13,10.197216693110052
insert,1174,321081,9.699999736767495e-06,10,10.198445041452363
insert,1175,696213,1.160000010713702e-05,12,10.199672344836364
insert,1176,609806,1.1700000413839007e-05,12,10.200898605038445
insert,1177,386946,1.2900000001536682e-05,13,10.20212382383046
insert,1178,496250,1.0700000075303251e-05,11,10.203348002979762
insert,1179,580359,1.0400000064691994e-05,11,10.204571144249204
insert,1180,556712,1.0799999927257886e-05,11,10.205793249397157
insert,1181,360456,1.049999991664663e-05,11,10.207014320177532
insert,1182,446174,1.4400000054592965e-05,14,10.208234358339789
insert,1183,782170,1.0000000202126103e-05,10,10.20945336562895
insert,1184,577125,1.2800000149582047e-05,11,10.210671343785622
insert,1185,346860,1.2000000424450263e-05,12,10.211888294546004
insert,1186,368901,1.0799999927257886e-05,11,10.213104219641906
insert,1187,736997,1.5000000075815478e-05,15,10.214319120800766
insert,1188,475787,1.2800000149582047e-05,13,10.215532999745657
insert,1189,284077,1.3000000308238668e-05,13,10.216745858195306
insert,1190,321518,1.0700000075303251e-05,11,10.217957697864113
insert,1191,263616,1.1799999811046291e-05,12,10.219168520462162
insert,1192,241737,1.4100000043981709e-05,14,10.220378327695228
insert,1193,126517,1.1799999811046291e-05,12,10.221587121264806
insert,1194,756322,1.1499999800435035e-05,12,10.222794902868111
insert,1195,201940,1.160000010713702e-05,12,10.224001674198105
insert,1196,330877,1.2900000001536682e-05,13,10.225207436943503
insert,1197,125363,1.1699999959091656e-05,12,10.226412192788786
insert,1198,778968,1.3099999705445953e-05,13,10.227615943414223
insert,1199,561895,1.0700000075303251e-05,11,10.228818690495881
insert,1200,997068,1.0000000202126103e-05,10,10.230020435705635
insert,1201,799214,1.2800000149582047e-05,13,10.231221180711186
insert,1202,723689,1.5999999959603883e-05,15,10.232420927176076
insert,1203,194144,1.0799999927257886e-05,11,10.233619676759702
insert,1204,200846,1.1699999959091656e-05,12,10.234817431117325
insert,1205,226896,1.0799999927257886e-05,11,10.236014191900084
insert,1206,774484,1.3300000318849925e-05,13,10.237209960755022
insert,1207,507720,1.4700000065204222e-05,14,10.238404739325079
insert,1208,289931,1.1200000244571129e-05,11,10.239598529249124
insert,1209,759783,1.1499999800435035e-05,12,10.240791332161956
insert,1210,618227,1.7299999854003545e-05,12,10.24198314969433
insert,1211,797136,1.0700000075303251e-05,11,10.243173983472952
insert,1212,550122,9.800000043469481e-06,10,10.24436383512051
insert,1213,625781,1.0600000223348616e-05,11,10.245552706255681
insert,1214,296746,1.4599999758502236e-05,14,10.246740598493144
insert,1215,105410,1.1000000085914508e-05,11,10.247927513443585
insert,1216,873075,1.0900000233959872e-05,11,10.249113452713729
insert,1217,203548,1.1699999959091656e-05,12,10.250298417906333
insert,1218,310637,1.0900000233959872e-05,11,10.251482410620213
insert,1219,238534,1.0799999927257886e-05,11,10.252665432450248
insert,1220,378412,1.0899999779212521e-05,11,10.253847484987404
insert,1221,188159,1.4299999747890979e-05,14,10.25502856981873
insert,1222,316951,1.2900000001536682e-05,13,10.256208688527387
insert,1223,14836,9.699999736767495e-06,10,10.257387842692651
insert,1224,742412,1.13999999484804e-05,12,10.258566033889933
insert,1225,560082,1.0700000075303251e-05,11,10.259743263690781
insert,1226,132732,1.2900000001536682e-05,13,10.260919533662905
insert,1227,287637,1.629999997021514e-05,13,10.262094845370179
insert,1228,47727,1.0100000054080738e-05,10,10.263269200372662
insert,1229,57175,1.3100000160193304e-05,13,10.264442600226602
insert,1230,580239,1.2699999842880061e-05,13,10.265615046484458
insert,1231,306328,1.0600000223348616e-05,11,10.266786540694902
insert,1232,731296,1.0799999927257886e-05,11,10.26795708440284
insert,1233,989950,1.1099999937869143e-05,11,10.269126679149418
insert,1234,132414,1.2999999853491317e-05,13,10.27029532647204
insert,1235,668855,1.430000020263833e-05,14,10.271463027904375
insert,1236,910648,1.0900000233959872e-05,11,10.27262978497637
insert,1237,789360,1.3200000012147939e-05,13,10.273795599214264
insert,1238,514724,1.3800000033370452e-05,14,10.274960472140602
insert,1239,107571,1.0799999927257886e-05,11,10.276124405274238
insert,1240,915113,9.700000191514846e-06,10,10.277287400130357
insert,1241,12862,9.60000033956021e-06,10,10.278449458220482
insert,1242,601950,1.3899999885325087e-05,14,10.279610581052484
insert,1243,298152,1.0799999927257886e-05,11,10.280770770130603
insert,1244,492199,1.2999999853491317e-05,13,10.281930026955443
insert,1245,501969,1.049999991664663e-05,11,10.283088353024002
insert,1246,461866,1.2100000276404899e-05,12,10.28424574982967
insert,1247,357257,1.0799999927257886e-05,11,10.285402218862249
insert,1248,193320,1.2599999990925426e-05,13,10.286557761607957
insert,1249,53873,1.2299999980314169e-05,10,10.287712379549449
insert,1250,264743,1.3099999705445953e-05,13,10.28886607416582
insert,1251,986777,1.340000017080456e-05,13,10.290018846932618
insert,1252,903583,1.3200000012147939e-05,13,10.29117069932186
insert,1253,500936,1.3899999885325087e-05,14,10.29232163280204
insert,1254,119630,1.4100000043981709e-05,14,10.293471648838134
insert,1255,862051,1.0899999779212521e-05,11,10.294620748891628
insert,1256,68518,1.0000000202126103e-05,10,10.295768934420508
insert,1257,420173,1.1999999969702912e-05,12,10.296916206879288
insert,1258,515634,1.3800000033370452e-05,14,10.298062567719017
insert,1259,77681,5.340000006981427e-05,10,10.29920801838728
insert,1260,605051,1.4400000054592965e-05,14,10.30035256032822
insert,1261,660022,1.4000000192027073e-05,14,10.30149619498255
insert,1262,719797,1.0599999768601265e-05,11,10.302638923787553
insert,1263,56214,9.800000043469481e-06,10,10.303780748177102
insert,1264,159098,1.4199999895936344e-05,14,10.304921669581672
insert,1265,156446,1.3000000308238668e-05,13,10.306061689428342
insert,1266,850545,1.359999987471383e-05,13,10.30720080914081
insert,1267,590181,1.1500000255182385e-05,12,10.308339030139408
insert,1268,995231,1.0999999631167157e-05,11,10.309476353841106
insert,1269,318595,1.340000017080456e-05,11,10.310612781659529
insert,1270,89319,1.3300000318849925e-05,13,10.311748315004959
insert,1271,260248,1.1099999937869143e-05,11,10.312882955284355
insert,1272,124206,1.4900000223860843e-05,15,10.314016703901357
insert,1273,585182,1.1799999811046291e-05,12,10.3151495622563
insert,1274,801578,1.2999999853491317e-05,13,10.31628153174622
insert,1275,436391,1.559999964229064e-05,14,10.31741261376487
insert,1276,635771,1.1900000117748277e-05,12,10.318542809702723
insert,1277,625085,1.1500000255182385e-05,12,10.319672120946995
insert,1278,829152,1.3500000022759195e-05,13,10.320800548881637
insert,1279,648459,1.1500000255182385e-05,12,10.321928094887362
insert,1280,236651,1.2599999990925426e-05,13,10.323054760341646
insert,1281,813374,1.6599999980826396e-05,14,10.324180546618742
insert,1282,547958,1.8400000044493936e-05,13,10.325305455089682
insert,1283,398856,1.5699999948992627e-05,13,10.326429487122303
insert,1284,472399,1.539999993838137e-05,15,10.32755264408124
insert,1285,952636,9.899999895424116e-06,10,10.328674927327947
insert,1286,464227,1.249999968422344e-05,13,10.329796338220701
insert,1287,311798,1.0899999779212521e-05,11,10.330916878114618
insert,1288,901951,1.3299999864102574e-05,13,10.332036548361652
insert,1289,617114,1.1800000265793642e-05,12,10.333155350310616
insert,1290,449661,1.0899999779212521e-05,11,10.33427328530719
insert,1291,320215,1.0799999927257886e-05,11,10.335390354693924
insert,1292,596252,1.2700000297627412e-05,13,10.336506559810255
insert,1293,651195,1.1700000413839007e-05,12,10.337621901992508
insert,1294,63157,9.899999895424116e-06,10,10.338736382573916
insert,1295,639245,1.2299999980314169e-05,12,10.339850002884624
insert,1296,776040,1.430000020263833e-05,14,10.3409627642517
insert,1297,104054,1.1200000244571129e-05,11,10.342074667999139
insert,1298,993621,1.1000000085914508e-05,11,10.34318571544788
insert,1299,799788,1.0900000233959872e-05,11,10.344295907915816
insert,1300,217882,1.4400000054592965e-05,14,10.345405246717796
insert,1301,655901,1.0799999927257886e-05,11,10.346513733165635
insert,1302,221276,1.3099999705445953e-05,13,10.347621368568134
insert,1303,277502,9.999999747378752e-06,10,10.348728154231077
insert,1304,692510,1.3299999864102574e-05,13,10.349834091457247
insert,1305,85132,1.3299999864102574e-05,13,10.350939181546432
insert,1306,164687,1.0899999779212521e-05,11,10.352043425795433
insert,1307,251517,1.2900000001536682e-05,13,10.353146825498083
insert,1308,182257,1.06999996205559e-05,11,10.354249381945241
insert,1309,578806,1.0600000223348616e-05,11,10.355351096424812
insert,1310,78712,1.2900000001536682e-05,13,10.356451970221755
insert,1311,164137,1.2900000001536682e-05,13,10.357552004618084
insert,1312,2806,1.3299999864102574e-05,11,10.358651200892886
insert,1313,428362,1.3200000012147939e-05,11,10.35974956032233
insert,1314,472388,1.3999999737279722e-05,14,10.360847084179664
insert,1315,722859,1.4000000192027073e-05,14,10.361943773735241
insert,1316,622657,1.4599999758502236e-05,15,10.363039630256514
insert,1317,492739,1.2699999842880061e-05,13,10.364134655008051
insert,1318,305408,1.3999999737279722e-05,14,10.365228849251544
insert,1319,34226,9.59999988481286e-06,10,10.366322214245816
insert,1320,242721,1.3100000160193304e-05,13,10.367414751246828
insert,1321,302100,1.1499999800435035e-05,12,10.368506461507693
insert,1322,741297,1.2900000001536682e-05,13,10.369597346278677
insert,1323,296452,1.4199999895936344e-05,14,10.370687406807217
insert,1324,737136,1.2599999990925426e-05,13,10.371776644337924
insert,1325,901363,1.0700000075303251e-05,11,10.372865060112588
insert,1326,476087,1.1700000413839007e-05,12,10.373952655370193
insert,1327,74638,1.0799999927257886e-05,11,10.375039431346925
insert,1328,720776,1.06999996205559e-05,11,10.376125389276174
insert,1329,244763,1.2999999853491317e-05,13,10.377210530388552
insert,1330,968791,1.1900000117748277e-05,12,10.378294855911891
insert,1331,277406,1.1699999959091656e-05,12,10.379378367071261
insert,1332,826098,1.4100000043981709e-05,14,10.380461065088973
insert,1333,829684,1.1500000255182385e-05,12,10.381542951184585
insert,1334,655421,1.160000010713702e-05,12,10.382624026574916
insert,1335,618440,1.3999999737279722e-05,14,10.383704292474052
insert,1336,693301,1.160000010713702e-05,12,10.384783750093353
insert,1337,842957,1.0900000233959872e-05,11,10.38586240064146
insert,1338,979023,1.1799999811046291e-05,12,10.386940245324311
insert,1339,207429,1.4799999917158857e-05,15,10.388017285345136
insert,1340,445791,1.0799999927257886e-05,11,10.389093521904474
insert,1341,120352,1.1699999959091656e-05,12,10.390168956200183
insert,1342,571016,1.1000000085914508e-05,11,10.391243589427443
insert,1343,235730,1.2799999694834696e-05,13,10.39231742277876
insert,1344,679095,1.1699999959091656e-05,12,10.393390457443987
insert,1345,156227,1.4399999599845614e-05,12,10.394462694610317
insert,1346,952539,1.1900000117748277e-05,12,10.395534135462302
insert,1347,278536,8.800000159681076e-06,9,10.396604781181859
insert,1348,866786,1.4099999589234358e-05,14,10.397674632948268
insert,1349,149146,1.2999999853491317e-05,13,10.398743691938193
insert,1350,74879,9.59999988481286e-06,10,10.399811959325685
insert,1351,62536,1.2999999853491317e-05,12,10.400879436282183
insert,1352,173983,1.8200000340584666e-05,11,10.401946123976536
insert,1353,831132,2.1300000298651867e-05,14,10.403012023574997
insert,1354,322555,1.4000000192027073e-05,11,10.404077136241234
insert,1355,623949,1.2099999821657548e-05,12,10.405141463136344
insert,1356,785340,1.4599999758502236e-05,14,10.406205005418855
insert,1357,864279,1.4800000371906208e-05,11,10.407267764244732
insert,1358,596857,1.9500000234984327e-05,13,10.40832974076739
insert,1359,965941,1.52000002344721e-05,11,10.409390936137703
insert,1360,302631,1.540000039312872e-05,15,10.410451351503994
insert,1361,460486,1.1999999969702912e-05,12,10.411510988012072
insert,1362,130395,1.9799999790848233e-05,12,10.41256984680521
insert,1363,491466,2.139999969585915e-05,11,10.413627929024173
insert,1364,722132,1.4100000043981709e-05,14,10.414685235807214
insert,1365,318863,1.0600000223348616e-05,11,10.41574176829009
insert,1366,733724,1.1999999969702912e-05,12,10.416797527606061
insert,1367,422061,1.4200000350683695e-05,14,10.417852514885897
insert,1368,988468,1.3500000022759195e-05,13,10.4189067312579
insert,1369,285471,1.0900000233959872e-05,11,10.419960177847889
insert,1370,524784,1.1900000117748277e-05,12,10.421012855779226
insert,1371,566212,1.1000000085914508e-05,11,10.422064766172813
insert,1372,517782,1.1699999959091656e-05,12,10.4231159101471
insert,1373,459024,1.1800000265793642e-05,12,10.4241662888181
insert,1374,84350,1.3600000329461182e-05,13,10.425215903299385
insert,1375,627087,1.2999999853491317e-05,13,10.426264754702098
insert,1376,41798,1.0100000054080738e-05,10,10.427312844134963
insert,1377,932628,1.3300000318849925e-05,13,10.428360172704291
insert,1378,453015,1.1000000085914508e-05,11,10.429406741513981
insert,1379,770215,1.4299999747890979e-05,14,10.430452551665532
insert,1380,337979,1.5000000075815478e-05,15,10.43149760425805
insert,1381,633040,1.1799999811046291e-05,12,10.432541900388259
insert,1382,262530,1.1099999937869143e-05,11,10.433585441150495
insert,1383,27122,1.3200000012147939e-05,13,10.434628227636725
insert,1384,95764,1.3099999705445953e-05,13,10.43567026093655
insert,1385,240045,1.1900000117748277e-05,12,10.436711542137214
insert,1386,707054,9.899999895424116e-06,10,10.437752072323603
insert,1387,876567,1.3299999864102574e-05,13,10.43879185257826
insert,1388,902318,1.3299999864102574e-05,13,10.439830883981392
insert,1389,603140,1.5000000075815478e-05,15,10.44086916761087
insert,1390,615644,1.5000000075815478e-05,15,10.44190670454224
insert,1391,996972,1.1000000085914508e-05,11,10.442943495848729
insert,1392,21754,1.0900000233959872e-05,11,10.443979542601253
insert,1393,801910,1.1900000117748277e-05,12,10.445014845868423
insert,1394,704939,1.3899999885325087e-05,14,10.44604940671655
insert,1395,861323,1.0800000382005237e-05,11,10.447083226209653
insert,1396,282603,1.2200000128359534e-05,12,10.448116305409464
insert,1397,604239,1.5000000075815478e-05,12,10.449148645375436
insert,1398,42186,9.899999895424116e-06,10,10.450180247164754
insert,1399,800178,1.3299999864102574e-05,13,10.451211111832329
insert,1400,793006,1.0799999927257886e-05,11,10.452241240430817
insert,1401,183701,1.0900000233959872e-05,11,10.453270634010623
insert,1402,493356,1.1900000117748277e-05,12,10.454299293619899
insert,1403,544174,1.0899999779212521e-05,11,10.45532722030456
insert,1404,683158,1.4100000043981709e-05,14,10.456354415108288
insert,1405,463712,1.1900000117748277e-05,12,10.457380879072534
insert,1406,960572,1.1200000244571129e-05,11,10.458406613236534
insert,1407,291669,1.0899999779212521e-05,11,10.459431618637296
insert,1408,190306,1.1799999811046291e-05,12,10.460455896309636
insert,1409,613763,1.3899999885325087e-05,14,10.461479447286155
insert,1410,457059,1.5099999927770114e-05,15,10.462502272597265
insert,1411,665621,1.1099999937869143e-05,11,10.46352437327118
insert,1412,853798,1.0800000382005237e-05,11,10.46454575033394
insert,1413,515612,1.4900000223860843e-05,15,10.4655664048094
insert,1414,95675,1.0799999927257886e-05,11,10.466586337719244
insert,1415,492842,1.160000010713702e-05,12,10.467605550082997
insert,1416,364864,1.0799999927257886e-05,11,10.468624042918018
insert,1417,428185,1.1000000085914508e-05,11,10.469641817239516
insert,1418,349500,1.0899999779212521e-05,11,10.470658874060552
insert,1419,336654,1.160000010713702e-05,12,10.471675214392045
insert,1420,702686,1.4299999747890979e-05,14,10.47269083924278
insert,1421,109681,1.4100000043981709e-05,14,10.473705749619416
insert,1422,899399,1.810000003388268e-05,12,10.474719946526482
insert,1423,168638,1.4199999895936344e-05,11,10.475733430966399
insert,1424,345825,3.079999987676274e-05,14,10.476746203939467
insert,1425,431642,1.9799999790848233e-05,12,10.477758266443889
insert,1426,727370,2.3500000224885298e-05,14,10.478769619475763
insert,1427,519537,2.010000025620684e-05,12,10.479780264029099
insert,1428,302219,2.4599999960628338e-05,14,10.480790201095816
insert,1429,694770,1.3299999864102574e-05,12,10.481799431665753
insert,1430,991108,1.2800000149582047e-05,11,10.482807956726667
insert,1431,419905,2.4200000098062446e-05,14,10.483815777264256
insert,1432,853086,1.4400000054592965e-05,14,10.484822894262146
insert,1433,797442,1.340000017080456e-05,13,10.485829308701904
insert,1434,576819,1.0899999779212521e-05,11,10.48683502156305
insert,1435,38480,1.2700000297627412e-05,12,10.487840033823051
insert,1436,476920,1.1900000117748277e-05,12,10.488844346457336
insert,1437,92338,1.7299999854003545e-05,11,10.489847960439297
insert,1438,329796,1.920000022437307e-05,12,10.490850876740298
insert,1439,264660,1.5099999927770114e-05,11,10.491853096329674
insert,1440,338978,1.4100000043981709e-05,14,10.492854620174748
insert,1441,121553,1.6899999991437653e-05,15,10.493855449240822
insert,1442,810076,2.009999980145949e-05,12,10.494855584491198
insert,1443,423809,1.2299999980314169e-05,12,10.49585502688717
insert,1444,906925,1.1099999937869143e-05,11,10.496853777388042
insert,1445,539594,1.3800000033370452e-05,13,10.497851836951117
insert,1446,864999,1.2699999842880061e-05,12,10.498849206531725
insert,1447,1207,1.0799999927257886e-05,11,10.499845887083206
insert,1448,689607,1.1999999969702912e-05,12,10.50084187955693
insert,1449,911598,9.800000043469481e-06,10,10.501837184902296
insert,1450,568951,1.4700000065204222e-05,14,10.502831804066744
insert,1451,484418,1.1699999959091656e-05,12,10.50382573799575
insert,1452,433322,1.159999965238967e-05,12,10.504818987632841
insert,1453,56838,1.0799999927257886e-05,11,10.505811553919594
insert,1454,196695,1.2100000276404899e-05,12,10.506803437795647
insert,1455,543624,1.4199999895936344e-05,14,10.507794640198696
insert,1456,379354,1.0899999779212521e-05,11,10.508785162064513
insert,1457,652879,1.2099999821657548e-05,12,10.509775004326936
insert,1458,793189,1.2900000001536682e-05,13,10.510764167917891
insert,1459,522708,1.5199999779724749e-05,15,10.51175265376738
insert,1460,655789,1.1900000117748277e-05,12,10.512740462803498
insert,1461,463514,1.0700000075303251e-05,11,10.513727595952437
insert,1462,796908,1.4400000054592965e-05,14,10.514714054138487
insert,1463,54119,1.1900000117748277e-05,12,10.515699838284043
insert,1464,213447,1.4199999895936344e-05,14,10.51668494930961
insert,1465,280029,1.340000017080456e-05,13,10.517669388133811
insert,1466,575899,1.0400000064691994e-05,11,10.51865315567339
insert,1467,137378,1.1199999789823778e-05,11,10.519636252843213
insert,1468,972736,1.1000000085914508e-05,11,10.52061868055628
insert,1469,302021,1.1799999811046291e-05,12,10.521600439723727
insert,1470,459399,1.0700000075303251e-05,11,10.52258153125483
insert,1471,923635,1.4899999769113492e-05,13,10.523561956057012
insert,1472,732169,2.099999983329326e-05,12,10.524541715035848
insert,1473,508258,1.8799999907059828e-05,12,10.52552080909507
insert,1474,127325,1.4399999599845614e-05,14,10.526499239136566
insert,1475,30272,1.3500000022759195e-05,13,10.527477006060396
insert,1476,660627,1.2099999821657548e-05,12,10.52845411076479
insert,1477,638449,1.2099999821657548e-05,12,10.52943055414615
insert,1478,838142,1.9699999938893598e-05,15,10.530406337099068
insert,1479,250922,2.0599999970727367e-05,12,10.531381460516313
insert,1480,744262,1.700000029813964e-05,13,10.532355925288847
insert,1481,166072,1.1999999969702912e-05,12,10.533329732305834
insert,1482,325846,1.7099999695346924e-05,14,10.53430288245463
insert,1483,577597,1.2100000276404899e-05,12,10.535275376620802
insert,1484,14339,1.340000017080456e-05,11,10.536247215688128
insert,1485,579078,1.359999987471383e-05,13,10.537218400538595
insert,1486,427810,1.2399999832268804e-05,12,10.53818893205242
insert,1487,97737,1.359999987471383e-05,13,10.539158811108031
insert,1488,235616,1.3299999864102574e-05,13,10.5401280385821
insert,1489,882278,1.2699999842880061e-05,12,10.541096615349524
insert,1490,957277,1.8599999748403206e-05,11,10.542064542283443
insert,1491,118973,2.009999980145949e-05,15,10.543031820255237
insert,1492,483864,1.2200000128359534e-05,12,10.543998450134541
insert,1493,993066,1.4599999758502236e-05,14,10.544964432789238
insert,1494,123173,1.4799999917158857e-05,14,10.545929769085468
insert,1495,679173,2.009999980145949e-05,14,10.546894459887637
insert,1496,872566,1.430000020263833e-05,14,10.547858506058416
insert,1497,161451,1.4299999747890979e-05,14,10.548821908458752
insert,1498,522585,1.5300000086426735e-05,15,10.54978466794786
insert,1499,977958,1.0000000202126103e-05,10,10.550746785383243
insert,1500,751414,1.1699999959091656e-05,12,10.55170826162069
insert,1501,306040,1.430000020263833e-05,14,10.552669097514272
insert,1502,533591,1.2100000276404899e-05,12,10.553629293916364
insert,1503,739678,1.2700000297627412e-05,13,10.554588851677638
insert,1504,286707,1.3900000340072438e-05,11,10.555547771647065
insert,1505,435674,1.2100000276404899e-05,12,10.556506054671928
insert,1506,875272,1.1000000085914508e-05,11,10.557463701597824
insert,1507,505938,1.160000010713702e-05,12,10.558420713268664
insert,1508,495159,1.1899999663000926e-05,12,10.559377090526683
insert,1509,255571,1.3299999864102574e-05,13,10.560332834212442
insert,1510,478976,1.1899999663000926e-05,11,10.561287945164828
insert,1511,578044,1.3800000033370452e-05,14,10.562242424221072
insert,1512,151669,1.4000000192027073e-05,12,10.563196272216738
insert,1513,402220,1.4699999610456871e-05,14,10.564149489985732
insert,1514,199870,1.1900000117748277e-05,12,10.565102078360313
insert,1515,966649,1.3099999705445953e-05,13,10.566054038171092
insert,1516,628493,1.1799999811046291e-05,12,10.567005370247033
insert,1517,532930,9.59999988481286e-06,10,10.567956075415466
insert,1518,782545,1.3200000012147939e-05,13,10.568906154502084
insert,1519,922041,1.1000000085914508e-05,11,10.569855608330947
insert,1520,143140,1.1999999969702912e-05,12,10.570804437724497
insert,1521,905998,9.999999747378752e-06,10,10.571752643503546
insert,1522,73202,1.0899999779212521e-05,11,10.572700226487292
insert,1523,289667,1.0900000233959872e-05,11,10.573647187493322
insert,1524,810209,1.650000012887176e-05,14,10.57459352733761
insert,1525,828382,1.1900000117748277e-05,12,10.57553924683453
insert,1526,895917,1.1900000117748277e-05,12,10.576484346796851
insert,1527,435099,1.4100000043981709e-05,14,10.57742882803575
insert,1528,356386,1.0899999779212521e-05,11,10.578372691360805
insert,1529,979631,1.2199999673612183e-05,12,10.579315937580015
insert,1530,825982,1.160000010713702e-05,12,10.580258567499788
insert,1531,532402,9.800000043469481e-06,10,10.581200581924957
insert,1532,280151,1.0799999927257886e-05,11,10.582141981658777
insert,1533,860409,1.4700000065204222e-05,14,10.583082767502933
insert,1534,2690,1.3100000160193304e-05,13,10.584022940257542
insert,1535,296579,1.4700000065204222e-05,14,10.584962500721156
insert,1536,761320,1.6599999980826396e-05,14,10.585901449690772
insert,1537,313059,1.1999999969702912e-05,12,10.586839787961827
insert,1538,878158,1.159999965238967e-05,12,10.58777751632821
insert,1539,615449,1.3099999705445953e-05,13,10.588714635582264
insert,1540,608094,1.3500000022759195e-05,12,10.589651146514786
insert,1541,691999,1.1799999811046291e-05,12,10.590587049915035
insert,1542,513426,1.5100000382517464e-05,15,10.591522346570734
insert,1543,907292,1.3000000308238668e-05,13,10.59245703726808
insert,1544,155814,1.5100000382517464e-05,15,10.593391122791736
insert,1545,468239,1.0900000233959872e-05,11,10.594324603924848
insert,1546,564743,1.4900000223860843e-05,14,10.595257481449035
insert,1547,507869,1.1799999811046291e-05,12,10.59618975614441
insert,1548,361889,1.1199999789823778e-05,11,10.597121428789569
insert,1549,348589,1.2900000001536682e-05,13,10.5980525001616
insert,1550,578728,1.1900000117748277e-05,12,10.59898297103609
insert,1551,799930,1.4799999917158857e-05,14,10.599912842187127
insert,1552,569828,1.3299999864102574e-05,13,10.600842114387302
insert,1553,395534,1.3100000160193304e-05,13,10.60177078840771
insert,1554,477464,1.1900000117748277e-05,12,10.602698865017965
insert,1555,978167,1.649999967412441e-05,13,10.603626344986193
insert,1556,337409,2.429999995001708e-05,14,10.604553229079038
insert,1557,911844,2.2199999875738285e-05,12,10.605479518061669
insert,1558,197817,1.5100000382517464e-05,14,10.606405212697785
insert,1559,731381,1.2299999980314169e-05,12,10.60733031374961
insert,1560,250406,1.1300000096525764e-05,11,10.608254821977908
insert,1561,599574,1.359999987471383e-05,13,10.60917873814198
insert,1562,401575,1.2399999832268804e-05,12,10.610102062999664
insert,1563,244908,1.5099999927770114e-05,14,10.611024797307353
insert,1564,897595,1.250000013897079e-05,12,10.61194694181998
insert,1565,813218,1.4400000054592965e-05,14,10.612868497291041
insert,1566,430729,1.1900000117748277e-05,12,10.61378946447258
insert,1567,45768,1.6199999663513154e-05,12,10.614709844115207
insert,1568,333633,1.6899999991437653e-05,14,10.615629636968098
insert,1569,780880,1.2299999980314169e-05,12,10.61654884377899
insert,1570,495952,1.2099999821657548e-05,12,10.617467465294196
insert,1571,739486,1.5000000075815478e-05,15,10.618385502258606
insert,1572,957801,1.1099999937869143e-05,11,10.619302955415687
insert,1573,850824,1.4899999769113492e-05,14,10.620219825507487
insert,1574,399750,1.160000010713702e-05,12,10.621136113274641
insert,1575,404833,1.4399999599845614e-05,14,10.622051819456376
insert,1576,695929,1.2200000128359534e-05,12,10.62296694479051
insert,1577,830885,1.4400000054592965e-05,14,10.623881490013458
insert,1578,860617,1.3000000308238668e-05,13,10.624795455860237
insert,1579,683692,1.2100000276404899e-05,12,10.625708843064466
insert,1580,159494,1.2200000128359534e-05,12,10.62662165235837
insert,1581,519390,1.9099999917671084e-05,15,10.627533884472792
insert,1582,38818,1.9799999790848233e-05,11,10.62844554013718
insert,1583,132379,2.320000021427404e-05,13,10.62935662007961
insert,1584,526691,2.0200000108161476e-05,11,10.63026712502677
insert,1585,618850,2.5599999844416743e-05,14,10.63117705570398
insert,1586,348122,2.190000031987438e-05,12,10.632086412835182
insert,1587,911947,1.5099999927770114e-05,14,10.632995197142957
insert,1588,105240,1.5299999631679384e-05,14,10.63390340934852
insert,1589,916656,1.3100000160193304e-05,13,10.634811050171718
insert,1590,886089,1.9299999621580355e-05,12,10.635718120331047
insert,1591,461695,1.609999981155852e-05,13,10.63662462054365
insert,1592,104556,1.430000020263833e-05,14,10.637530551525309
insert,1593,551500,1.2299999980314169e-05,12,10.638435913990472
insert,1594,954668,1.1100000392616494e-05,11,10.639340708652231
insert,1595,479124,1.3100000160193304e-05,13,10.640244936222345
insert,1596,16094,1.2299999980314169e-05,12,10.641148597411233
insert,1597,757538,1.250000013897079e-05,12,10.642051692927977
insert,1598,151158,1.4400000054592965e-05,14,10.642954223480332
insert,1599,429894,1.5999999959603883e-05,15,10.643856189774725
insert,1600,913240,1.9099999917671084e-05,12,10.644757592516257
insert,1601,686588,1.3200000012147939e-05,13,10.64565843240871
insert,1602,161860,1.4400000054592965e-05,14,10.646558710154547
insert,1603,78464,1.1199999789823778e-05,11,10.64745842645492
insert,1604,492297,1.1699999959091656e-05,11,10.648357582009666
insert,1605,819489,1.250000013897079e-05,12,10.649256177517314
insert,1606,277897,1.3700000181415817e-05,13,10.650154213675094
insert,1607,355008,1.1099999937869143e-05,11,10.651051691178928
insert,1608,653535,1.430000020263833e-05,14,10.651948610723446
insert,1609,726354,6.280000025071786e-05,13,10.65284497300198
insert,1610,416792,1.4700000065204222e-05,14,10.653740778706569
insert,1611,681404,1.1799999811046291e-05,12,10.654636028527968
insert,1612,84217,1.0999999631167157e-05,11,10.655530723155643
insert,1613,893141,1.340000017080456e-05,13,10.656424863277781
insert,1614,344526,1.2900000001536682e-05,13,10.657318449581288
insert,1615,893745,1.2900000001536682e-05,13,10.658211482751796
insert,1616,707116,1.52000002344721e-05,11,10.659103963473662
insert,1617,901086,1.6800000139483018e-05,12,10.659995892429977
insert,1618,559544,1.609999981155852e-05,15,10.660887270302567
insert,1619,398469,1.3200000012147939e-05,13,10.661778097771988
insert,1620,332044,1.5300000086426735e-05,12,10.66266837551754
insert,1621,657247,1.2999999853491317e-05,12,10.663558104217273
insert,1622,753630,1.4500000361294951e-05,14,10.664447284547972
insert,1623,930547,1.4700000065204222e-05,14,10.665335917185176
insert,1624,796291,1.4600000213249587e-05,14,10.66622400280318
insert,1625,511651,1.4600000213249587e-05,14,10.667111542075027
insert,1626,914760,1.1899999663000926e-05,12,10.667998535672528
insert,1627,567297,1.3200000012147939e-05,13,10.668884984266247
insert,1628,37643,1.2100000276404899e-05,12,10.669770888525518
insert,1629,647454,1.5800000255694613e-05,15,10.67065624911844
insert,1630,71745,1.0000000202126103e-05,10,10.671541066711884
insert,1631,246175,1.1100000392616494e-05,11,10.672425341971495
insert,1632,661821,1.1000000085914508e-05,11,10.673309075561695
insert,1633,717645,1.2099999821657548e-05,12,10.674192268145683
insert,1634,965665,1.1199999789823778e-05,11,10.675074920385445
insert,1635,301339,1.4100000043981709e-05,14,10.67595703294175
insert,1636,238537,1.0799999927257886e-05,11,10.676838606474153
insert,1637,783042,1.2100000276404899e-05,12,10.677719641641009
insert,1638,94770,1.6599999980826396e-05,13,10.678600139099458
insert,1639,455053,1.7299999854003545e-05,12,10.679480099505446
insert,1640,103226,1.0700000075303251e-05,11,10.680359523513713
insert,1641,797306,1.0799999927257886e-05,11,10.681238411777805
insert,1642,664533,1.0700000075303251e-05,11,10.682116764950074
insert,1643,738084,1.2900000001536682e-05,13,10.682994583681683
insert,1644,914966,1.159999965238967e-05,12,10.683871868622603
insert,1645,105390,1.0799999927257886e-05,11,10.684748620421626
insert,1646,465231,1.1099999937869143e-05,11,10.685624839726355
insert,1647,174447,1.1300000096525764e-05,11,10.686500527183219
insert,1648,727713,1.2999999853491317e-05,13,10.687375683437468
insert,1649,314013,1.0799999927257886e-05,11,10.688250309133178
insert,1650,947309,1.1099999937869143e-05,11,10.689124404913258
insert,1651,30354,1.1099999937869143e-05,11,10.689997971419446
insert,1652,48226,1.5999999959603883e-05,13,10.690871009292314
insert,1653,340132,1.2999999853491317e-05,13,10.691743519171276
insert,1654,834817,1.44999999065476e-05,14,10.69261550169458
insert,1655,58846,1.2199999673612183e-05,12,10.693486957499324
insert,1656,307619,1.1799999811046291e-05,12,10.694357887221452
insert,1657,375877,1.0899999779212521e-05,11,10.69522829149575
insert,1658,393050,1.3299999864102574e-05,13,10.696098170955864
insert,1659,451608,1.1799999811046291e-05,12,10.696967526234287
insert,1660,152641,1.5499999790336005e-05,15,10.697836357962377
insert,1661,256060,1.1099999937869143e-05,11,10.698704666770345
insert,1662,556969,1.1000000085914508e-05,11,10.699572453287269
insert,1663,432068,1.2200000128359534e-05,12,10.700439718141093
insert,1664,593419,1.2299999980314169e-05,12,10.701306461958625
insert,1665,714920,1.430000020263833e-05,14,10.702172685365548
insert,1666,831017,1.540000039312872e-05,15,10.703038388986418
insert,1667,188804,1.560000009703799e-05,15,10.703903573444663
insert,1668,178241,1.06999996205559e-05,11,10.704768239362599
insert,1669,183574,1.4199999895936344e-05,14,10.705632387361415
insert,1670,82805,1.0799999927257886e-05,11,10.706496018061188
insert,1671,639099,1.5199999779724749e-05,15,10.707359132080883
insert,1672,913142,1.3899999885325087e-05,14,10.708221730038353
insert,1673,401127,1.3999999737279722e-05,14,10.709083812550343
insert,1674,649814,1.1799999811046291e-05,12,10.709945380232497
insert,1675,716319,1.1699999959091656e-05,12,10.710806433699352
insert,1676,252529,1.4400000054592965e-05,14,10.711666973564347
insert,1677,521842,1.1900000117748277e-05,12,10.712527000439824
insert,1678,957171,1.2999999853491317e-05,13,10.71338651493703
insert,1679,611485,1.1999999969702912e-05,12,10.714245517666123
insert,1680,150070,1.1499999800435035e-05,12,10.715104009236168
insert,1681,243468,1.2999999853491317e-05,13,10.715961990255144
insert,1682,483551,1.2999999853491317e-05,13,10.71681946132995
insert,1683,668892,1.2099999821657548e-05,12,10.717676423066397
insert,1684,266315,1.1200000244571129e-05,11,10.71853287606922
insert,1685,481895,1.0700000075303251e-05,11,10.719388820942083
insert,1686,267730,1.0899999779212521e-05,11,10.720244258287567
insert,1687,699234,1.2099999821657548e-05,12,10.721099188707186
insert,1688,9854,1.359999987471383e-05,13,10.721953612801386
insert,1689,942574,1.2599999990925426e-05,11,10.722807531169547
insert,1690,843719,1.7299999854003545e-05,11,10.723660944409984
insert,1691,487854,1.4799999917158857e-05,14,10.72451385311995
insert,1692,944987,1.1999999969702912e-05,12,10.725366257895642
insert,1693,301604,1.52000002344721e-05,15,10.726218159332198
insert,1694,710527,1.8000000181928044e-05,15,10.727069558023706
insert,1695,573150,1.5199999779724749e-05,12,10.727920454563199
insert,1696,165650,1.7500000012660166e-05,12,10.728770849542663
insert,1697,77450,1.610000026630587e-05,11,10.729620743553038
insert,1698,463188,1.1999999969702912e-05,12,10.73047013718422
insert,1699,991152,1.3699999726668466e-05,13,10.731319031025064
insert,1700,362352,1.4100000043981709e-05,14,10.732167425663384
insert,1701,616114,1.3099999705445953e-05,13,10.733015321685963
insert,1702,313686,1.0600000223348616e-05,11,10.733862719678543
insert,1703,669976,1.5499999790336005e-05,15,10.734709620225837
insert,1704,444921,1.4599999758502236e-05,14,10.735556023911535
insert,1705,723847,1.1900000117748277e-05,12,10.73640193131829
insert,1706,262247,1.44999999065476e-05,14,10.737247343027738
insert,1707,479028,1.1899999663000926e-05,12,10.73809225962049
insert,1708,886366,1.5499999790336005e-05,15,10.73893668167614
insert,1709,316798,1.44999999065476e-05,14,10.73978060977326
insert,1710,208895,1.2200000128359534e-05,12,10.740624044489413
insert,1711,403381,1.160000010713702e-05,12,10.741466986401146
insert,1712,894788,1.2200000128359534e-05,12,10.742309436084
insert,1713,506681,1.4299999747890979e-05,14,10.7431513941125
insert,1714,111835,1.3299999864102574e-05,13,10.743992861060175
insert,1715,248729,1.1899999663000926e-05,12,10.744833837499545
insert,1716,399890,1.4799999917158857e-05,15,10.745674324002135
insert,1717,599705,1.6400000276917126e-05,16,10.746514321138463
insert,1718,376396,1.2800000149582047e-05,13,10.747353829478062
insert,1719,602734,1.5900000107649248e-05,16,10.74819284958946
insert,1720,310245,1.539999993838137e-05,15,10.749031382040204
insert,1721,733248,1.4199999895936344e-05,14,10.749869427396844
insert,1722,309572,1.159999965238967e-05,12,10.750706986224948
insert,1723,23006,1.1099999937869143e-05,11,10.751544059089099
insert,1724,870358,1.339999971605721e-05,13,10.752380646552893
insert,1725,690204,1.5099999927770114e-05,15,10.753216749178955
insert,1726,415033,1.4100000043981709e-05,14,10.754052367528924
insert,1727,287814,1.1200000244571129e-05,11,10.754887502163468
insert,1728,8492,1.0299999757990008e-05,10,10.755722153642282
insert,1729,593420,1.3899999885325087e-05,14,10.756556322524087
insert,1730,907089,1.4599999758502236e-05,14,10.757390009366638
insert,1731,719113,1.1999999969702912e-05,12,10.758223214726724
insert,1732,816119,1.430000020263833e-05,14,10.75905593916017
insert,1733,780842,1.4000000192027073e-05,14,10.759888183221834
insert,1734,51427,1.1099999937869143e-05,11,10.760719947465624
insert,1735,954852,1.4299999747890979e-05,14,10.761551232444479
insert,1736,635864,1.5300000086426735e-05,15,10.762382038710392
insert,1737,781370,1.8599999748403206e-05,15,10.7632123668144
insert,1738,520857,1.539999993838137e-05,15,10.764042217306587
insert,1739,873295,1.1799999811046291e-05,12,10.76487159073609
insert,1740,948076,1.2999999853491317e-05,13,10.7657004876511
insert,1741,946796,1.4199999895936344e-05,14,10.766528908598865
insert,1742,300097,1.2900000001536682e-05,13,10.767356854125685
insert,1743,813424,1.1900000117748277e-05,12,10.768184324776927
insert,1744,837666,1.5199999779724749e-05,15,10.769011321097015
insert,1745,241297,1.1799999811046291e-05,12,10.76983784362944
insert,1746,636554,1.1699999959091656e-05,12,10.77066389291676
insert,1747,840887,1.5099999927770114e-05,15,10.7714894695006
insert,1748,369436,1.430000020263833e-05,14,10.772314573921653
insert,1749,229643,1.1199999789823778e-05,11,10.77313920671969
insert,1750,667543,1.06999996205559e-05,11,10.773963368433558
insert,1751,199368,1.44999999065476e-05,14,10.774787059601174
insert,1752,651052,1.4100000043981709e-05,14,10.775610280759539
insert,1753,262802,1.4100000043981709e-05,14,10.776433032444732
insert,1754,710688,1.2599999990925426e-05,13,10.777255315191923
insert,1755,792281,1.0900000233959872e-05,11,10.778077129535358
insert,1756,755949,1.3999999737279722e-05,14,10.778898476008376
insert,1757,804752,1.1799999811046291e-05,12,10.779719355143405
insert,1758,691202,1.1699999959091656e-05,12,10.78053976747196
insert,1759,713929,1.4200000350683695e-05,12,10.78135971352466
insert,1760,879061,1.539999993838137e-05,15,10.782179193831208
insert,1761,143424,1.880000036180718e-05,14,10.782998208920414
insert,1762,658766,1.1799999811046291e-05,12,10.783816759320182
insert,1763,101884,1.5099999927770114e-05,14,10.784634845557521
insert,1764,947288,1.5299999631679384e-05,14,10.785452468158542
insert,1765,657938,1.3500000022759195e-05,14,10.786269627648466
insert,1766,677738,1.5500000245083356e-05,15,10.787086324551616
insert,1767,41338,1.1099999937869143e-05,11,10.787902559391432
insert,1768,323940,1.2099999821657548e-05,12,10.788718332690458
insert,1769,826919,1.4199999895936344e-05,14,10.78953364497036
insert,1770,462237,1.2900000001536682e-05,13,10.790348496751914
insert,1771,34986,1.0700000075303251e-05,11,10.791162888555018
insert,1772,607728,1.3800000033370452e-05,14,10.79197682089869
insert,1773,382585,1.1799999811046291e-05,12,10.792790294301064
insert,1774,767935,1.1799999811046291e-05,12,10.793603309279407
insert,1775,137796,1.1800000265793642e-05,12,10.794415866350105
insert,1776,94512,1.3899999885325087e-05,14,10.795227966028678
insert,1777,953814,1.0700000075303251e-05,11,10.79603960882977
insert,1778,309446,1.4899999769113492e-05,15,10.79685079526716
insert,1779,342590,1.6899999991437653e-05,14,10.79766152585376
insert,1780,783791,1.2099999821657548e-05,12,10.798471801101618
insert,1781,435687,1.5499999790336005e-05,15,10.799281621521923
insert,1782,184172,1.0899999779212521e-05,11,10.800090987624994
insert,1783,210549,1.1900000117748277e-05,12,10.800899899920305
insert,1784,138580,1.3900000340072438e-05,14,10.801708358916462
insert,1785,824719,1.1800000265793642e-05,12,10.802516365121223
insert,1786,565611,1.2100000276404899e-05,12,10.80332391904149
insert,1787,919036,1.4600000213249587e-05,14,10.804131021183318
insert,1788,383630,1.5000000075815478e-05,15,10.804937672051908
insert,1789,556640,1.4400000054592965e-05,14,10.805743872151618
insert,1790,526170,1.4599999758502236e-05,14,10.806549621985962
insert,1791,957861,1.5799999800947262e-05,13,10.807354922057604
insert,1792,285766,1.1099999937869143e-05,11,10.808159772868375
insert,1793,870814,1.4199999895936344e-05,14,10.80896417491926
insert,1794,172538,1.3299999864102574e-05,13,10.809768128710413
insert,1795,269453,1.1000000085914508e-05,11,10.810571634741146
insert,1796,958450,1.2900000001536682e-05,13,10.811374693509942
insert,1797,864750,1.5300000086426735e-05,15,10.812177305514448
insert,1798,990053,1.3299999864102574e-05,13,10.812979471251483
insert,1799,505255,1.3099999705445953e-05,13,10.813781191217037
insert,1800,845665,1.1999999969702912e-05,12,10.814582465906277
insert,1801,309479,1.3899999885325087e-05,14,10.815383295813538
insert,1802,782825,1.52000002344721e-05,15,10.816183681432342
insert,1803,912678,1.3800000033370452e-05,14,10.81698362325538
insert,1804,355169,1.1900000117748277e-05,12,10.817783121774534
insert,1805,843299,1.1699999959091656e-05,12,10.818582177480858
insert,1806,120765,1.4799999917158857e-05,15,10.8193807908646
insert,1807,491082,1.1900000117748277e-05,12,10.820178962415188
insert,1808,78958,1.1000000085914508e-05,11,10.82097669262124
insert,1809,147595,1.5300000086426735e-05,15,10.821773981970567
insert,1810,790786,1.3200000012147939e-05,13,10.822570830950168
insert,1811,236575,1.430000020263833e-05,14,10.823367240046235
insert,1812,901923,1.0799999927257886e-05,11,10.824163209744158
insert,1813,709177,1.1099999937869143e-05,11,10.824958740528523
insert,1814,759397,1.2800000149582047e-05,13,10.825753832883112
insert,1815,707167,1.2799999694834696e-05,13,10.826548487290914
insert,1816,416717,1.5199999779724749e-05,15,10.827342704234116
insert,1817,886828,1.4100000043981709e-05,14,10.828136484194108
insert,1818,843672,1.4899999769113492e-05,15,10.828929827651486
insert,1819,584385,1.1000000085914508e-05,11,10.829722735086058
insert,1820,383543,1.3800000033370452e-05,14,10.830515206976838
insert,1821,94690,1.539999993838137e-05,15,10.831307243802051
insert,1822,829091,1.4100000043981709e-05,12,10.832098846039134
insert,1823,413742,2.009999980145949e-05,15,10.832890014164741
insert,1824,14595,1.44999999065476e-05,14,10.833680748654743
insert,1825,277305,1.0899999779212521e-05,11,10.834471049984222
insert,1826,562637,1.4299999747890979e-05,14,10.835260918627489
insert,1827,129593,1.6899999991437653e-05,15,10.83605035505807
insert,1828,476878,1.560000009703799e-05,15,10.836839359748716
insert,1829,386491,1.5000000075815478e-05,15,10.837627933171404
insert,1830,705512,1.3100000160193304e-05,13,10.838416075797337
insert,1831,785396,1.4600000213249587e-05,14,10.839203788096944
insert,1832,705001,1.0599999768601265e-05,11,10.839991070539886
insert,1833,274897,1.2099999821657548e-05,12,10.840777923595054
insert,1834,612956,1.8799999907059828e-05,13,10.841564347730575
insert,1835,399535,1.8400000044493936e-05,15,10.842350343413807
insert,1836,862368,1.52000002344721e-05,15,10.84313591111135
insert,1837,669568,1.5500000245083356e-05,15,10.843921051289035
insert,1838,985968,1.7500000012660166e-05,14,10.844705764411938
insert,1839,389519,1.6200000118260505e-05,14,10.845490050944376
insert,1840,113610,1.430000020263833e-05,14,10.846273911349906
insert,1841,707618,1.1700000413839007e-05,12,10.847057346091336
insert,1842,245181,1.1900000117748277e-05,12,10.847840355630714
insert,1843,494380,1.5199999779724749e-05,15,10.848622940429339
insert,1844,26241,1.2299999980314169e-05,12,10.849405100947758
insert,1845,649642,1.2900000001536682e-05,13,10.850186837645774
insert,1846,927188,1.0000000202126103e-05,10,10.850968150982439
insert,1847,988985,1.06999996205559e-05,11,10.851749041416058
insert,1848,588679,1.52000002344721e-05,15,10.852529509404196
insert,1849,343940,1.1900000117748277e-05,12,10.853309555403674
insert,1850,959716,1.1900000117748277e-05,12,10.854089179870574
insert,1851,639718,1.560000009703799e-05,15,10.854868383260236
insert,1852,232121,1.1200000244571129e-05,11,10.855647166027266
insert,1853,679113,1.1999999969702912e-05,12,10.85642552862553
insert,1854,66288,9.899999895424116e-06,10,10.857203471508166
insert,1855,666270,1.6899999991437653e-05,12,10.857980995127573
insert,1856,863875,1.4199999895936344e-05,14,10.858758099935422
insert,1857,486820,1.1699999959091656e-05,12,10.859534786382653
insert,1858,953563,1.1999999969702912e-05,12,10.860311054919482
insert,1859,735133,1.2900000001536682e-05,13,10.861086905995395
insert,1860,316870,1.4200000350683695e-05,14,10.861862340059151
insert,1861,680777,1.3600000329461182e-05,14,10.862637357558794
insert,1862,428130,1.539999993838137e-05,15,10.863411958941638
insert,1863,122344,1.4199999895936344e-05,14,10.86418614465428
insert,1864,146567,1.4000000192027073e-05,12,10.8649599151426
insert,1865,47550,9.59999988481286e-06,10,10.86573327085176
insert,1866,992228,1.1100000392616494e-05,11,10.866506212226202
insert,1867,39020,1.3200000012147939e-05,13,10.867278739709661
insert,1868,319150,1.3000000308238668e-05,13,10.868050853745158
insert,1869,516555,1.1999999969702912e-05,12,10.868822554774999
insert,1870,121762,1.160000010713702e-05,12,10.869593843240784
insert,1871,101914,1.1699999959091656e-05,12,10.870364719583405
insert,1872,246206,1.1799999811046291e-05,12,10.871135184243045
insert,1873,930359,1.3099999705445953e-05,13,10.871905237659186
insert,1874,563659,1.1699999959091656e-05,12,10.872674880270605
insert,1875,142255,1.3100000160193304e-05,13,10.873444112515376
insert,1876,407525,1.52000002344721e-05,15,10.874212934830874
insert,1877,475680,1.1999999969702912e-05,12,10.874981347653774
insert,1878,389034,1.3800000033370452e-05,14,10.875749351420055
insert,1879,703056,1.1799999811046291e-05,12,10.876516946565
insert,1880,995498,1.339999971605721e-05,13,10.877284133523196
insert,1881,779239,1.5300000086426735e-05,15,10.878050912728536
insert,1882,730317,1.2800000149582047e-05,13,10.878817284614229
insert,1883,991926,1.0700000075303251e-05,11,10.879583249612784
insert,1884,566433,1.1899999663000926e-05,12,10.880348808156027
insert,1885,439487,1.3999999737279722e-05,14,10.881113960675096
insert,1886,615871,1.5000000075815478e-05,15,10.881878707600446
insert,1887,778326,1.5100000382517464e-05,15,10.88264304936184
insert,1888,761895,1.2800000149582047e-05,13,10.88340698638837
insert,1889,162030,1.1100000392616494e-05,11,10.884170519108435
insert,1890,928424,1.4199999895936344e-05,14,10.884933647949762
insert,1891,435038,1.5499999790336005e-05,15,10.885696373339396
insert,1892,686736,1.1699999959091656e-05,12,10.886458695703706
insert,1893,103832,1.1799999811046291e-05,12,10.887220615468385
insert,1894,874191,1.0799999927257886e-05,11,10.887982133058454
insert,1895,513118,1.2800000149582047e-05,13,10.888743248898258
insert,1896,645559,1.560000009703799e-05,15,10.889503963411476
insert,1897,427941,1.7899999875226058e-05,15,10.89026427702111
insert,1898,984669,1.3899999885325087e-05,14,10.891024190149498
insert,1899,997743,1.1199999789823778e-05,11,10.89178370321831
insert,1900,293329,1.1000000085914508e-05,11,10.892542816648552
insert,1901,34306,1.3100000160193304e-05,13,10.893301530860564
insert,1902,723812,1.3899999885325087e-05,14,10.894059846274022
insert,1903,388529,1.5299999631679384e-05,15,10.894817763307943
insert,1904,227824,1.3100000160193304e-05,13,10.895575282380685
insert,1905,464921,1.3800000033370452e-05,14,10.896332403909941
insert,1906,466298,1.1299999641778413e-05,12,10.897089128312757
insert,1907,996730,2.750000021478627e-05,13,10.897845456005511
insert,1908,247583,1.1899999663000926e-05,12,10.898601387403938
insert,1909,897005,1.1999999969702912e-05,12,10.899356922923111
insert,1910,380304,1.0900000233959872e-05,11,10.900112062977456
insert,1911,104181,1.1800000265793642e-05,12,10.900866807980748
insert,1912,718988,1.4000000192027073e-05,14,10.901621158346112
insert,1913,385179,1.4399999599845614e-05,14,10.902375114486025
insert,1914,570914,1.8600000203150557e-05,13,10.903128676812319
insert,1915,945498,1.75999998646148e-05,14,10.90388184573618
insert,1916,676150,1.1699999959091656e-05,12,10.904634621668151
insert,1917,376097,1.3200000012147939e-05,13,10.905387005018131
insert,1918,63492,1.0999999631167157e-05,11,10.90613899619538
insert,1919,417480,1.1999999969702912e-05,12,10.906890595608518
insert,1920,289283,1.2999999853491317e-05,13,10.907641803665527
insert,1921,199029,1.4199999895936344e-05,14,10.90839262077375
insert,1922,128094,1.5300000086426735e-05,15,10.909143047339898
insert,1923,995110,1.0799999927257886e-05,11,10.909893083770042
insert,1924,889228,1.4299999747890979e-05,14,10.910642730469625
insert,1925,864227,1.3899999885325087e-05,14,10.911391987843459
insert,1926,476806,1.3999999737279722e-05,14,10.912140856295721
insert,1927,96127,1.1900000117748277e-05,12,10.912889336229961
insert,1928,694964,1.5299999631679384e-05,15,10.913637428049103
insert,1929,222410,1.4600000213249587e-05,14,10.914385132155443
insert,1930,672876,1.4299999747890979e-05,14,10.91513244895065
insert,1931,670557,1.0400000064691994e-05,11,10.915879378835774
insert,1932,626153,1.1999999969702912e-05,12,10.916625922211235
insert,1933,22395,1.3200000012147939e-05,13,10.917372079476841
insert,1934,53036,1.0899999779212521e-05,11,10.918117851031772
insert,1935,825014,1.3099999705445953e-05,13,10.918863237274595
insert,1936,349710,1.1900000117748277e-05,12,10.919608238603253
insert,1937,255401,1.44999999065476e-05,14,10.92035285541508
insert,1938,132041,1.0899999779212521e-05,11,10.921097088106793
insert,1939,825207,1.4799999917158857e-05,15,10.92184093707449
insert,1940,592003,1.3800000033370452e-05,14,10.922584402713664
insert,1941,215174,1.1900000117748277e-05,12,10.923327485419192
insert,1942,71943,1.0000000202126103e-05,10,10.924070185585345
insert,1943,870128,1.3000000308238668e-05,13,10.92481250360578
insert,1944,802326,1.4000000192027073e-05,14,10.925554439873554
insert,1945,581129,1.2100000276404899e-05,12,10.926295994781112
insert,1946,217221,1.1800000265793642e-05,12,10.927037168720295
insert,1947,614868,1.609999981155852e-05,16,10.927777962082342
insert,1948,226442,1.2900000001536682e-05,13,10.92851837525789
insert,1949,852548,1.6600000435573747e-05,14,10.929258408636972
insert,1950,911942,1.1699999959091656e-05,12,10.929998062609027
insert,1951,244317,1.1899999663000926e-05,12,10.930737337562887
insert,1952,344520,1.1999999969702912e-05,12,10.931476233886793
insert,1953,811985,1.1900000117748277e-05,12,10.932214751968385
insert,1954,154722,1.0999999631167157e-05,11,10.932952892194715
insert,1955,826953,1.4100000043981709e-05,14,10.933690654952233
insert,1956,944276,1.4299999747890979e-05,14,10.934428040626804
insert,1957,624933,1.4100000043981709e-05,14,10.935165049603695
insert,1958,2974,1.4400000054592965e-05,14,10.935901682267588
insert,1959,290744,5.499999997482519e-05,12,10.936637939002571
insert,1960,900105,1.5499999790336005e-05,15,10.93737382019215
insert,1961,151717,1.1999999969702912e-05,12,10.938109326219239
insert,1962,136307,1.1999999969702912e-05,12,10.938844457466171
insert,1963,566457,1.3100000160193304e-05,13,10.939579214314692
insert,1964,262830,1.4799999917158857e-05,13,10.94031359714597
insert,1965,837303,1.3200000012147939e-05,13,10.94104760634058
insert,1966,182974,1.1799999811046291e-05,12,10.94178124227853
insert,1967,115267,1.1999999969702912e-05,11,10.94251450533924
insert,1968,693170,1.52000002344721e-05,15,10.943247395901553
insert,1969,908537,1.1000000085914508e-05,11,10.943979914343739
insert,1970,27033,9.899999895424116e-06,10,10.944712061043486
insert,1971,138206,1.3900000340072438e-05,14,10.945443836377912
insert,1972,15583,1.1000000085914508e-05,11,10.946175240723559
insert,1973,375645,1.2100000276404899e-05,12,10.946906274456397
insert,1974,828359,1.4000000192027073e-05,14,10.947636937951827
insert,1975,826731,1.2599999990925426e-05,13,10.948367231584678
insert,1976,249490,1.4000000192027073e-05,14,10.949097155729207
insert,1977,617458,1.1900000117748277e-05,12,10.949826710759112
insert,1978,339499,1.4400000054592965e-05,14,10.950555897047511
insert,1979,16548,1.0600000223348616e-05,11,10.951284714966972
insert,1980,182711,1.3900000340072438e-05,14,10.952013164889486
insert,1981,278259,1.0000000202126103e-05,10,10.952741247186488
insert,1982,54945,1.1000000085914508e-05,11,10.953468962228849
insert,1983,132916,1.1999999969702912e-05,12,10.954196310386875
insert,1984,777748,1.559999964229064e-05,15,10.95492329203032
insert,1985,441410,1.4400000054592965e-05,14,10.955649907528374
insert,1986,551641,1.3200000012147939e-05,13,10.95637615724967
insert,1987,119170,1.4199999895936344e-05,14,10.957102041562287
insert,1988,781887,1.4000000192027073e-05,14,10.957827560833744
insert,1989,66646,1.0000000202126103e-05,10,10.958552715431011
insert,1990,499381,9.900000350171467e-06,10,10.959277505720502
insert,1991,470051,1.2900000001536682e-05,13,10.960001932068081
insert,1992,815810,1.7600000319362152e-05,15,10.960725994839057
insert,1993,379626,1.0799999927257886e-05,11,10.961449694398196
insert,1994,538170,1.1699999959091656e-05,12,10.962173031109709
insert,1995,622504,1.539999993838137e-05,15,10.96289600533726
insert,1996,114352,1.1799999811046291e-05,12,10.963618617443974
insert,1997,473963,1.1800000265793642e-05,12,10.96434086779242
insert,1998,528314,1.4400000054592965e-05,14,10.965062756744627
insert,1999,232312,1.4299999747890979e-05,14,10.965784284662087
insert,2000,991341,1.430000020263833e-05,14,10.966505451905741
insert,2001,644987,1.2999999853491317e-05,13,10.967226258835993
insert,2002,45472,9.900000350171467e-06,10,10.967946705812707
insert,2003,762570,1.5099999927770114e-05,15,10.968666793195208
insert,2004,821274,1.5300000086426735e-05,15,10.969386521342283
insert,2005,952896,1.4199999895936344e-05,14,10.970105890612182
insert,2006,909096,1.4200000350683695e-05,14,10.970824901362617
insert,2007,690910,1.3800000033370452e-05,14,10.971543553950772
insert,2008,546782,1.1999999969702912e-05,12,10.972261848733291
insert,2009,316283,1.3000000308238668e-05,13,10.972979786066292
insert,2010,480293,1.2900000001536682e-05,13,10.973697366305352
insert,2011,674592,1.4999999621068127e-05,15,10.974414589805527
insert,2012,32664,1.3100000160193304e-05,13,10.97513145692134
insert,2013,63781,1.0899999779212521e-05,11,10.975847968006784
insert,2014,502249,1.340000017080456e-05,11,10.97656412341533
insert,2015,888457,1.2099999821657548e-05,12,10.977279923499916
insert,2016,421127,1.1900000117748277e-05,12,10.977995368612962
insert,2017,446981,1.1900000117748277e-05,12,10.978710459106358
insert,2018,719426,1.5699999948992627e-05,15,10.979425195331473
insert,2019,113207,1.1899999663000926e-05,12,10.980139577639157
insert,2020,514085,1.1800000265793642e-05,12,10.980853606379736
insert,2021,747007,1.2900000001536682e-05,13,10.981567281903015
insert,2022,953891,1.539999993838137e-05,15,10.982280604558284
insert,2023,465109,1.2699999842880061e-05,13,10.98299357469431
insert,2024,77061,1.4100000043981709e-05,14,10.98370619265935
insert,2025,942950,1.0900000233959872e-05,11,10.984418458801137
insert,2026,84715,1.0899999779212521e-05,11,10.985130373466898
insert,2027,337759,1.1999999969702912e-05,12,10.98584193700334
insert,2028,637847,1.3800000033370452e-05,14,10.98655314975666
insert,2029,155540,1.2200000128359534e-05,12,10.987264012072538
insert,2030,68873,1.340000017080456e-05,13,10.987974524296153
insert,2031,132322,1.2800000149582047e-05,13,10.988684686772165
insert,2032,288376,1.1099999937869143e-05,11,10.989394499844732
insert,2033,654645,1.5300000086426735e-05,15,10.9901039638575
insert,2034,663830,1.4100000043981709e-05,12,10.99081307915361
insert,2035,613800,1.649999967412441e-05,16,10.991521846075695
insert,2036,574994,1.3300000318849925e-05,12,10.992230264965889
insert,2037,746747,1.5099999927770114e-05,15,10.992938336165814
insert,2038,340982,1.1199999789823778e-05,11,10.993646060016596
insert,2039,399408,1.2999999853491317e-05,13,10.994353436858859
insert,2040,626411,1.5300000086426735e-05,15,10.995060467032719
insert,2041,556330,1.2200000128359534e-05,12,10.995767150877802
insert,2042,309223,1.52000002344721e-05,13,10.996473488733228
insert,2043,475756,1.44999999065476e-05,14,10.997179480937621
insert,2044,530109,1.2599999990925426e-05,11,10.997885127829111
insert,2045,634837,1.4799999917158857e-05,15,10.99859042974533
insert,2046,451097,1.6599999980826396e-05,14,10.99929538702341
insert,2047,103997,1.4100000043981709e-05,14,11.0
insert,2048,831622,1.5699999948992627e-05,15,11.000704269011246
insert,2049,735870,1.2599999990925426e-05,13,11.001408194392809
insert,2050,119972,1.0800000382005237e-05,11,11.002111776479852
insert,2051,894218,1.1900000117748277e-05,12,11.002815015607053
insert,2052,686517,1.1699999959091656e-05,12,11.003517912108602
insert,2053,682536,1.539999993838137e-05,13,11.004220466318195
insert,2054,920342,2.1600000309263123e-05,14,11.004922678569045
insert,2055,806316,1.4100000043981709e-05,14,11.005624549193879
insert,2056,578117,1.3999999737279722e-05,14,11.006326078524934
insert,2057,755856,1.3800000033370452e-05,14,11.007027266893969
insert,2058,907535,1.3100000160193304e-05,13,11.007728114632254
insert,2059,225469,1.0799999927257886e-05,11,11.00842862207058
insert,2060,450962,1.1800000265793642e-05,12,11.009128789539256
insert,2061,473490,1.5099999927770114e-05,15,11.00982861736811
insert,2062,931231,1.1000000085914508e-05,11,11.010528105886484
insert,2063,239593,1.4000000192027073e-05,14,11.011227255423254
insert,2064,433915,1.5300000086426735e-05,15,11.011926066306808
insert,2065,355396,1.4199999895936344e-05,14,11.01262453886506
insert,2066,867612,1.4399999599845614e-05,14,11.013322673425447
insert,2067,475529,1.159999965238967e-05,12,11.014020470314934
insert,2068,418099,1.1999999969702912e-05,12,11.014717929860009
insert,2069,436197,1.1699999959091656e-05,12,11.015415052386688
insert,2070,765055,1.1700000413839007e-05,12,11.016111838220512
insert,2071,99705,1.2100000276404899e-05,12,11.016808287686555
insert,2072,327731,1.430000020263833e-05,14,11.017504401109415
insert,2073,447495,1.1000000085914508e-05,11,11.018200178813226
insert,2074,327705,1.1699999959091656e-05,12,11.018895621121649
insert,2075,697417,1.5300000086426735e-05,15,11.019590728357882
insert,2076,267272,1.1999999969702912e-05,12,11.020285500844647
insert,2077,392484,1.8799999907059828e-05,15,11.020979938904212
insert,2078,999915,1.2399999832268804e-05,10,11.02167404285837
insert,2079,160054,1.1099999937869143e-05,11,11.022367813028454
insert,2080,720185,1.1500000255182385e-05,12,11.023061249735335
insert,2081,967820,9.900000350171467e-06,10,11.023754353299417
insert,2082,497306,1.1800000265793642e-05,12,11.024447124040647
insert,2083,70395,1.0700000075303251e-05,11,11.025139562278508
insert,2084,95657,1.1699999959091656e-05,12,11.025831668332026
insert,2085,872177,1.1900000117748277e-05,12,11.026523442519766
insert,2086,89512,1.1800000265793642e-05,12,11.027214885159834
insert,2087,97759,1.2900000001536682e-05,13,11.027905996569885
insert,2088,452856,1.4199999895936344e-05,14,11.028596777067108
insert,2089,101256,1.3700000181415817e-05,14,11.029287226968245
insert,2090,780759,1.1999999969702912e-05,12,11.029977346589579
insert,2091,774684,1.4100000043981709e-05,14,11.030667136246942
insert,2092,390749,1.0700000075303251e-05,11,11.031356596255709
insert,2093,851202,1.4400000054592965e-05,14,11.032045726930809
insert,2094,136436,1.5000000075815478e-05,15,11.032734528586714
insert,2095,583398,1.1900000117748277e-05,12,11.03342300153745
insert,2096,62895,1.0799999927257886e-05,11,11.034111146096592
insert,2097,614954,1.2800000149582047e-05,13,11.034798962577268
insert,2098,588867,1.52000002344721e-05,15,11.035486451292154
insert,2099,588968,1.2599999990925426e-05,13,11.036173612553485
insert,2100,345659,1.2099999821657548e-05,12,11.036860446673046
insert,2101,702560,1.5099999927770114e-05,15,11.037546953962178
insert,2102,128169,1.5300000086426735e-05,15,11.03823313473178
insert,2103,430765,1.4599999758502236e-05,14,11.038918989292302
insert,2104,370775,1.1800000265793642e-05,12,11.039604517953759
insert,2105,916044,1.2099999821657548e-05,12,11.040289721025717
insert,2106,697661,1.3800000033370452e-05,13,11.040974598817305
insert,2107,986847,1.1000000085914508e-05,11,11.041659151637214
insert,2108,786731,1.0899999779212521e-05,11,11.042343379793692
insert,2109,443482,1.4099999589234358e-05,14,11.043027283594547
insert,2110,910261,1.919999976962572e-05,11,11.043710863347156
insert,2111,960332,1.5799999800947262e-05,15,11.044394119358454
insert,2112,756087,1.560000009703799e-05,15,11.04507705193494
insert,2113,53946,1.3800000033370452e-05,11,11.045759661382682
insert,2114,301602,1.4100000043981709e-05,14,11.046441948007311
insert,2115,629576,1.5000000075815478e-05,15,11.047123912114026
insert,2116,327627,1.5099999927770114e-05,15,11.047805554007589
insert,2117,368728,1.1000000085914508e-05,11,11.048486873992337
insert,2118,108634,1.4199999895936344e-05,14,11.04916787237217
insert,2119,605992,1.5199999779724749e-05,13,11.049848549450562
insert,2120,532061,1.1699999959091656e-05,12,11.050528905530555
insert,2121,223073,1.0899999779212521e-05,11,11.051208940914766
insert,2122,162247,1.0100000054080738e-05,10,11.051888655905378
insert,2123,688638,1.2800000149582047e-05,13,11.052568050804153
insert,2124,505613,1.4199999895936344e-05,14,11.053247125912426
insert,2125,235138,1.4299999747890979e-05,14,11.053925881531105
insert,2126,888433,1.4299999747890979e-05,14,11.054604317960672
insert,2127,113476,1.13999999484804e-05,12,11.055282435501189
insert,2128,367122,1.1900000117748277e-05,12,11.055960234452295
insert,2129,886439,1.160000010713702e-05,12,11.056637715113201
insert,2130,583287,1.4700000065204222e-05,15,11.057314877782703
insert,2131,385416,1.539999993838137e-05,15,11.057991722759176
insert,2132,120466,1.5099999927770114e-05,15,11.058668250340572
insert,2133,799650,1.3200000012147939e-05,13,11.059344460824425
insert,2134,292100,1.1199999789823778e-05,11,11.060020354507852
insert,2135,601988,1.6799999684735667e-05,16,11.060695931687555
insert,2136,237145,1.0700000075303251e-05,11,11.061371192659811
insert,2137,846433,1.2100000276404899e-05,12,11.06204613772049
insert,2138,449957,1.2999999853491317e-05,13,11.062720767165045
insert,2139,886210,1.1699999959091656e-05,12,11.06339508128851
insert,2140,588216,1.1500000255182385e-05,12,11.06406908038551
insert,2141,804712,1.5099999927770114e-05,15,11.064742764750257
insert,2142,858183,1.5500000245083356e-05,15,11.065416134676548
insert,2143,651925,1.2800000149582047e-05,13,11.066089190457772
insert,2144,643379,1.6400000276917126e-05,16,11.066761932386909
insert,2145,707765,1.4000000192027073e-05,14,11.067434360756522
insert,2146,673919,1.2800000149582047e-05,13,11.068106475858773
insert,2147,583784,1.4899999769113492e-05,15,11.068778277985412
insert,2148,27530,1.1999999969702912e-05,12,11.069449767427784
insert,2149,638578,1.4100000043981709e-05,14,11.070120944476823
insert,2150,974216,1.1000000085914508e-05,11,11.070791809423062
insert,2151,689787,1.2599999990925426e-05,13,11.071462362556623
insert,2152,869753,1.2900000001536682e-05,13,11.072132604167233
insert,2153,727158,1.5900000107649248e-05,16,11.072802534544207
insert,2154,280440,1.3200000012147939e-05,13,11.07347215397646
insert,2155,30360,1.52000002344721e-05,15,11.074141462752506
insert,2156,189180,1.5500000245083356e-05,15,11.074810461160453
insert,2157,286545,1.3300000318849925e-05,13,11.075479149488016
insert,2158,736834,1.2699999842880061e-05,13,11.076147528022505
insert,2159,799445,1.2900000001536682e-05,13,11.076815597050832
insert,2160,323994,1.2800000149582047e-05,13,11.077483356859508
insert,2161,966303,1.1999999969702912e-05,12,11.07815080773465
insert,2162,356332,1.7299999854003545e-05,13,11.078817949961978
insert,2163,368075,1.3899999885325087e-05,14,11.079484783826816
insert,2164,6403,1.2999999853491317e-05,13,11.080151309614088
insert,2165,190218,1.5099999927770114e-05,15,11.080817527608327
insert,2166,912118,1.430000020263833e-05,14,11.081483438093674
insert,2167,150211,1.4200000350683695e-05,14,11.08214904135387
insert,2168,593831,1.2900000001536682e-05,13,11.082814337672273
insert,2169,689276,1.4800000371906208e-05,15,11.083479327331842
insert,2170,420253,1.4400000054592965e-05,14,11.084144010615145
insert,2171,72966,1.3100000160193304e-05,13,11.084808387804362
insert,2172,148767,1.5099999927770114e-05,15,11.085472459181283
insert,2173,776963,1.1699999959091656e-05,12,11.086136225027309
insert,2174,663929,1.5199999779724749e-05,15,11.086799685623452
insert,2175,32147,1.2799999694834696e-05,12,11.087462841250339
insert,2176,96215,1.3999999737279722e-05,14,11.088125692188207
insert,2177,782355,1.1999999969702912e-05,12,11.088788238716907
insert,2178,556252,1.6799999684735667e-05,15,11.089450481115907
insert,2179,225584,1.4500000361294951e-05,12,11.090112419664289
insert,2180,394469,1.1900000117748277e-05,12,11.09077405464075
insert,2181,440227,1.6600000435573747e-05,13,11.091435386323607
insert,2182,475683,1.629999997021514e-05,13,11.092096414990792
insert,2183,357456,1.3000000308238668e-05,13,11.092757140919852
insert,2184,165056,1.1899999663000926e-05,12,11.093417564387961
insert,2185,388029,1.0600000223348616e-05,11,11.094077685671905
insert,2186,326776,1.2900000001536682e-05,13,11.094737505048093
insert,2187,756649,1.2099999821657548e-05,12,11.095397022792557
insert,2188,340141,1.1999999969702912e-05,12,11.096056239180946
insert,2189,814572,1.3200000012147939e-05,13,11.096715154488535
insert,2190,987138,1.4099999589234358e-05,14,11.097373768990222
insert,2191,595165,1.4900000223860843e-05,15,11.098032082960527
insert,2192,625186,1.2699999842880061e-05,13,11.098690096673593
insert,2193,89084,1.0799999927257886e-05,11,11.099347810403193
insert,2194,926252,1.1099999937869143e-05,11,11.10000522442272
insert,2195,55165,1.539999993838137e-05,15,11.100662339005199
insert,2196,163138,1.159999965238967e-05,12,11.101319154423276
insert,2197,165057,1.4700000065204222e-05,15,11.101975670949232
insert,2198,791084,1.3099999705445953e-05,13,11.102631888854969
insert,2199,647851,1.5100000382517464e-05,15,11.103287808412022
insert,2200,52180,1.52000002344721e-05,15,11.103943429891558
insert,2201,706708,1.1800000265793642e-05,12,11.10459875356437
insert,2202,85545,1.0700000075303251e-05,11,11.105253779700883
insert,2203,285321,1.340000017080456e-05,13,11.105908508571158
insert,2204,464638,1.430000020263833e-05,12,11.106562940444883
insert,2205,694094,1.1699999959091656e-05,12,11.107217075591382
insert,2206,444612,1.4199999895936344e-05,14,11.107870914279614
insert,2207,509254,1.3200000012147939e-05,13,11.108524456778168
insert,2208,636566,1.1500000255182385e-05,12,11.109177703355275
insert,2209,463517,1.250000013897079e-05,13,11.109830654278793
insert,2210,434304,1.3100000160193304e-05,13,11.110483309816226
insert,2211,286437,1.3000000308238668e-05,13,11.111135670234708
insert,2212,226041,1.1699999959091656e-05,12,11.11178773580101
insert,2213,791616,1.609999981155852e-05,16,11.112439506781552
insert,2214,537235,1.2799999694834696e-05,13,11.113090983442381
insert,2215,119347,1.2099999821657548e-05,12,11.113742166049189
insert,2216,361940,1.1799999811046291e-05,12,11.114393054867307
insert,2217,450798,1.5099999927770114e-05,15,11.11504365016171
insert,2218,116277,1.1999999969702912e-05,12,11.115693952197011
insert,2219,297006,1.0700000075303251e-05,11,11.116343961237469
insert,2220,711164,1.5000000075815478e-05,15,11.116993677546981
insert,2221,711445,1.4599999758502236e-05,15,11.117643101389092
insert,2222,621947,1.249999968422344e-05,13,11.11829223302699
insert,2223,510272,1.1699999959091656e-05,12,11.118941072723507
insert,2224,552531,1.4199999895936344e-05,14,11.119589620741122
insert,2225,699540,1.5099999927770114e-05,15,11.12023787734196
insert,2226,323402,1.2800000149582047e-05,13,11.12088584278779
insert,2227,47624,1.3999999737279722e-05,14,11.121533517340032
insert,2228,231231,9.899999895424116e-06,10,11.122180901259753
insert,2229,414464,1.3800000033370452e-05,14,11.122827994807666
insert,2230,628438,1.250000013897079e-05,13,11.12347479824414
insert,2231,57444,1.159999965238967e-05,12,11.124121311829187
insert,2232,8061,1.539999993838137e-05,15,11.124767535822473
insert,2233,214354,1.4100000043981709e-05,14,11.125413470483315
insert,2234,316062,1.3100000160193304e-05,13,11.12605911607068
insert,2235,991245,1.2299999980314169e-05,12,11.12670447284319
insert,2236,221495,1.3999999737279722e-05,14,11.127349541059118
insert,2237,804625,1.3999999737279722e-05,14,11.127994320976393
insert,2238,143902,1.5800000255694613e-05,13,11.128638812852598
insert,2239,801281,1.44999999065476e-05,14,11.129283016944967
insert,2240,267932,1.539999993838137e-05,12,11.129926933510394
insert,2241,303508,1.4299999747890979e-05,11,11.130570562805426
insert,2242,344062,1.44999999065476e-05,14,11.131213905086272
insert,2243,125813,1.1300000096525764e-05,11,11.131856960608793
insert,2244,8106,1.4400000054592965e-05,14,11.13249972962851
insert,2245,521547,1.5800000255694613e-05,15,11.133142212400601
insert,2246,783302,1.430000020263833e-05,14,11.133784409179908
insert,2247,451575,1.2599999990925426e-05,12,11.134426320220927
insert,2248,184230,1.2200000128359534e-05,12,11.135067945777816
insert,2249,135462,1.2099999821657548e-05,12,11.1357092861044
insert,2250,398677,1.3099999705445953e-05,13,11.136350341454156
insert,2251,558454,1.3099999705445953e-05,13,11.13699111208023
insert,2252,737853,1.5000000075815478e-05,15,11.137631598235428
insert,2253,241289,1.1999999969702912e-05,12,11.138271800172221
insert,2254,524564,1.1800000265793642e-05,12,11.138911718142744
insert,2255,585865,1.52000002344721e-05,15,11.139551352398794
insert,2256,873836,1.2199999673612183e-05,12,11.140190703191836
insert,2257,700500,1.359999987471383e-05,14,11.140829770773001
insert,2258,845363,1.4199999895936344e-05,14,11.141468555393084
insert,2259,371372,1.2099999821657548e-05,12,11.14210705730255
insert,2260,75577,1.0799999927257886e-05,11,11.14274527675153
insert,2261,416360,1.3100000160193304e-05,13,11.14338321398982
insert,2262,903626,1.1999999969702912e-05,12,11.144020869266893
insert,2263,778087,1.1000000085914508e-05,11,11.144658242831882
insert,2264,44358,1.2099999821657548e-05,12,11.145295334933598
insert,2265,457410,9.800000043469481e-06,10,11.145932145820515
insert,2266,19652,1.1799999811046291e-05,12,11.146568675740786
insert,2267,482088,1.1899999663000926e-05,12,11.147204924942228
insert,2268,965909,1.2299999980314169e-05,12,11.147840893672337
insert,2269,81645,1.2199999673612183e-05,12,11.148476582178278
insert,2270,903988,1.1999999969702912e-05,12,11.149111990706889
insert,2271,328268,1.2100000276404899e-05,12,11.149747119504681
insert,2272,603728,1.2800000149582047e-05,13,11.150381968817848
insert,2273,450138,1.1699999959091656e-05,12,11.151016538892248
insert,2274,601254,1.1999999969702912e-05,12,11.151650829973422
insert,2275,424069,1.5699999948992627e-05,15,11.152284842306582
insert,2276,743964,1.5000000075815478e-05,15,11.152918576136623
insert,2277,671238,1.2200000128359534e-05,12,11.153552031708111
insert,2278,437984,1.2200000128359534e-05,12,11.154185209265297
insert,2279,303579,1.2900000001536682e-05,13,11.154818109052105
insert,2280,120769,1.1999999969702912e-05,12,11.155450731312138
insert,2281,424708,1.2800000149582047e-05,13,11.156083076288681
insert,2282,21870,1.3899999885325087e-05,14,11.156715144224702
insert,2283,340545,1.3999999737279722e-05,14,11.157346935362844
insert,2284,180223,1.1699999959091656e-05,12,11.157978449945432
insert,2285,840248,1.1800000265793642e-05,12,11.158609688214478
insert,2286,993646,1.1300000096525764e-05,11,11.159240650411672
insert,2287,648152,1.3099999705445953e-05,13,11.159871336778389
insert,2288,482447,1.3900000340072438e-05,14,11.160501747555687
insert,2289,872443,1.2100000276404899e-05,12,11.161131882984307
insert,2290,723109,1.2700000297627412e-05,13,11.161761743304675
insert,2291,964449,1.1900000117748277e-05,12,11.162391328756906
insert,2292,379431,1.4199999895936344e-05,14,11.163020639580793
insert,2293,92411,1.0799999927257886e-05,11,11.163649676015824
insert,2294,457926,1.0900000233959872e-05,11,11.16427843830117
insert,2295,885507,1.1999999969702912e-05,12,11.164906926675688
insert,2296,111006,1.1099999937869143e-05,11,11.165535141377925
insert,2297,255136,1.3500000022759195e-05,13,11.166163082646113
insert,2298,456840,1.0900000233959872e-05,11,11.16679075071818
insert,2299,617477,1.5000000075815478e-05,15,11.167418145831737
insert,2300,419903,1.2900000001536682e-05,13,11.16804526822409
insert,2301,549415,1.3200000012147939e-05,13,11.16867211813223
insert,2302,82468,1.5199999779724749e-05,15,11.169298695792845
insert,2303,414992,1.1900000117748277e-05,12,11.169925001442312
insert,2304,912812,1.2100000276404899e-05,12,11.1705510353167
insert,2305,325347,1.2800000149582047e-05,13,11.171176797651771
insert,2306,782034,1.1999999969702912e-05,12,11.171802288682983
insert,2307,356006,1.1999999969702912e-05,12,11.172427508645482
insert,2308,232336,1.4599999758502236e-05,14,11.173052457774116
insert,2309,349248,0.0012104000002182147,12,11.17367713630342
insert,2310,816965,2.6400000024295878e-05,14,11.174301544467632
insert,2311,176300,1.7999999727180693e-05,11,11.174925682500678
insert,2312,80090,1.2399999832268804e-05,12,11.175549550636191
insert,2313,535281,1.3099999705445953e-05,13,11.17617314910749
insert,2314,663985,1.4299999747890979e-05,14,11.1767964781476
insert,2315,119566,1.5900000107649248e-05,15,11.177419537989236
insert,2316,556380,1.5999999959603883e-05,15,11.178042328864821
insert,2317,534724,1.4600000213249587e-05,15,11.178664851006472
insert,2318,203323,2.0899999981338624e-05,13,11.179287104646004
insert,2319,949929,1.739999970595818e-05,13,11.179909090014934
insert,2320,813935,1.5000000075815478e-05,15,11.180530807344482
insert,2321,366347,1.0900000233959872e-05,11,11.181152256865566
insert,2322,368155,1.5300000086426735e-05,15,11.181773438808808
insert,2323,762713,1.6699999832781032e-05,16,11.18239435340453
insert,2324,858730,1.4100000043981709e-05,14,11.183015000882756
insert,2325,676797,1.1799999811046291e-05,12,11.183635381473218
insert,2326,854629,1.160000010713702e-05,12,11.184255495405349
insert,2327,154865,1.1999999969702912e-05,12,11.184875342908283
insert,2328,247746,1.430000020263833e-05,14,11.185494924210866
insert,2329,107799,1.0999999631167157e-05,11,11.186114239541643
insert,2330,153558,1.1799999811046291e-05,12,11.186733289128867
insert,2331,268403,1.4299999747890979e-05,14,11.187352073200497
insert,2332,206855,1.250000013897079e-05,13,11.187970591984199
insert,2333,181927,1.52000002344721e-05,15,11.188588845707349
insert,2334,631662,1.1999999969702912e-05,12,11.189206834597025
insert,2335,160296,1.0899999779212521e-05,11,11.189824558880018
insert,2336,797144,1.4199999895936344e-05,14,11.190442018782825
insert,2337,796029,1.2900000001536682e-05,13,11.191059214531656
insert,2338,687352,1.4799999917158857e-05,15,11.191676146352428
insert,2339,79014,1.2999999853491317e-05,13,11.192292814470767
insert,2340,185752,1.3800000033370452e-05,14,11.192909219112012
insert,2341,997503,1.3299999864102574e-05,13,11.193525360501216
insert,2342,810390,1.2900000001536682e-05,13,11.194141238863136
insert,2343,658453,1.2900000001536682e-05,13,11.194756854422248
insert,2344,518120,1.5300000086426735e-05,15,11.19537220740274
insert,2345,486491,1.3999999737279722e-05,14,11.19598729802851
insert,2346,791094,1.649999967412441e-05,16,11.196602126523171
insert,2347,591120,1.539999993838137e-05,15,11.197216693110052
insert,2348,796789,1.2799999694834696e-05,13,11.197830998012197
insert,2349,607617,1.5300000086426735e-05,15,11.198445041452363
insert,2350,470712,1.3000000308238668e-05,13,11.199058823653022
insert,2351,714221,1.5199999779724749e-05,15,11.199672344836364
insert,2352,969046,1.3500000022759195e-05,13,11.200285605224298
insert,2353,924895,1.1900000117748277e-05,12,11.200898605038445
insert,2354,591913,1.3600000329461182e-05,14,11.201511344500146
insert,2355,674226,1.3800000033370452e-05,14,11.20212382383046
insert,2356,666159,1.3700000181415817e-05,14,11.202736043250168
insert,2357,654859,1.2700000297627412e-05,13,11.203348002979762
insert,2358,338909,1.4599999758502236e-05,14,11.203959703239462
insert,2359,906229,1.4400000054592965e-05,14,11.204571144249204
insert,2360,657686,1.4900000223860843e-05,15,11.205182326228643
insert,2361,331496,1.160000010713702e-05,12,11.205793249397157
insert,2362,158291,9.800000043469481e-06,10,11.206403913973848
insert,2363,461125,1.0899999779212521e-05,11,11.207014320177532
insert,2364,71604,1.4400000054592965e-05,14,11.207624468226758
insert,2365,491700,1.2100000276404899e-05,12,11.208234358339789
insert,2366,463689,1.2799999694834696e-05,13,11.208843990734614
insert,2367,662056,1.3800000033370452e-05,14,11.20945336562895
insert,2368,317531,1.2599999990925426e-05,13,11.21006248324023
insert,2369,835013,1.609999981155852e-05,14,11.210671343785622
insert,2370,288017,1.1000000085914508e-05,11,11.211279947482009
insert,2371,620149,1.3700000181415817e-05,14,11.211888294546004
insert,2372,58901,1.4000000192027073e-05,14,11.212496385193948
insert,2373,369039,1.1799999811046291e-05,12,11.213104219641906
insert,2374,531982,1.359999987471383e-05,14,11.213711798105672
insert,2375,77795,1.3800000033370452e-05,11,11.214319120800766
insert,2376,325487,1.9999999949504854e-05,16,11.214926187942435
insert,2377,484173,1.8599999748403206e-05,14,11.215532999745657
insert,2378,473867,1.4799999917158857e-05,15,11.216139556425135
insert,2379,39435,1.3300000318849925e-05,13,11.216745858195306
insert,2380,59654,1.1699999959091656e-05,12,11.217351905270334
insert,2381,386650,1.1799999811046291e-05,12,11.217957697864113
insert,2382,872098,1.5299999631679384e-05,15,11.21856323619027
insert,2383,301023,1.1900000117748277e-05,12,11.219168520462162
insert,2384,80459,1.4000000192027073e-05,14,11.219773550892874
insert,2385,675982,1.160000010713702e-05,12,11.220378327695228
insert,2386,906232,1.1799999811046291e-05,12,11.220982851081777
insert,2387,896841,1.539999993838137e-05,15,11.221587121264806
insert,2388,94683,1.2800000149582047e-05,13,11.222191138456333
insert,2389,644884,1.6200000118260505e-05,16,11.222794902868111
insert,2390,622938,1.2399999832268804e-05,13,11.223398414711628
insert,2391,531700,1.1899999663000926e-05,12,11.224001674198105
insert,2392,403160,1.539999993838137e-05,15,11.2246046815385
insert,2393,485189,1.2699999842880061e-05,13,11.225207436943503
insert,2394,608520,1.160000010713702e-05,12,11.225809940623543
insert,2395,581243,1.3800000033370452e-05,14,11.226412192788786
insert,2396,830282,1.3099999705445953e-05,13,11.227014193649133
insert,2397,774815,1.5199999779724749e-05,15,11.227615943414223
insert,2398,939395,1.1099999937869143e-05,11,11.228217442293435
insert,2399,43016,1.1899999663000926e-05,12,11.228818690495881
insert,2400,471580,1.1900000117748277e-05,12,11.229419688230417
insert,2401,953208,1.52000002344721e-05,15,11.230020435705635
insert,2402,849154,1.359999987471383e-05,14,11.230620933129867
insert,2403,599426,1.2599999990925426e-05,13,11.231221180711186
insert,2404,683502,1.3699999726668466e-05,14,11.231821178657404
insert,2405,197384,1.2100000276404899e-05,12,11.232420927176076
insert,2406,337146,1.1699999959091656e-05,12,11.233020426474496
insert,2407,634395,1.3000000308238668e-05,13,11.233619676759702
insert,2408,498734,9.59999988481286e-06,10,11.23421867823847
insert,2409,525722,1.1699999959091656e-05,12,11.234817431117325
insert,2410,158190,1.0600000223348616e-05,11,11.235415935602527
insert,2411,64880,1.0799999927257886e-05,11,11.236014191900084
insert,2412,472408,1.1500000255182385e-05,12,11.23661220021575
insert,2413,108530,1.44999999065476e-05,14,11.237209960755022
insert,2414,850361,1.2699999842880061e-05,13,11.237807473723135
insert,2415,942803,1.2699999842880061e-05,13,11.238404739325079
insert,2416,878054,1.2999999853491317e-05,13,11.239001757765582
insert,2417,360121,1.52000002344721e-05,14,11.239598529249124
insert,2418,749015,1.609999981155852e-05,16,11.240195053979924
insert,2419,88426,1.1000000085914508e-05,11,11.240791332161956
insert,2420,529058,1.1800000265793642e-05,12,11.241387363998937
insert,2421,677514,1.2599999990925426e-05,13,11.24198314969433
insert,2422,180942,1.2900000001536682e-05,13,11.242578689451346
insert,2423,41044,1.4999999621068127e-05,15,11.243173983472952
insert,2424,259779,1.3100000160193304e-05,13,11.243769031961852
insert,2425,741996,1.1699999959091656e-05,12,11.24436383512051
insert,2426,459023,1.3999999737279722e-05,14,11.244958393151133
insert,2427,460768,1.3699999726668466e-05,14,11.245552706255681
insert,2428,549526,1.1799999811046291e-05,12,11.246146774635864
insert,2429,548142,1.160000010713702e-05,12,11.246740598493144
insert,2430,639428,1.2799999694834696e-05,13,11.247334178028728
insert,2431,166458,1.560000009703799e-05,15,11.247927513443585
insert,2432,381575,1.1900000117748277e-05,12,11.24852060493843
insert,2433,390964,1.1699999959091656e-05,12,11.249113452713729
insert,2434,962527,1.1899999663000926e-05,12,11.249706056969705
insert,2435,296636,1.2999999853491317e-05,13,11.250298417906333
insert,2436,406236,1.3100000160193304e-05,13,11.250890535723341
insert,2437,428626,1.3200000012147939e-05,13,11.251482410620213
insert,2438,812086,1.3800000033370452e-05,14,11.252074042796185
insert,2439,354804,1.5500000245083356e-05,15,11.252665432450248
insert,2440,711876,1.83000001925393e-05,15,11.253256579781153
insert,2441,626929,3.219999962311704e-05,14,11.253847484987404
insert,2442,54910,4.269999999451102e-05,13,11.254438148267257
insert,2443,827565,2.9099999665049836e-05,13,11.25502856981873
insert,2444,661533,2.1800000013172394e-05,14,11.255618749839597
insert,2445,678749,3.130000004603062e-05,14,11.256208688527387
insert,2446,350906,2.409999979136046e-05,12,11.25679838607939
insert,2447,69114,2.4599999960628338e-05,12,11.257387842692651
insert,2448,345706,1.939999992828234e-05,15,11.257977058563979
insert,2449,99097,1.8199999885837315e-05,14,11.258566033889933
insert,2450,585067,1.629999997021514e-05,13,11.25915476886684
insert,2451,711333,2.0500000118772732e-05,16,11.259743263690781
insert,2452,405342,1.9499999780236976e-05,15,11.260331518557601
insert,2453,297950,1.4899999769113492e-05,12,11.260919533662905
insert,2454,264237,1.3699999726668466e-05,11,11.261507309202056
insert,2455,758890,1.539999993838137e-05,13,11.262094845370179
insert,2456,892932,1.8999999610969098e-05,15,11.262682142362165
insert,2457,688458,1.540000039312872e-05,13,11.263269200372662
insert,2458,950370,1.740000016070553e-05,14,11.263856019596082
insert,2459,631978,1.5800000255694613e-05,13,11.264442600226602
insert,2460,915701,1.7099999695346924e-05,14,11.26502894245816
insert,2461,157678,1.3299999864102574e-05,11,11.265615046484458
insert,2462,349556,1.8599999748403206e-05,15,11.266200912498961
insert,2463,85462,1.609999981155852e-05,13,11.266786540694902
insert,2464,611047,1.5499999790336005e-05,13,11.267371931265274
insert,2465,695848,1.5500000245083356e-05,13,11.26795708440284
insert,2466,148299,1.8400000044493936e-05,15,11.268542000300123
insert,2467,961279,1.8400000044493936e-05,15,11.269126679149418
insert,2468,366814,1.6599999980826396e-05,14,11.269711121142782
insert,2469,325302,1.9699999938893598e-05,16,11.27029532647204
insert,2470,687924,1.7800000023271423e-05,15,11.270879295328784
insert,2471,732410,1.83000001925393e-05,15,11.271463027904375
insert,2472,694300,1.5000000075815478e-05,13,11.272046524389937
insert,2473,410998,1.5099999927770114e-05,13,11.27262978497637
insert,2474,135216,1.6899999991437653e-05,14,11.273212809854334
insert,2475,623946,1.6599999980826396e-05,14,11.273795599214264
insert,2476,743267,1.7999999727180693e-05,15,11.274378153246364
insert,2477,983567,1.5099999927770114e-05,12,11.274960472140602
insert,2478,88835,1.5999999959603883e-05,13,11.275542556086723
insert,2479,324621,1.7299999854003545e-05,15,11.276124405274238
insert,2480,586073,1.5300000086426735e-05,13,11.276706019892432
insert,2481,394977,1.829999973779195e-05,15,11.277287400130357
insert,2482,674752,1.5000000075815478e-05,13,11.27786854617684
insert,2483,830118,1.9300000076327706e-05,16,11.278449458220482
insert,2484,344433,9.18999999157677e-05,14,11.279030136449649
insert,2485,852687,1.610000026630587e-05,13,11.279610581052484
insert,2486,134002,1.7300000308750896e-05,13,11.280190792216906
insert,2487,702668,1.430000020263833e-05,14,11.280770770130603
insert,2488,736972,1.2900000001536682e-05,13,11.281350514981035
insert,2489,869227,1.5699999948992627e-05,12,11.281930026955443
insert,2490,993116,1.3700000181415817e-05,13,11.282509306240836
insert,2491,774662,1.5900000107649248e-05,15,11.283088353024002
insert,2492,718710,1.1900000117748277e-05,12,11.283667167491501
insert,2493,956772,1.6800000139483018e-05,15,11.28424574982967
insert,2494,551964,1.2399999832268804e-05,12,11.284824100224624
insert,2495,97993,1.5800000255694613e-05,14,11.285402218862249
insert,2496,677407,2.500000027794158e-05,16,11.285980105928212
insert,2497,703025,1.4100000043981709e-05,14,11.286557761607957
insert,2498,443974,1.4400000054592965e-05,14,11.287135186086704
insert,2499,533189,1.52000002344721e-05,15,11.287712379549449
insert,2500,379405,1.52000002344721e-05,15,11.28828934218097
insert,2501,19117,1.4000000192027073e-05,14,11.28886607416582
insert,2502,380212,1.2900000001536682e-05,13,11.289442575688332
insert,2503,323870,1.609999981155852e-05,15,11.290018846932618
insert,2504,189020,2.1299999843904516e-05,12,11.290594888082572
insert,2505,997374,1.720000000204891e-05,13,11.29117069932186
insert,2506,224598,1.3800000033370452e-05,13,11.291746280833939
insert,2507,358333,1.1799999811046291e-05,12,11.29232163280204
insert,2508,993703,1.1699999959091656e-05,12,11.292896755409172
insert,2509,803374,1.2199999673612183e-05,12,11.293471648838134
insert,2510,509893,1.3899999885325087e-05,14,11.2940463132715
insert,2511,201333,1.1699999959091656e-05,12,11.294620748891628
insert,2512,237548,1.1799999811046291e-05,12,11.295194955880655
insert,2513,144248,1.2800000149582047e-05,13,11.295768934420508
insert,2514,162472,1.06999996205559e-05,11,11.29634268469289
insert,2515,80914,1.560000009703799e-05,15,11.296916206879288
insert,2516,310161,1.3899999885325087e-05,14,11.29748950116098
insert,2517,885448,1.5500000245083356e-05,15,11.298062567719017
insert,2518,826404,1.4600000213249587e-05,15,11.298635406734242
insert,2519,106054,1.3099999705445953e-05,13,11.29920801838728
insert,2520,532352,1.3500000022759195e-05,14,11.29978040285854
insert,2521,808321,1.2900000001536682e-05,13,11.30035256032822
insert,2522,565991,1.340000017080456e-05,13,11.3009244909763
insert,2523,875687,1.1999999969702912e-05,12,11.30149619498255
insert,2524,774525,1.829999973779195e-05,14,11.302067672526519
insert,2525,926608,1.2100000276404899e-05,12,11.302638923787553
insert,2526,552109,1.4999999621068127e-05,15,11.303209948944776
insert,2527,39582,1.539999993838137e-05,15,11.303780748177102
insert,2528,694084,1.2999999853491317e-05,13,11.304351321663239
insert,2529,353124,1.3099999705445953e-05,13,11.304921669581672
insert,2530,918965,1.559999964229064e-05,15,11.305491792110685
insert,2531,803532,1.2299999980314169e-05,13,11.306061689428342
insert,2532,648053,1.4899999769113492e-05,15,11.306631361712501
insert,2533,137415,1.0799999927257886e-05,11,11.30720080914081
insert,2534,626259,1.2699999842880061e-05,13,11.307770031890703
insert,2535,395020,1.4199999895936344e-05,14,11.308339030139408
insert,2536,161746,1.06999996205559e-05,11,11.308907804063939
insert,2537,170129,1.4000000192027073e-05,14,11.309476353841106
insert,2538,189631,1.2599999990925426e-05,13,11.310044679647506
insert,2539,871729,1.2900000001536682e-05,13,11.310612781659529
insert,2540,726502,1.6200000118260505e-05,16,11.311180660053354
insert,2541,808555,1.4500000361294951e-05,15,11.311748315004959
insert,2542,655088,1.609999981155852e-05,16,11.312315746690107
insert,2543,848344,1.1500000255182385e-05,12,11.312882955284355
insert,2544,946504,1.1799999811046291e-05,12,11.313449940963057
insert,2545,173581,1.1800000265793642e-05,12,11.314016703901357
insert,2546,756216,1.2700000297627412e-05,13,11.314583244274194
insert,2547,458934,1.430000020263833e-05,14,11.3151495622563
insert,2548,45815,1.4000000192027073e-05,14,11.315715658022201
insert,2549,430817,1.3800000033370452e-05,14,11.31628153174622
insert,2550,381996,1.2599999990925426e-05,13,11.316847183602473
insert,2551,709218,1.250000013897079e-05,13,11.31741261376487
insert,2552,754541,1.6599999980826396e-05,14,11.31797782240712
insert,2553,249069,1.5699999948992627e-05,15,11.318542809702723
insert,2554,465777,1.3099999705445953e-05,13,11.319107575824983
insert,2555,640256,1.2699999842880061e-05,13,11.319672120946995
insert,2556,298769,5.430000010164804e-05,12,11.32023644524165
insert,2557,788940,1.3500000022759195e-05,13,11.320800548881637
insert,2558,784898,1.2000000424450263e-05,12,11.321364432039447
insert,2559,821875,1.6200000118260505e-05,13,11.321928094887362
insert,2560,470736,1.5300000086426735e-05,15,11.322491537597468
insert,2561,245370,1.4400000054592965e-05,14,11.323054760341646
insert,2562,559952,1.4900000223860843e-05,14,11.323617763291578
insert,2563,250787,1.1899999663000926e-05,12,11.324180546618742
insert,2564,324501,1.5199999779724749e-05,15,11.324743110494417
insert,2565,847904,1.5099999927770114e-05,15,11.325305455089682
insert,2566,822472,1.2900000001536682e-05,13,11.325867580575418
insert,2567,491799,1.739999970595818e-05,13,11.326429487122303
insert,2568,947886,1.8600000203150557e-05,12,11.326991174900817
insert,2569,875680,1.6400000276917126e-05,13,11.32755264408124
insert,2570,203441,1.629999997021514e-05,16,11.328113894833656
insert,2571,385710,1.4100000043981709e-05,14,11.328674927327947
insert,2572,711257,1.629999997021514e-05,16,11.3292357417338
insert,2573,993138,1.3100000160193304e-05,13,11.329796338220701
insert,2574,598129,1.4199999895936344e-05,14,11.330356716957944
insert,2575,462000,1.4099999589234358e-05,14,11.330916878114618
insert,2576,484107,1.1999999969702912e-05,12,11.331476821859619
insert,2577,806815,1.250000013897079e-05,13,11.332036548361652
insert,2578,295460,1.160000010713702e-05,12,11.332596057789214
insert,2579,815923,1.2599999990925426e-05,13,11.333155350310616
insert,2580,400423,1.3899999885325087e-05,14,11.33371442609397
insert,2581,527336,1.1999999969702912e-05,12,11.33427328530719
insert,2582,553082,1.52000002344721e-05,15,11.334831928118
insert,2583,438998,1.539999993838137e-05,15,11.335390354693924
insert,2584,169931,1.160000010713702e-05,12,11.335948565202298
insert,2585,856573,1.430000020263833e-05,14,11.336506559810255
insert,2586,209399,1.3999999737279722e-05,14,11.33706433868474
insert,2587,840182,1.7800000023271423e-05,14,11.337621901992508
insert,2588,634036,1.5699999948992627e-05,13,11.338179249900112
insert,2589,145122,1.1199999789823778e-05,11,11.338736382573916
insert,2590,915409,1.2200000128359534e-05,12,11.339293300180094
insert,2591,262148,1.359999987471383e-05,13,11.339850002884624
insert,2592,54715,1.5099999927770114e-05,15,11.340406490853294
insert,2593,672325,1.2699999842880061e-05,13,11.3409627642517
insert,2594,503936,1.2900000001536682e-05,13,11.341518823245243
insert,2595,916579,1.1499999800435035e-05,12,11.342074667999139
insert,2596,389245,1.1800000265793642e-05,12,11.342630298678408
insert,2597,581479,1.0799999927257886e-05,11,11.34318571544788
insert,2598,979678,1.1900000117748277e-05,12,11.3437409184722
insert,2599,107574,1.2700000297627412e-05,13,11.344295907915816
insert,2600,745958,1.4799999917158857e-05,15,11.34485068394299
insert,2601,886983,1.1999999969702912e-05,12,11.345405246717796
insert,2602,540971,1.2700000297627412e-05,13,11.345959596404112
insert,2603,892513,1.3300000318849925e-05,13,11.346513733165635
insert,2604,130735,1.3000000308238668e-05,13,11.347067657165871
insert,2605,298911,1.1900000117748277e-05,12,11.347621368568134
insert,2606,87950,1.3200000012147939e-05,13,11.348174867535556
insert,2607,800186,1.3000000308238668e-05,13,11.348728154231077
insert,2608,168100,1.3899999885325087e-05,14,11.349281228817452
insert,2609,286043,1.1099999937869143e-05,11,11.349834091457247
insert,2610,471146,1.3000000308238668e-05,13,11.350386742312843
insert,2611,949283,1.1699999959091656e-05,12,11.350939181546432
insert,2612,538290,1.2599999990925426e-05,13,11.35149140932002
insert,2613,154507,1.4699999610456871e-05,15,11.352043425795433
insert,2614,871416,1.6200000118260505e-05,16,11.352595231134304
insert,2615,458724,1.160000010713702e-05,12,11.353146825498083
insert,2616,96169,1.1799999811046291e-05,12,11.353698209048035
insert,2617,992387,1.6200000118260505e-05,14,11.354249381945241
insert,2618,954734,1.1799999811046291e-05,12,11.354800344350597
insert,2619,232824,1.1099999937869143e-05,11,11.355351096424812
insert,2620,856376,2.0399999812070746e-05,15,11.355901638328417
insert,2621,473042,1.160000010713702e-05,12,11.356451970221755
insert,2622,927602,1.740000016070553e-05,12,11.357002092264985
insert,2623,366567,1.1899999663000926e-05,12,11.357552004618084
insert,2624,975671,1.2999999853491317e-05,13,11.358101707440847
insert,2625,27966,1.1999999969702912e-05,12,11.358651200892886
insert,2626,435051,1.5099999927770114e-05,15,11.359200485133632
insert,2627,55844,1.2599999990925426e-05,13,11.35974956032233
insert,2628,415713,1.3099999705445953e-05,13,11.360298426618046
insert,2629,526393,1.4199999895936344e-05,12,11.360847084179664
insert,2630,392128,1.1799999811046291e-05,12,11.36139553316589
insert,2631,247232,1.2900000001536682e-05,13,11.361943773735241
insert,2632,404925,1.629999997021514e-05,16,11.362491806046062
insert,2633,85570,1.3899999885325087e-05,13,11.363039630256514
insert,2634,393125,1.250000013897079e-05,12,11.363587246524578
insert,2635,235446,1.5000000075815478e-05,14,11.364134655008051
insert,2636,29557,1.1800000265793642e-05,12,11.36468185586456
insert,2637,334166,1.539999993838137e-05,15,11.365228849251544
insert,2638,976042,1.1000000085914508e-05,11,11.365775635326269
insert,2639,103897,1.4599999758502236e-05,14,11.366322214245816
insert,2640,879941,1.2999999853491317e-05,13,11.366868586167094
insert,2641,749422,1.3699999726668466e-05,14,11.367414751246828
insert,2642,681534,1.2800000149582047e-05,13,11.36796070964157
insert,2643,351578,1.5300000086426735e-05,15,11.368506461507693
insert,2644,829823,1.650000012887176e-05,16,11.369052007001388
insert,2645,153144,1.160000010713702e-05,12,11.369597346278677
insert,2646,144284,1.1700000413839007e-05,12,11.3701424794954
insert,2647,40164,1.2799999694834696e-05,13,11.370687406807217
insert,2648,300815,1.1499999800435035e-05,12,11.371232128369622
insert,2649,961960,1.3800000033370452e-05,14,11.371776644337924
insert,2650,870069,1.2699999842880061e-05,13,11.37232095486726
insert,2651,495405,1.1799999811046291e-05,12,11.372865060112588
insert,2652,729885,1.2900000001536682e-05,13,11.373408960228696
insert,2653,871483,1.4700000065204222e-05,15,11.373952655370193
insert,2654,145535,1.2699999842880061e-05,13,11.374496145691516
insert,2655,795703,1.6199999663513154e-05,16,11.375039431346925
insert,2656,739809,1.2800000149582047e-05,13,11.375582512490507
insert,2657,491898,1.4900000223860843e-05,15,11.376125389276174
insert,2658,470393,1.4599999758502236e-05,15,11.376668061857668
insert,2659,645240,5.759999976362451e-05,13,11.377210530388552
insert,2660,5507,1.3300000318849925e-05,13,11.37775279502222
insert,2661,949861,1.1799999811046291e-05,12,11.378294855911891
insert,2662,83075,1.4299999747890979e-05,14,11.378836713210614
insert,2663,19928,1.2799999694834696e-05,13,11.379378367071261
insert,2664,268356,1.539999993838137e-05,15,11.379919817646538
insert,2665,226131,1.4799999917158857e-05,15,11.380461065088973
insert,2666,875523,1.4899999769113492e-05,15,11.381002109550925
insert,2667,156783,1.4100000043981709e-05,14,11.381542951184585
insert,2668,575463,1.5499999790336005e-05,15,11.382083590141967
insert,2669,985899,1.1999999969702912e-05,12,11.382624026574916
insert,2670,762561,1.3200000012147939e-05,13,11.38316426063511
insert,2671,638458,1.160000010713702e-05,12,11.383704292474052
insert,2672,553409,1.560000009703799e-05,13,11.384244122243079
insert,2673,443815,1.160000010713702e-05,12,11.384783750093353
insert,2674,116588,1.0900000233959872e-05,11,11.385323176175872
insert,2675,813876,1.52000002344721e-05,15,11.38586240064146
insert,2676,302097,5.759999976362451e-05,15,11.386401423640777
insert,2677,249184,1.4599999758502236e-05,14,11.386940245324311
insert,2678,315780,1.649999967412441e-05,16,11.387478865842379
insert,2679,127768,1.3500000022759195e-05,12,11.388017285345136
insert,2680,50069,7.929999992484227e-05,15,11.38855550398256
insert,2681,250022,1.539999993838137e-05,14,11.389093521904474
insert,2682,440219,1.6400000276917126e-05,16,11.389631339260522
insert,2683,669990,1.7700000171316788e-05,13,11.390168956200183
insert,2684,832464,1.8400000044493936e-05,12,11.390706372872774
insert,2685,653065,1.2800000149582047e-05,13,11.391243589427443
insert,2686,479319,1.3100000160193304e-05,13,11.391780606013166
insert,2687,65859,1.1999999969702912e-05,12,11.39231742277876
insert,2688,116243,1.0599999768601265e-05,11,11.392854039872873
insert,2689,877331,1.5300000086426735e-05,15,11.393390457443987
insert,2690,949116,1.3900000340072438e-05,14,11.393926675640417
insert,2691,524109,1.4100000043981709e-05,14,11.394462694610317
insert,2692,625727,1.2799999694834696e-05,13,11.394998514501673
insert,2693,562094,1.4100000043981709e-05,14,11.395534135462302
insert,2694,17234,1.2700000297627412e-05,13,11.396069557639867
insert,2695,662653,1.3899999885325087e-05,14,11.396604781181859
insert,2696,540411,1.2800000149582047e-05,13,11.397139806235604
insert,2697,602981,1.3299999864102574e-05,13,11.397674632948268
insert,2698,253691,1.5099999927770114e-05,15,11.398209261466851
insert,2699,753449,1.4100000043981709e-05,14,11.398743691938193
insert,2700,150552,1.4100000043981709e-05,14,11.399277924508967
insert,2701,305421,1.3700000181415817e-05,14,11.399811959325685
insert,2702,450090,1.5199999779724749e-05,15,11.400345796534694
insert,2703,1641,1.4899999769113492e-05,15,11.400879436282183
insert,2704,644675,1.3699999726668466e-05,14,11.401412878714178
insert,2705,369955,1.2699999842880061e-05,13,11.401946123976536
insert,2706,252250,1.5000000075815478e-05,15,11.402479172214964
insert,2707,598385,1.6000000414351234e-05,16,11.403012023574997
insert,2708,436803,1.160000010713702e-05,12,11.403544678202014
insert,2709,196413,1.4299999747890979e-05,14,11.404077136241234
insert,2710,696644,1.2900000001536682e-05,13,11.404609397837712
insert,2711,700675,1.2599999990925426e-05,13,11.405141463136344
insert,2712,89773,1.0899999779212521e-05,11,11.405673332281866
insert,2713,548914,1.1699999959091656e-05,12,11.406205005418855
insert,2714,378121,1.430000020263833e-05,12,11.406736482691723
insert,2715,70967,1.3100000160193304e-05,13,11.407267764244732
insert,2716,999717,1.2299999980314169e-05,12,11.407798850221974
insert,2717,551614,1.1499999800435035e-05,12,11.40832974076739
insert,2718,570512,1.629999997021514e-05,16,11.40886043602476
insert,2719,531972,1.3800000033370452e-05,14,11.409390936137703
insert,2720,824614,1.2900000001536682e-05,13,11.409921241249679
insert,2721,532281,1.1300000096525764e-05,12,11.410451351503994
insert,2722,581071,1.5199999779724749e-05,15,11.410981267043796
insert,2723,21323,1.160000010713702e-05,12,11.411510988012072
insert,2724,409421,1.4899999769113492e-05,15,11.41204051455165
insert,2725,915755,1.2099999821657548e-05,12,11.41256984680521
insert,2726,492973,1.2900000001536682e-05,13,11.413098984915264
insert,2727,45650,1.160000010713702e-05,12,11.413627929024173
insert,2728,666550,1.5199999779724749e-05,15,11.414156679274141
insert,2729,405675,1.2599999990925426e-05,13,11.414685235807214
insert,2730,391436,1.4000000192027073e-05,14,11.415213598765286
insert,2731,265972,1.539999993838137e-05,15,11.41574176829009
insert,2732,783619,1.4000000192027073e-05,14,11.416269744523207
insert,2733,17032,1.560000009703799e-05,16,11.416797527606061
insert,2734,374441,1.1899999663000926e-05,12,11.417325117679919
insert,2735,826824,9.76999999693362e-05,16,11.417852514885897
insert,2736,70842,1.4599999758502236e-05,13,11.418379719364957
insert,2737,361552,1.1900000117748277e-05,12,11.4189067312579
insert,2738,252839,1.1799999811046291e-05,12,11.419433550705378
insert,2739,768545,1.3099999705445953e-05,13,11.419960177847889
insert,2740,689024,1.4999999621068127e-05,15,11.420486612825774
insert,2741,658776,1.2900000001536682e-05,13,11.421012855779226
insert,2742,108700,1.1000000085914508e-05,11,11.421538906848276
insert,2743,808978,1.900000006571645e-05,13,11.422064766172813
insert,2744,610170,1.75999998646148e-05,13,11.42259043389256
insert,2745,770900,1.2700000297627412e-05,13,11.4231159101471
insert,2746,793436,1.2099999821657548e-05,12,11.423641195075856
insert,2747,348672,1.560000009703799e-05,15,11.4241662888181
insert,2748,139891,1.3700000181415817e-05,13,11.424691191512954
insert,2749,46490,1.1699999959091656e-05,12,11.425215903299385
insert,2750,369413,1.3800000033370452e-05,14,11.42574042431621
insert,2751,572537,1.160000010713702e-05,12,11.426264754702098
insert,2752,354993,1.7600000319362152e-05,13,11.42678889459556
insert,2753,853026,2.3300000066228677e-05,15,11.427312844134963
insert,2754,674021,1.2699999842880061e-05,13,11.42783660345852
insert,2755,183595,1.2999999853491317e-05,13,11.428360172704291
insert,2756,870721,1.2799999694834696e-05,13,11.428883552010191
insert,2757,816991,1.7699999716569437e-05,13,11.429406741513981
insert,2758,717942,1.4199999895936344e-05,14,11.429929741353273
insert,2759,487193,1.2799999694834696e-05,13,11.430452551665532
insert,2760,729169,1.610000026630587e-05,16,11.430975172588068
insert,2761,501777,1.4400000054592965e-05,14,11.43149760425805
insert,2762,662424,1.539999993838137e-05,15,11.432019846812493
insert,2763,191133,1.4100000043981709e-05,14,11.432541900388259
insert,2764,850917,1.2699999842880061e-05,13,11.43306376512207
insert,2765,141404,1.2699999842880061e-05,13,11.433585441150495
insert,2766,66166,1.5300000086426735e-05,15,11.434106928609955
insert,2767,750828,1.2700000297627412e-05,13,11.434628227636725
insert,2768,813895,1.4800000371906208e-05,15,11.43514933836693
insert,2769,989442,1.4199999895936344e-05,14,11.43567026093655
insert,2770,479912,1.3099999705445953e-05,13,11.436190995481416
insert,2771,38781,1.2999999853491317e-05,13,11.436711542137214
insert,2772,307697,1.3299999864102574e-05,13,11.437231901039478
insert,2773,211384,1.560000009703799e-05,15,11.437752072323603
insert,2774,45935,1.1300000096525764e-05,12,11.43827205612483
insert,2775,829539,1.1899999663000926e-05,12,11.43879185257826
insert,2776,209160,1.160000010713702e-05,12,11.439311461818846
insert,2777,928819,1.0999999631167157e-05,11,11.439830883981392
insert,2778,43942,1.3800000033370452e-05,14,11.440350119200563
insert,2779,330927,1.7800000023271423e-05,15,11.44086916761087
insert,2780,978711,1.1300000096525764e-05,11,11.441388029346687
insert,2781,325139,1.2900000001536682e-05,13,11.44190670454224
insert,2782,540419,1.5000000075815478e-05,15,11.442425193331607
insert,2783,417569,1.2800000149582047e-05,13,11.442943495848729
insert,2784,855016,1.4900000223860843e-05,13,11.443461612227393
insert,2785,569409,1.8799999907059828e-05,13,11.443979542601253
insert,2786,496396,1.7100000150094274e-05,14,11.44449728710381
insert,2787,265619,1.3899999885325087e-05,14,11.445014845868423
insert,2788,38400,1.2299999980314169e-05,13,11.445532219028312
insert,2789,789883,1.2800000149582047e-05,13,11.44604940671655
insert,2790,678325,1.160000010713702e-05,12,11.446566409066067
insert,2791,200387,1.2700000297627412e-05,13,11.447083226209653
insert,2792,300010,1.1699999959091656e-05,12,11.44759985827995
insert,2793,374315,1.4799999917158857e-05,15,11.448116305409464
insert,2794,904018,1.5699999948992627e-05,14,11.448632567730552
insert,2795,818772,1.2000000424450263e-05,11,11.449148645375436
insert,2796,50127,1.7800000023271423e-05,15,11.449664538476192
insert,2797,907856,1.4100000043981709e-05,14,11.450180247164754
insert,2798,687585,1.4900000223860843e-05,15,11.450695771572915
insert,2799,348049,1.8000000181928044e-05,15,11.451211111832329
insert,2800,286489,2.27999998969608e-05,14,11.451726268074506
insert,2801,130522,1.8400000044493936e-05,12,11.452241240430817
insert,2802,838172,1.5300000086426735e-05,15,11.452756029032495
insert,2803,385897,1.6599999980826396e-05,15,11.453270634010623
insert,2804,458177,1.4000000192027073e-05,14,11.453785055496155
insert,2805,932695,1.0900000233959872e-05,11,11.454299293619899
insert,2806,419454,1.4800000371906208e-05,15,11.454813348512525
insert,2807,779415,1.1000000085914508e-05,11,11.45532722030456
insert,2808,461098,1.3099999705445953e-05,13,11.455840909126398
insert,2809,938096,1.4299999747890979e-05,14,11.456354415108288
insert,2810,405427,1.6399999822169775e-05,16,11.456867738380343
insert,2811,355506,1.650000012887176e-05,14,11.457380879072534
insert,2812,195893,1.4999999621068127e-05,15,11.4578938373147
insert,2813,520307,1.1999999969702912e-05,12,11.458406613236534
insert,2814,725687,1.2900000001536682e-05,13,11.458919206967591
insert,2815,521692,1.3700000181415817e-05,14,11.459431618637296
insert,2816,385192,1.160000010713702e-05,12,11.45994384837493
insert,2817,969210,1.6899999991437653e-05,11,11.460455896309636
insert,2818,836021,1.8700000055105193e-05,16,11.460967762570421
insert,2819,544501,1.1900000117748277e-05,12,11.461479447286155
insert,2820,279677,1.0900000233959872e-05,11,11.461990950585571
insert,2821,840065,1.4899999769113492e-05,15,11.462502272597265
insert,2822,86625,1.2999999853491317e-05,13,11.463013413449692
insert,2823,762401,1.3999999737279722e-05,14,11.46352437327118
insert,2824,445121,1.3899999885325087e-05,14,11.464035152189913
insert,2825,82761,1.1799999811046291e-05,12,11.46454575033394
insert,2826,451525,1.3699999726668466e-05,14,11.465056167831175
insert,2827,631719,1.6200000118260505e-05,16,11.4655664048094
insert,2828,862288,1.44999999065476e-05,14,11.466076461396252
insert,2829,189223,1.4700000065204222e-05,15,11.466586337719244
insert,2830,571972,1.160000010713702e-05,12,11.467096033905747
insert,2831,308037,1.2700000297627412e-05,13,11.467605550082997
insert,2832,336815,1.5099999927770114e-05,15,11.468114886378098
insert,2833,107582,1.3200000012147939e-05,13,11.468624042918018
insert,2834,83959,1.1699999959091656e-05,12,11.469133019829592
insert,2835,343849,1.5100000382517464e-05,15,11.469641817239516
insert,2836,693025,1.3900000340072438e-05,14,11.470150435274359
insert,2837,310001,1.1500000255182385e-05,12,11.470658874060552
insert,2838,321385,1.2599999990925426e-05,13,11.471167133724391
insert,2839,467577,1.2999999853491317e-05,13,11.471675214392045
insert,2840,631895,1.560000009703799e-05,16,11.472183116189541
insert,2841,752525,1.3600000329461182e-05,14,11.47269083924278
insert,2842,446816,1.700000029813964e-05,15,11.473198383677527
insert,2843,174740,1.4199999895936344e-05,12,11.473705749619416
insert,2844,723271,1.5900000107649248e-05,16,11.474212937193943
insert,2845,465472,1.3500000022759195e-05,14,11.474719946526482
insert,2846,368624,1.2599999990925426e-05,13,11.475226777742266
insert,2847,468850,1.250000013897079e-05,13,11.475733430966399
insert,2848,44413,1.3899999885325087e-05,14,11.476239906323851
insert,2849,762121,1.5699999948992627e-05,16,11.476746203939467
insert,2850,912301,1.4999999621068127e-05,15,11.477252323937952
insert,2851,955890,1.9899999642802868e-05,13,11.477758266443889
insert,2852,369686,1.8000000181928044e-05,15,11.47826403158172
insert,2853,644719,1.700000029813964e-05,17,11.478769619475763
insert,2854,456069,1.049999991664663e-05,11,11.479275030250205
insert,2855,287893,1.0900000233959872e-05,11,11.479780264029099
insert,2856,670533,1.2599999990925426e-05,13,11.480285320936371
insert,2857,829925,1.2599999990925426e-05,13,11.480790201095816
insert,2858,993950,1.1999999969702912e-05,12,11.481294904631099
insert,2859,60145,1.1800000265793642e-05,12,11.481799431665753
insert,2860,78687,1.7999999727180693e-05,11,11.482303782323182
insert,2861,703788,2.139999969585915e-05,15,11.482807956726667
insert,2862,668481,1.3800000033370452e-05,14,11.483311954999353
insert,2863,425943,1.2999999853491317e-05,13,11.483815777264256
insert,2864,380960,1.359999987471383e-05,13,11.484319423644267
insert,2865,538010,2.029999996011611e-05,16,11.484822894262146
insert,2866,840011,1.340000017080456e-05,14,11.485326189240524
insert,2867,786326,1.2700000297627412e-05,13,11.485829308701904
insert,2868,712414,1.2800000149582047e-05,13,11.486332252768664
insert,2869,167759,1.3100000160193304e-05,12,11.48683502156305
insert,2870,999073,1.4100000043981709e-05,14,11.487337615207181
insert,2871,32654,1.1999999969702912e-05,12,11.487840033823051
insert,2872,149716,1.5099999927770114e-05,15,11.488342277532524
insert,2873,889895,1.2699999842880061e-05,13,11.488844346457336
insert,2874,637087,1.2799999694834696e-05,13,11.4893462407191
insert,2875,711028,1.75999998646148e-05,15,11.489847960439297
insert,2876,819265,1.6599999980826396e-05,12,11.490349505739287
insert,2877,459458,1.6399999822169775e-05,12,11.490850876740298
insert,2878,36490,1.3899999885325087e-05,14,11.491352073563435
insert,2879,132362,1.0900000233959872e-05,11,11.491853096329674
insert,2880,70500,1.4100000043981709e-05,14,11.49235394515987
insert,2881,247460,2.3099999907572055e-05,15,11.492854620174748
insert,2882,816333,1.5900000107649248e-05,13,11.493355121494906
insert,2883,676503,1.249999968422344e-05,13,11.493855449240822
insert,2884,384124,1.4100000043981709e-05,12,11.494355603532846
insert,2885,379743,1.2200000128359534e-05,13,11.494855584491198
insert,2886,401452,1.8799999907059828e-05,13,11.495355392235982
insert,2887,995589,1.1000000085914508e-05,11,11.49585502688717
insert,2888,594800,1.2999999853491317e-05,13,11.496354488564615
insert,2889,33959,1.2599999990925426e-05,13,11.496853777388042
insert,2890,634488,1.5900000107649248e-05,16,11.49735289347705
insert,2891,160892,1.1999999969702912e-05,12,11.497851836951117
insert,2892,712049,1.250000013897079e-05,13,11.4983506079296
insert,2893,471779,1.2800000149582047e-05,13,11.498849206531725
insert,2894,994914,1.1800000265793642e-05,12,11.4993476328766
insert,2895,388985,1.6200000118260505e-05,12,11.499845887083206
insert,2896,390085,1.3299999864102574e-05,13,11.500343969270403
insert,2897,465505,1.249999968422344e-05,13,11.50084187955693
insert,2898,800153,1.4799999917158857e-05,13,11.501339618061397
insert,2899,80621,5.129999999553547e-05,15,11.501837184902296
insert,2900,601801,3.990000004705507e-05,13,11.502334580197997
insert,2901,144384,4.0299999909620965e-05,14,11.502831804066744
insert,2902,555179,3.319999996165279e-05,14,11.503328856626661
insert,2903,384775,2.8899999961140566e-05,13,11.50382573799575
insert,2904,417369,2.790000007735216e-05,13,11.50432244829189
insert,2905,329658,3.300000025774352e-05,15,11.504818987632841
insert,2906,681114,2.790000007735216e-05,13,11.505315356136236
insert,2907,292228,2.5899999855028e-05,12,11.505811553919594
insert,2908,261737,2.3399999918183312e-05,11,11.506307581100307
insert,2909,118960,2.5499999992462108e-05,12,11.506803437795647
insert,2910,27173,3.0000000151630957e-05,14,11.507299124122765
insert,2911,771412,3.309999965495081e-05,15,11.507794640198696
insert,2912,195086,3.309999965495081e-05,15,11.508289986140348
insert,2913,523286,3.150000020468724e-05,13,11.508785162064513
insert,2914,542896,2.5899999855028e-05,12,11.509280168087859
insert,2915,405786,2.750000021478627e-05,13,11.509775004326936
insert,2916,957919,3.839999999399879e-05,15,11.510269670898177
insert,2917,588957,3.500000002532033e-05,16,11.510764167917891
insert,2918,123482,2.1099999685247894e-05,10,11.511258495502268
insert,2919,274493,2.3300000066228677e-05,11,11.51175265376738
insert,2920,812610,2.789999962260481e-05,13,11.51224664282918
insert,2921,272934,2.300000005561742e-05,11,11.512740462803498
insert,2922,738238,2.7600000066740904e-05,13,11.513234113806053
insert,2923,467952,3.220000007786439e-05,15,11.513727595952437
insert,2924,224994,2.570000015111873e-05,12,11.51422090935813
insert,2925,641600,2.989999984492897e-05,14,11.514714054138487
insert,2926,299450,2.5499999992462108e-05,12,11.515207030408751
insert,2927,727692,3.440000000409782e-05,14,11.515699838284043
insert,2928,960998,2.8399999791872688e-05,13,11.516192477879367
insert,2929,515061,2.5800000003073364e-05,12,11.51668494930961
insert,2930,209903,3.2700000247132266e-05,15,11.51717725268954
insert,2931,128595,2.5599999844416743e-05,12,11.517669388133811
insert,2932,142322,2.5400000140507473e-05,12,11.518161355756956
insert,2933,894254,2.5800000003073364e-05,12,11.51865315567339
insert,2934,77650,2.3099999907572055e-05,11,11.519144787997414
insert,2935,474002,2.7399999908084283e-05,13,11.519636252843213
insert,2936,181044,3.20999997711624e-05,15,11.520127550324851
insert,2937,942334,2.7999999929306796e-05,13,11.52061868055628
insert,2938,748023,2.9600000289065065e-05,14,11.521109643651332
insert,2939,466733,2.7399999908084283e-05,13,11.521600439723727
insert,2940,92056,2.320000021427404e-05,11,11.522091068887065
insert,2941,849885,2.7600000066740904e-05,13,11.52258153125483
insert,2942,715055,2.7599999611993553e-05,13,11.523071826940395
insert,2943,886594,2.7600000066740904e-05,13,11.523561956057012
insert,2944,335113,2.5599999844416743e-05,12,11.524051918717824
insert,2945,700281,2.7600000066740904e-05,13,11.524541715035848
insert,2946,364302,2.519999998185085e-05,12,11.525031345124
insert,2947,744008,2.8100000236008782e-05,13,11.52552080909507
insert,2948,68094,3.580000020519947e-05,15,11.526010107061737
insert,2949,576714,2.5400000140507473e-05,12,11.526499239136566
insert,2950,568508,3.479999986666371e-05,16,11.526988205432007
insert,2951,304467,3.349999997226405e-05,13,11.527477006060396
insert,2952,934630,2.320000021427404e-05,11,11.527965641133955
insert,2953,314528,2.990000029967632e-05,14,11.52845411076479
insert,2954,892718,2.7300000056129647e-05,13,11.528942415064895
insert,2955,165157,2.7999999929306796e-05,13,11.52943055414615
insert,2956,746386,3.0100000003585592e-05,14,11.529918528120325
insert,2957,744032,2.9400000130408444e-05,14,11.530406337099068
insert,2958,972371,2.769999991869554e-05,13,11.530893981193922
insert,2959,734234,3.460000016275444e-05,16,11.531381460516313
insert,2960,668677,2.7399999908084283e-05,13,11.531868775177553
insert,2961,182548,2.719999974942766e-05,13,11.532355925288847
insert,2962,832251,3.220000007786439e-05,15,11.532842910961282
insert,2963,379053,2.5299999833805487e-05,12,11.533329732305834
insert,2964,533470,3.459999970800709e-05,16,11.533816389433365
insert,2965,235135,2.5299999833805487e-05,12,11.53430288245463
insert,2966,127258,2.5300000288552837e-05,12,11.534789211480266
insert,2967,210744,2.9799999992974335e-05,14,11.535275376620802
insert,2968,830542,2.769999991869554e-05,13,11.535761377986656
insert,2969,145623,2.790000007735216e-05,12,11.536247215688128
insert,2970,248236,2.5299999833805487e-05,12,11.536732889835415
insert,2971,828767,2.7600000066740904e-05,13,11.537218400538595
insert,2972,518020,2.7800000225397525e-05,13,11.537703747907644
insert,2973,27561,2.519999998185085e-05,12,11.53818893205242
insert,2974,378428,2.719999974942766e-05,13,11.538673953082668
insert,2975,580934,3.239999978177366e-05,15,11.539158811108031
insert,2976,600077,2.7600000066740904e-05,13,11.539643506238036
insert,2977,386832,2.519999998185085e-05,12,11.5401280385821
insert,2978,490111,2.5400000140507473e-05,12,11.54061240824953
insert,2979,842701,2.990000029967632e-05,14,11.541096615349524
insert,2980,578444,2.9600000289065065e-05,14,11.541580659991169
insert,2981,136075,3.580000020519947e-05,15,11.542064542283443
insert,2982,641675,3.6500000078376615e-05,17,11.542548262335213
insert,2983,927200,3.599999990910874e-05,15,11.543031820255237
insert,2984,90404,2.5300000288552837e-05,12,11.543515216152167
insert,2985,68942,2.519999998185085e-05,12,11.543998450134541
insert,2986,324315,3.1800000215298496e-05,15,11.544481522310791
insert,2987,417501,3.429999969739583e-05,16,11.544964432789238
insert,2988,751760,2.949999998236308e-05,14,11.545447181678094
insert,2989,753790,2.9599999834317714e-05,14,11.545929769085468
insert,2990,501917,3.2500000088475645e-05,15,11.546412195119352
insert,2991,551232,2.5200000436598202e-05,12,11.546894459887637
insert,2992,430750,2.769999991869554e-05,13,11.547376563498101
insert,2993,806528,3.4300000152143184e-05,16,11.547858506058416
insert,2994,429323,3.1799999760551145e-05,15,11.548340287676147
insert,2995,863334,2.3399999918183312e-05,11,11.548821908458752
insert,2996,602827,3.420000030018855e-05,16,11.549303368513575
insert,2997,77334,2.5099999675148865e-05,12,11.54978466794786
insert,2998,131415,2.3099999907572055e-05,11,11.55026580686874
insert,2999,332428,2.949999998236308e-05,14,11.550746785383243
insert,3000,673541,2.9799999992974335e-05,14,11.551227603598289
insert,3001,77768,2.5099999675148865e-05,12,11.55170826162069
insert,3002,471833,3.4499999856052455e-05,16,11.55218875955715
insert,3003,488462,2.8899999961140566e-05,13,11.552669097514272
insert,3004,713146,3.580000020519947e-05,16,11.553149275598548
insert,3005,542492,2.7800000225397525e-05,13,11.553629293916364
insert,3006,361250,3.0100000003585592e-05,14,11.554109152574004
insert,3007,134569,2.5499999992462108e-05,12,11.554588851677638
insert,3008,920608,2.8100000236008782e-05,13,11.555068391333338
insert,3009,869326,7.93999997767969e-05,15,11.555547771647065
insert,3010,818165,2.6199999865639256e-05,12,11.556026992724677
insert,3011,578084,3.640000022642198e-05,15,11.556506054671928
insert,3012,670873,3.0100000003585592e-05,13,11.556984957594462
insert,3013,616339,2.750000021478627e-05,13,11.557463701597824
insert,3014,190803,2.7999999929306796e-05,13,11.557942286787448
insert,3015,805078,3.4500000310799805e-05,13,11.558420713268664
insert,3016,135301,3.2699999792384915e-05,15,11.558898981146703
insert,3017,453634,2.5599999844416743e-05,12,11.559377090526683
insert,3018,527291,3.0299999707494862e-05,14,11.559855041513625
insert,3019,954952,3.240000023652101e-05,15,11.560332834212442
insert,3020,910386,3.040000001419685e-05,14,11.56081046872794
insert,3021,58105,3.190000006725313e-05,13,11.561287945164828
insert,3022,871777,2.790000007735216e-05,13,11.561765263627708
insert,3023,130193,2.5400000140507473e-05,12,11.562242424221072
insert,3024,543270,2.6599999728205148e-05,12,11.56271942704932
insert,3025,160449,3.0000000151630957e-05,14,11.563196272216738
insert,3026,318898,3.440000000409782e-05,16,11.563672959827514
insert,3027,172656,2.3099999907572055e-05,11,11.564149489985732
insert,3028,169835,3.169999990859651e-05,15,11.564625862795372
insert,3029,338335,2.7400000362831634e-05,13,11.565102078360313
insert,3030,980144,2.319999975952669e-05,11,11.565578136784328
insert,3031,743789,2.97000001410197e-05,14,11.566054038171092
insert,3032,236423,2.5300000288552837e-05,12,11.56652978262417
insert,3033,362832,2.750000021478627e-05,13,11.567005370247033
insert,3034,993509,2.790000007735216e-05,12,11.567480801143045
insert,3035,986610,2.3399999918183312e-05,11,11.567956075415466
insert,3036,544104,2.499999982319423e-05,12,11.56843119316746
insert,3037,938398,2.519999998185085e-05,12,11.568906154502084
insert,3038,297847,3.2499999633728294e-05,15,11.569380959522295
insert,3039,887026,2.769999991869554e-05,13,11.569855608330947
insert,3040,82691,2.949999998236308e-05,14,11.570330101030798
insert,3041,262779,2.3299999611481326e-05,11,11.570804437724497
insert,3042,205838,2.7399999908084283e-05,13,11.571278618514595
insert,3043,665906,2.9999999696883606e-05,14,11.571752643503546
insert,3044,577600,2.5800000003073364e-05,12,11.572226512793694
insert,3045,287783,2.5499999992462108e-05,11,11.572700226487292
insert,3046,131251,2.7300000056129647e-05,13,11.573173784686485
insert,3047,655384,3.219999962311704e-05,15,11.573647187493322
insert,3048,317535,3.41999998454412e-05,16,11.574120435009748
insert,3049,644275,3.710000009959913e-05,17,11.57459352733761
insert,3050,559393,2.9799999992974335e-05,14,11.575066464578656
insert,3051,97967,3.060000017285347e-05,14,11.57553924683453
insert,3052,526987,2.7299999601382297e-05,12,11.57601187420678
insert,3053,672125,3.1599999601894524e-05,15,11.576484346796851
insert,3054,176828,2.7800000225397525e-05,12,11.576956664706092
insert,3055,620557,2.7400000362831634e-05,13,11.57742882803575
insert,3056,987347,2.5300000288552837e-05,12,11.57790083688697
insert,3057,608852,3.199999991920777e-05,13,11.578372691360805
insert,3058,161685,2.6300000172341242e-05,12,11.578844391558203
insert,3059,179517,3.1800000215298496e-05,15,11.579315937580015
insert,3060,690732,2.8899999961140566e-05,13,11.579787329526992
insert,3061,654814,2.949999998236308e-05,14,11.580258567499788
insert,3062,755639,3.239999978177366e-05,15,11.580729651598958
insert,3063,945817,2.519999998185085e-05,12,11.581200581924957
insert,3064,634535,3.4500000310799805e-05,16,11.581671358578143
insert,3065,354020,2.790000007735216e-05,13,11.582141981658777
insert,3066,883457,3.0100000003585592e-05,13,11.58261245126702
insert,3067,968811,2.3099999907572055e-05,11,11.583082767502933
insert,3068,590997,2.7200000204175012e-05,13,11.583552930466485
insert,3069,43196,2.5400000140507473e-05,12,11.584022940257542
insert,3070,865323,2.7499999760038918e-05,13,11.584492796975875
insert,3071,905741,2.9799999992974335e-05,14,11.584962500721156
insert,3072,29752,3.199999991920777e-05,15,11.585432051592962
insert,3073,85169,2.500000027794158e-05,12,11.585901449690772
insert,3074,47671,2.5100000129896216e-05,12,11.586370695113965
insert,3075,994624,3.240000023652101e-05,15,11.586839787961827
insert,3076,672613,2.9300000278453808e-05,14,11.587308728333545
insert,3077,808476,3.28000000990869e-05,14,11.58777751632821
insert,3078,604789,2.989999984492897e-05,14,11.588246152044817
insert,3079,277512,2.3300000066228677e-05,11,11.588714635582264
insert,3080,682760,3.440000000409782e-05,16,11.589182967039351
insert,3081,221049,2.320000021427404e-05,11,11.589651146514786
insert,3082,804215,2.7400000362831634e-05,13,11.590119174107175
insert,3083,599930,2.9400000130408444e-05,14,11.590587049915035
insert,3084,436823,2.7799999770650174e-05,13,11.591054774036781
insert,3085,648134,3.4700000014709076e-05,16,11.591522346570734
insert,3086,670031,3.199999991920777e-05,15,11.591989767615125
insert,3087,31758,2.9600000289065065e-05,14,11.59245703726808
insert,3088,522231,2.4899999971239595e-05,12,11.592924155627637
insert,3089,932181,3.0499999866151484e-05,14,11.593391122791736
insert,3090,657630,2.7399999908084283e-05,13,11.593857938858223
insert,3091,572080,2.7099999897473026e-05,13,11.594324603924848
insert,3092,303743,3.429999969739583e-05,16,11.594791118089265
insert,3093,673089,3.370000013092067e-05,16,11.595257481449035
insert,3094,316769,3.189999961250578e-05,15,11.595723694101627
insert,3095,506405,3.239999978177366e-05,15,11.59618975614441
insert,3096,256774,3.0000000151630957e-05,14,11.596655667674662
insert,3097,843777,3.8500000300700776e-05,16,11.597121428789569
insert,3098,846568,3.659999993033125e-05,16,11.597587039586216
insert,3099,718265,3.5400000342633575e-05,16,11.5980525001616
insert,3100,425819,3.2899999951041536e-05,15,11.598517810612622
insert,3101,311883,2.570000015111873e-05,12,11.59898297103609
insert,3102,475576,2.790000007735216e-05,13,11.59944798152872
insert,3103,76518,2.3300000066228677e-05,11,11.599912842187127
insert,3104,722064,2.7599999611993553e-05,13,11.600377553107844
insert,3105,62824,3.259999994043028e-05,15,11.600842114387302
insert,3106,165760,3.2500000088475645e-05,15,11.60130652612184
insert,3107,460960,2.7600000066740904e-05,13,11.60177078840771
insert,3108,435811,2.5600000299164094e-05,12,11.602234901341063
insert,3109,507775,3.100000003541936e-05,13,11.602698865017965
insert,3110,487003,2.769999991869554e-05,13,11.603162679534382
insert,3111,213934,2.5499999992462108e-05,12,11.603626344986193
insert,3112,356718,2.5499999992462108e-05,12,11.60408986146918
insert,3113,636130,3.730000025825575e-05,15,11.604553229079038
insert,3114,150648,3.0299999707494862e-05,14,11.605016447911364
insert,3115,327767,3.190000006725313e-05,15,11.605479518061669
insert,3116,903333,2.5400000140507473e-05,12,11.605942439625368
insert,3117,753259,2.97000001410197e-05,14,11.606405212697785
insert,3118,334828,3.6699999782285886e-05,14,11.606867837374152
insert,3119,769865,2.7399999908084283e-05,13,11.60733031374961
insert,3120,902591,2.5599999844416743e-05,12,11.607792641919211
insert,3121,362148,2.7400000362831634e-05,13,11.608254821977908
insert,3122,418085,3.150000020468724e-05,15,11.608716854020573
insert,3123,137119,3.0199999855540227e-05,14,11.60917873814198
insert,3124,797616,2.770000037344289e-05,13,11.609640474436812
insert,3125,388540,3.0199999855540227e-05,14,11.610102062999664
insert,3126,539996,3.290000040578889e-05,15,11.610563503925041
insert,3127,588934,3.530000003593159e-05,16,11.611024797307353
insert,3128,111342,2.7799999770650174e-05,13,11.611485943240922
insert,3129,334618,3.2499999633728294e-05,15,11.61194694181998
insert,3130,253481,2.8200000087963417e-05,12,11.61240779313867
insert,3131,489132,2.750000021478627e-05,13,11.612868497291041
insert,3132,128474,3.220000007786439e-05,15,11.613329054371054
insert,3133,280465,2.769999991869554e-05,13,11.61378946447258
insert,3134,471436,3.429999969739583e-05,16,11.614249727689401
insert,3135,259962,2.3300000066228677e-05,11,11.614709844115207
insert,3136,147721,2.9999999696883606e-05,14,11.615169813843602
insert,3137,101515,2.320000021427404e-05,11,11.615629636968098
insert,3138,53064,2.519999998185085e-05,12,11.616089313582115
insert,3139,304310,3.460000016275444e-05,15,11.61654884377899
insert,3140,991308,2.989999984492897e-05,14,11.617008227651965
insert,3141,402811,3.079999987676274e-05,13,11.617467465294196
insert,3142,906142,2.569999969637138e-05,12,11.617926556798752
insert,3143,645271,3.6699999782285886e-05,17,11.618385502258606
insert,3144,438447,3.169999990859651e-05,13,11.618844301766652
insert,3145,260331,3.0000000151630957e-05,14,11.619302955415687
insert,3146,907341,3.040000001419685e-05,14,11.619761463298424
insert,3147,946142,3.0000000151630957e-05,14,11.620219825507487
insert,3148,167458,2.5299999833805487e-05,12,11.62067804213541
insert,3149,852994,3.219999962311704e-05,15,11.621136113274641
insert,3150,343342,2.7499999760038918e-05,13,11.62159403901754
insert,3151,979110,2.319999975952669e-05,11,11.622051819456376
insert,3152,605749,2.7599999611993553e-05,13,11.622509454683335
insert,3153,756158,3.4499999856052455e-05,16,11.62296694479051
insert,3154,327906,2.9599999834317714e-05,14,11.623424289869911
insert,3155,199056,2.7499999760038918e-05,13,11.623881490013458
insert,3156,800191,3.2500000088475645e-05,15,11.624338545312986
insert,3157,167083,2.7499999760038918e-05,13,11.624795455860237
insert,3158,522470,3.20999997711624e-05,15,11.625252221746873
insert,3159,539729,3.409999999348656e-05,16,11.625708843064466
insert,3160,489492,3.199999991920777e-05,15,11.626165319904498
insert,3161,522988,2.5100000129896216e-05,12,11.62662165235837
insert,3162,921778,2.5499999992462108e-05,12,11.627077840517394
insert,3163,323529,2.7399999908084283e-05,13,11.627533884472792
insert,3164,521531,2.519999998185085e-05,12,11.627989784315703
insert,3165,24303,2.519999998185085e-05,12,11.62844554013718
insert,3166,94424,2.519999998185085e-05,12,11.62890115202819
insert,3167,991149,2.9799999992974335e-05,14,11.62935662007961
insert,3168,412345,3.4499999856052455e-05,16,11.629811944382233
insert,3169,529997,3.409999999348656e-05,16,11.63026712502677
insert,3170,479442,3.190000006725313e-05,15,11.63072216210384
insert,3171,252423,3.220000007786439e-05,15,11.63117705570398
insert,3172,225596,2.9999999696883606e-05,14,11.631631805917637
insert,3173,611681,3.0100000003585592e-05,13,11.632086412835182
insert,3174,370038,3.8500000300700776e-05,16,11.63254087654689
insert,3175,51022,2.97000001410197e-05,13,11.632995197142957
insert,3176,52996,3.200000037395512e-05,15,11.633449374713493
insert,3177,295024,2.750000021478627e-05,13,11.63390340934852
insert,3178,518935,2.5599999844416743e-05,12,11.634357301137976
insert,3179,626544,3.699999979289714e-05,14,11.634811050171718
insert,3180,925200,3.229999992981902e-05,15,11.635264656539514
insert,3181,883792,3.459999970800709e-05,16,11.635718120331047
insert,3182,686042,3.4499999856052455e-05,12,11.636171441635922
insert,3183,705189,2.5399999685760122e-05,12,11.63662462054365
insert,3184,493447,2.5299999833805487e-05,12,11.637077657143664
insert,3185,299629,3.239999978177366e-05,15,11.637530551525309
insert,3186,562762,2.5599999844416743e-05,12,11.637983303777853
insert,3187,8575,2.519999998185085e-05,12,11.638435913990472
insert,3188,888325,2.97000001410197e-05,14,11.638888382252262
insert,3189,112719,3.0100000003585592e-05,14,11.639340708652231
insert,3190,451861,2.7799999770650174e-05,13,11.639792893279312
insert,3191,140441,2.5300000288552837e-05,12,11.640244936222345
insert,3192,925322,2.97000001410197e-05,14,11.640696837570093
insert,3193,277320,2.3499999770137947e-05,11,11.641148597411233
insert,3194,762848,3.0000000151630957e-05,14,11.641600215834357
insert,3195,383546,2.969999968627235e-05,14,11.642051692927977
insert,3196,800962,2.97000001410197e-05,14,11.64250302878052
insert,3197,422843,2.5400000140507473e-05,12,11.642954223480332
insert,3198,383714,2.750000021478627e-05,13,11.643405277115674
insert,3199,47441,2.499999982319423e-05,12,11.643856189774725
insert,3200,420041,3.20999997711624e-05,15,11.644306961545581
insert,3201,53643,2.500000027794158e-05,12,11.644757592516257
insert,3202,597984,3.7200000406301115e-05,17,11.645208082774683
insert,3203,589108,2.969999968627235e-05,14,11.64565843240871
insert,3204,204111,3.20999997711624e-05,15,11.646108641506103
insert,3205,380134,3.240000023652101e-05,15,11.646558710154547
insert,3206,580097,2.8200000087963417e-05,13,11.647008638441648
insert,3207,302621,2.5299999833805487e-05,12,11.64745842645492
insert,3208,77104,3.3399999665562063e-05,15,11.647908074281808
insert,3209,405117,3.0900000183464726e-05,14,11.648357582009666
insert,3210,528751,2.7400000362831634e-05,13,11.64880694972577
insert,3211,472231,3.429999969739583e-05,16,11.649256177517314
insert,3212,801536,2.7399999908084283e-05,13,11.649705265471413
insert,3213,576567,2.9099999665049836e-05,14,11.650154213675094
insert,3214,293309,2.519999998185085e-05,12,11.650603022215309
insert,3215,865402,2.5400000140507473e-05,12,11.651051691178928
insert,3216,653517,2.9599999834317714e-05,14,11.65150022065274
insert,3217,713450,2.7600000066740904e-05,13,11.651948610723446
insert,3218,640726,3.4300000152143184e-05,16,11.652396861477678
insert,3219,124583,2.299999960087007e-05,11,11.65284497300198
insert,3220,134914,2.4899999971239595e-05,12,11.653292945382814
insert,3221,101378,2.769999991869554e-05,13,11.653740778706569
insert,3222,413038,2.9599999834317714e-05,14,11.654188473059545
insert,3223,391327,2.7300000056129647e-05,13,11.654636028527968
insert,3224,833511,3.0200000310287578e-05,13,11.65508344519798
insert,3225,355557,2.7399999908084283e-05,13,11.655530723155643
insert,3226,584930,3.390000028957729e-05,15,11.655977862486942
insert,3227,984559,2.5400000140507473e-05,12,11.656424863277781
insert,3228,383367,2.7099999897473026e-05,13,11.65687172561398
insert,3229,791639,3.480000032141106e-05,16,11.657318449581288
insert,3230,151276,2.5400000140507473e-05,12,11.657765035265363
insert,3231,208728,2.5399999685760122e-05,11,11.658211482751796
insert,3232,631729,3.400000014153193e-05,14,11.658657792126085
insert,3233,533854,2.750000021478627e-05,13,11.659103963473662
insert,3234,420885,2.9400000130408444e-05,14,11.65954999687987
insert,3235,524370,2.5099999675148865e-05,12,11.659995892429977
insert,3236,42211,2.7399999908084283e-05,13,11.660441650209172
insert,3237,47505,3.190000006725313e-05,15,11.660887270302567
insert,3238,40805,2.7399999908084283e-05,13,11.661332752795186
insert,3239,143694,2.790000007735216e-05,12,11.661778097771988
insert,3240,748256,3.409999999348656e-05,14,11.662223305317841
insert,3241,349219,3.190000006725313e-05,13,11.66266837551754
insert,3242,843020,3.7400000110210385e-05,14,11.663113308455806
insert,3243,496757,2.9799999992974335e-05,14,11.663558104217273
insert,3244,544560,2.7399999908084283e-05,13,11.6640027628865
insert,3245,479188,3.190000006725313e-05,15,11.664447284547972
insert,3246,156176,2.5299999833805487e-05,12,11.664891669286089
insert,3247,635711,2.949999998236308e-05,14,11.665335917185176
insert,3248,936517,2.5600000299164094e-05,12,11.665780028329483
insert,3249,540547,2.7399999908084283e-05,13,11.66622400280318
insert,3250,146571,2.7999999929306796e-05,13,11.666667840690355
insert,3251,343898,2.790000007735216e-05,13,11.667111542075027
insert,3252,976611,2.7999999929306796e-05,13,11.667555107041132
insert,3253,642849,3.440000000409782e-05,16,11.667998535672528
insert,3254,334003,2.7499999760038918e-05,13,11.668441828052998
insert,3255,412043,2.97000001410197e-05,14,11.668884984266247
insert,3256,646448,3.390000028957729e-05,16,11.669328004395904
insert,3257,775233,2.5499999992462108e-05,12,11.669770888525518
insert,3258,883533,3.229999992981902e-05,15,11.670213636738564
insert,3259,313770,2.769999991869554e-05,13,11.67065624911844
insert,3260,622566,2.7399999908084283e-05,13,11.671098725748465
insert,3261,352714,3.2500000088475645e-05,15,11.671541066711884
insert,3262,531959,3.150000020468724e-05,15,11.671983272091865
insert,3263,868525,2.9799999992974335e-05,14,11.672425341971495
insert,3264,534474,2.950000043711043e-05,14,11.672867276433793
insert,3265,558199,2.5400000140507473e-05,12,11.673309075561695
insert,3266,513642,2.5100000129896216e-05,12,11.673750739438063
insert,3267,743168,3.259999994043028e-05,14,11.674192268145683
insert,3268,590269,2.7300000056129647e-05,13,11.674633661767267
insert,3269,314354,3.229999992981902e-05,15,11.675074920385445
insert,3270,497961,2.570000015111873e-05,12,11.675516044082778
insert,3271,855375,3.779999997277628e-05,15,11.67595703294175
insert,3272,17446,3.479999986666371e-05,15,11.676397887044763
insert,3273,386252,3.0000000151630957e-05,14,11.676838606474153
insert,3274,347330,3.2899999951041536e-05,15,11.677279191312175
insert,3275,706538,3.0100000003585592e-05,14,11.677719641641009
insert,3276,114929,2.320000021427404e-05,11,11.67815995754276
insert,3277,436775,2.7800000225397525e-05,13,11.678600139099458
insert,3278,612057,2.7399999908084283e-05,13,11.679040186393062
insert,3279,322624,3.390000028957729e-05,15,11.679480099505446
insert,3280,835458,4.440000020622392e-05,14,11.67991987851842
insert,3281,942426,2.5400000140507473e-05,12,11.680359523513713
insert,3282,760558,2.750000021478627e-05,13,11.680799034572981
insert,3283,914463,2.5300000288552837e-05,12,11.681238411777805
insert,3284,721467,3.0000000151630957e-05,14,11.681677655209691
insert,3285,659828,2.769999991869554e-05,13,11.682116764950074
insert,3286,27942,2.989999984492897e-05,14,11.68255574108031
insert,3287,625906,2.7300000056129647e-05,13,11.682994583681683
insert,3288,497644,2.5299999833805487e-05,12,11.683433292835403
insert,3289,278429,2.6599999728205148e-05,11,11.683871868622603
insert,3290,687437,2.750000021478627e-05,13,11.68431031112435
insert,3291,820935,2.5499999992462108e-05,12,11.684748620421626
insert,3292,813865,2.990000029967632e-05,14,11.685186796595348
insert,3293,606575,2.750000021478627e-05,13,11.685624839726355
insert,3294,605694,3.130000004603062e-05,15,11.686062749895415
insert,3295,238597,3.0300000162242213e-05,14,11.686500527183219
insert,3296,756443,2.7600000066740904e-05,13,11.686938171670388
insert,3297,53850,2.7400000362831634e-05,13,11.687375683437468
insert,3298,611869,3.210000022590975e-05,15,11.687813062564931
insert,3299,503788,3.220000007786439e-05,15,11.688250309133178
insert,3300,178795,2.5399999685760122e-05,12,11.688687423222536
insert,3301,549698,2.7399999908084283e-05,13,11.689124404913258
insert,3302,659581,3.440000000409782e-05,16,11.689561254285525
insert,3303,649841,3.059999971810612e-05,13,11.689997971419446
insert,3304,812234,2.7600000066740904e-05,13,11.690434556395054
insert,3305,882028,3.2500000088475645e-05,15,11.690871009292314
insert,3306,398659,3.190000006725313e-05,15,11.691307330191115
insert,3307,154955,2.789999962260481e-05,13,11.691743519171276
insert,3308,861575,2.5599999844416743e-05,12,11.692179576312538
insert,3309,713794,3.440000000409782e-05,15,11.69261550169458
insert,3310,253962,2.5399999685760122e-05,12,11.693051295397
insert,3311,33105,2.7600000066740904e-05,13,11.693486957499324
insert,3312,600384,2.9399999675661093e-05,14,11.693922488081014
insert,3313,994266,3.0100000003585592e-05,14,11.694357887221452
insert,3314,734550,3.4700000014709076e-05,16,11.69479315499995
insert,3315,115234,2.300000005561742e-05,11,11.69522829149575
insert,3316,200052,2.7499999760038918e-05,13,11.695663296788021
insert,3317,19858,3.20999997711624e-05,15,11.696098170955864
insert,3318,462463,2.319999975952669e-05,11,11.6965329140783
insert,3319,328931,2.7399999908084283e-05,13,11.696967526234287
insert,3320,439123,2.750000021478627e-05,13,11.697402007502708
insert,3321,158788,2.770000037344289e-05,12,11.697836357962377
insert,3322,433021,2.7600000066740904e-05,13,11.698270577692032
insert,3323,724043,2.769999991869554e-05,13,11.698704666770345
insert,3324,213796,3.20999997711624e-05,15,11.699138625275914
insert,3325,430312,2.7600000066740904e-05,13,11.699572453287269
insert,3326,526196,2.5299999833805487e-05,12,11.700006150882865
insert,3327,812618,3.440000000409782e-05,16,11.700439718141093
insert,3328,641182,3.229999992981902e-05,15,11.700873155140263
insert,3329,965237,3.0100000003585592e-05,14,11.701306461958625
insert,3330,494515,2.7299999601382297e-05,13,11.70173963867435
insert,3331,915216,3.2699999792384915e-05,15,11.702172685365548
insert,3332,889588,3.4499999856052455e-05,16,11.702605602110248
insert,3333,771582,2.7599999611993553e-05,13,11.703038388986418
insert,3334,762737,3.639999977167463e-05,17,11.703471046071947
insert,3335,65307,3.59000000571541e-05,15,11.703903573444663
insert,3336,740059,2.769999991869554e-05,13,11.704335971182319
insert,3337,144790,2.7399999908084283e-05,13,11.704768239362599
insert,3338,543879,3.310000010969816e-05,13,11.705200378063116
insert,3339,217414,3.239999978177366e-05,15,11.705632387361415
insert,3340,588133,2.5499999992462108e-05,12,11.70606426733497
insert,3341,340840,2.5499999992462108e-05,12,11.706496018061188
insert,3342,694396,3.28000000990869e-05,15,11.706927639617403
insert,3343,501609,2.499999982319423e-05,12,11.707359132080883
insert,3344,551003,2.7300000056129647e-05,13,11.707790495528823
insert,3345,395130,3.239999978177366e-05,15,11.708221730038353
insert,3346,328994,3.41999998454412e-05,16,11.708652835686529
insert,3347,181595,3.20999997711624e-05,15,11.709083812550343
insert,3348,481993,2.5100000129896216e-05,12,11.709514660706716
insert,3349,956432,3.199999991920777e-05,15,11.709945380232497
insert,3350,559025,3.20999997711624e-05,15,11.71037597120447
insert,3351,358956,3.199999991920777e-05,15,11.710806433699352
insert,3352,572809,3.199999991920777e-05,14,11.711236767793784
insert,3353,371497,3.429999969739583e-05,15,11.711666973564347
insert,3354,708700,2.5300000288552837e-05,12,11.712097051087547
insert,3355,809490,3.4300000152143184e-05,16,11.712527000439824
insert,3356,909802,3.060000017285347e-05,14,11.71295682169755
insert,3357,755945,2.7099999897473026e-05,13,11.71338651493703
insert,3358,713814,3.389999983482994e-05,16,11.713816080234498
insert,3359,674559,7.150000010369695e-05,13,11.714245517666123
insert,3360,842691,3.7599999814119656e-05,17,11.714674827308002
insert,3361,726992,2.9799999992974335e-05,14,11.715104009236168
insert,3362,277204,3.040000001419685e-05,14,11.715533063526584
insert,3363,639712,3.399999968678458e-05,16,11.715961990255144
insert,3364,507700,2.750000021478627e-05,13,11.71639078949768
insert,3365,201604,3.310000010969816e-05,14,11.71681946132995
insert,3366,258495,2.3399999918183312e-05,11,11.717248005827646
insert,3367,292560,2.5400000140507473e-05,12,11.717676423066397
insert,3368,585197,3.689999994094251e-05,15,11.718104713121757
insert,3369,313000,2.7299999601382297e-05,13,11.71853287606922
insert,3370,235791,2.9599999834317714e-05,14,11.71896091198421
insert,3371,987220,2.570000015111873e-05,12,11.719388820942083
insert,3372,312072,2.97000001410197e-05,14,11.719816603018126
insert,3373,808635,2.949999998236308e-05,14,11.720244258287567
insert,3374,303043,3.1600000056641875e-05,15,11.720671786825555
insert,3375,739143,2.7399999908084283e-05,13,11.721099188707186
insert,3376,217347,3.20999997711624e-05,15,11.721526464007477
insert,3377,723770,2.7200000204175012e-05,13,11.721953612801386
insert,3378,739234,3.389999983482994e-05,16,11.722380635163802
insert,3379,512757,2.5099999675148865e-05,12,11.722807531169547
insert,3380,332442,2.7599999611993553e-05,13,11.723234300893377
insert,3381,503111,2.7099999897473026e-05,13,11.723660944409984
insert,3382,365747,2.5299999833805487e-05,12,11.724087461793989
insert,3383,587714,3.1799999760551145e-05,15,11.72451385311995
insert,3384,979056,3.040000001419685e-05,14,11.72494011846236
insert,3385,979879,3.060000017285347e-05,13,11.725366257895642
insert,3386,834043,2.989999984492897e-05,14,11.725792271494157
insert,3387,756720,2.7600000066740904e-05,13,11.726218159332198
insert,3388,286742,2.3300000066228677e-05,11,11.726643921483994
insert,3389,301770,2.5399999685760122e-05,12,11.727069558023706
insert,3390,127795,3.259999994043028e-05,15,11.72749506902543
insert,3391,601335,2.9400000130408444e-05,14,11.727920454563199
insert,3392,709490,2.5099999675148865e-05,12,11.728345714710976
insert,3393,569577,3.220000007786439e-05,15,11.728770849542663
insert,3394,398139,2.770000037344289e-05,12,11.729195859132094
insert,3395,939273,2.990000029967632e-05,14,11.729620743553038
insert,3396,413698,2.750000021478627e-05,13,11.7300455028792
insert,3397,858131,3.200000037395512e-05,15,11.73047013718422
insert,3398,361900,3.0300000162242213e-05,13,11.730894646541671
insert,3399,810617,3.200000037395512e-05,15,11.731319031025064
insert,3400,843701,2.7400000362831634e-05,13,11.731743290707842
insert,3401,153592,3.319999996165279e-05,13,11.732167425663384
insert,3402,304562,2.7200000204175012e-05,13,11.73259143596501
insert,3403,44110,2.5499999992462108e-05,12,11.733015321685963
insert,3404,301603,2.990000029967632e-05,14,11.733439082899434
insert,3405,748832,3.7400000110210385e-05,17,11.733862719678543
insert,3406,82869,2.969999968627235e-05,14,11.734286232096347
insert,3407,363189,3.169999990859651e-05,15,11.734709620225837
insert,3408,968895,2.770000037344289e-05,13,11.735132884139947
insert,3409,463865,2.5399999685760122e-05,12,11.735556023911535
insert,3410,687837,2.7200000204175012e-05,13,11.735979039613404
insert,3411,268901,2.750000021478627e-05,13,11.73640193131829
insert,3412,783642,3.210000022590975e-05,15,11.736824699098864
insert,3413,502352,3.4300000152143184e-05,16,11.737247343027738
insert,3414,224382,2.750000021478627e-05,13,11.737669863177453
insert,3415,211884,2.519999998185085e-05,12,11.73809225962049
insert,3416,868171,2.9799999992974335e-05,14,11.738514532429267
insert,3417,564740,2.7799999770650174e-05,13,11.73893668167614
insert,3418,284304,3.0300000162242213e-05,14,11.739358707433395
insert,3419,978347,2.3299999611481326e-05,11,11.73978060977326
insert,3420,589319,3.399999968678458e-05,16,11.7402023887679
insert,3421,729989,2.9599999834317714e-05,14,11.740624044489413
insert,3422,284816,2.750000021478627e-05,13,11.741045577009839
insert,3423,143942,2.7399999908084283e-05,13,11.741466986401146
insert,3424,114533,2.7399999908084283e-05,13,11.74188827273525
insert,3425,645585,3.4300000152143184e-05,16,11.742309436084
insert,3426,776881,2.9799999992974335e-05,14,11.742730476519174
insert,3427,615337,3.440000000409782e-05,16,11.7431513941125
insert,3428,250906,2.320000021427404e-05,11,11.743572188935634
insert,3429,254236,3.190000006725313e-05,15,11.743992861060175
insert,3430,53232,3.0299999707494862e-05,13,11.744413410557655
insert,3431,702372,2.7600000066740904e-05,13,11.744833837499545
insert,3432,949155,2.9999999696883606e-05,14,11.745254141957256
insert,3433,556838,2.7600000066740904e-05,13,11.745674324002135
insert,3434,236634,3.0300000162242213e-05,14,11.746094383705463
insert,3435,668934,2.790000007735216e-05,13,11.746514321138463
insert,3436,244147,3.2500000088475645e-05,15,11.746934136372298
insert,3437,55041,3.779999997277628e-05,16,11.747353829478062
insert,3438,105066,2.969999968627235e-05,11,11.74777340052679
insert,3439,433378,2.7800000225397525e-05,13,11.74819284958946
insert,3440,346338,2.769999991869554e-05,13,11.748612176736982
insert,3441,752205,3.409999999348656e-05,16,11.749031382040204
insert,3442,495352,2.7600000066740904e-05,13,11.749450465569916
insert,3443,105429,2.7600000066740904e-05,13,11.749869427396844
insert,3444,714282,2.7099999897473026e-05,13,11.750288267591653
insert,3445,808207,2.9400000130408444e-05,14,11.750706986224948
insert,3446,144145,3.4300000152143184e-05,16,11.75112558336727
insert,3447,5434,3.1800000215298496e-05,15,11.751544059089099
insert,3448,577087,2.7399999908084283e-05,13,11.751962413460854
insert,3449,974232,2.2899999748915434e-05,11,11.752380646552893
insert,3450,165614,2.7399999908084283e-05,13,11.752798758435516
insert,3451,426674,3.220000007786439e-05,15,11.753216749178955
insert,3452,684608,2.7600000066740904e-05,13,11.753634618853386
insert,3453,980453,2.7800000225397525e-05,13,11.754052367528924
insert,3454,923426,2.570000015111873e-05,12,11.75446999527562
insert,3455,921069,2.519999998185085e-05,12,11.754887502163468
insert,3456,498808,2.9599999834317714e-05,14,11.7553048882624
insert,3457,500642,2.7100000352220377e-05,13,11.755722153642282
insert,3458,682140,3.190000006725313e-05,15,11.756139298372927
insert,3459,209145,2.5599999844416743e-05,12,11.756556322524087
insert,3460,792631,2.8299999939918052e-05,13,11.756973226165448
insert,3461,301199,2.7300000056129647e-05,13,11.757390009366638
insert,3462,336769,2.97000001410197e-05,14,11.757806672197228
insert,3463,299280,3.0300000162242213e-05,13,11.758223214726724
insert,3464,677274,2.9599999834317714e-05,14,11.758639637024576
insert,3465,62037,2.949999998236308e-05,14,11.75905593916017
insert,3466,952041,2.790000007735216e-05,12,11.759472121202833
insert,3467,806067,2.949999998236308e-05,14,11.759888183221834
insert,3468,93807,3.49000001733657e-05,15,11.760304125286382
insert,3469,683985,3.389999983482994e-05,16,11.760719947465624
insert,3470,602023,3.329999981360743e-05,14,11.761135649828645
insert,3471,243501,2.5499999992462108e-05,12,11.761551232444479
insert,3472,561148,2.519999998185085e-05,12,11.761966695382092
insert,3473,774569,2.9799999992974335e-05,14,11.762382038710392
insert,3474,758244,2.750000021478627e-05,13,11.762797262498232
insert,3475,891639,2.770000037344289e-05,13,11.7632123668144
insert,3476,982170,2.969999968627235e-05,14,11.763627351727628
insert,3477,39111,3.199999991920777e-05,15,11.764042217306587
insert,3478,957591,2.7300000056129647e-05,13,11.76445696361989
insert,3479,966233,3.210000022590975e-05,14,11.76487159073609
insert,3480,183569,2.7600000066740904e-05,13,11.765286098723683
insert,3481,438185,3.239999978177366e-05,15,11.7657004876511
insert,3482,925101,2.9799999992974335e-05,14,11.766114757586722
insert,3483,878293,3.210000022590975e-05,15,11.766528908598865
insert,3484,184328,3.190000006725313e-05,15,11.766942940755785
insert,3485,979289,2.519999998185085e-05,12,11.767356854125685
insert,3486,964307,3.240000023652101e-05,15,11.767770648776704
insert,3487,38106,2.7200000204175012e-05,13,11.768184324776927
insert,3488,876823,2.7300000056129647e-05,13,11.768597882194374
insert,3489,416279,3.199999991920777e-05,15,11.769011321097015
insert,3490,826237,2.7600000066740904e-05,13,11.769424641552753
insert,3491,519448,2.5400000140507473e-05,12,11.76983784362944
insert,3492,195362,2.750000021478627e-05,13,11.770250927394864
insert,3493,982106,2.3099999907572055e-05,11,11.77066389291676
insert,3494,785387,2.7499999760038918e-05,13,11.7710767402628
insert,3495,914664,2.7200000204175012e-05,13,11.7714894695006
insert,3496,971024,2.679999988686177e-05,11,11.771902080697716
insert,3497,303529,2.7600000066740904e-05,13,11.772314573921653
insert,3498,919332,2.519999998185085e-05,12,11.77272694923985
insert,3499,39287,3.1799999760551145e-05,15,11.77313920671969
insert,3500,9718,2.7300000056129647e-05,13,11.773551346428505
insert,3501,312887,2.7399999908084283e-05,13,11.773963368433558
insert,3502,595552,3.599999990910874e-05,16,11.774375272802063
insert,3503,632064,2.9600000289065065e-05,13,11.774787059601174
insert,3504,112513,3.0199999855540227e-05,14,11.775198728897985
insert,3505,973556,2.5499999992462108e-05,12,11.775610280759539
insert,3506,351318,2.8299999939918052e-05,13,11.776021715252813
insert,3507,298385,4.020000005766633e-05,15,11.776433032444732
insert,3508,476420,3.59000000571541e-05,14,11.776844232402167
insert,3509,672465,3.390000028957729e-05,16,11.777255315191923
insert,3510,569692,3.1800000215298496e-05,15,11.777666280880755
insert,3511,549788,3.169999990859651e-05,15,11.778077129535358
insert,3512,517905,2.969999968627235e-05,14,11.778487861222372
insert,3513,932457,2.5599999844416743e-05,12,11.778898476008376
insert,3514,984153,2.4899999971239595e-05,12,11.779308973959898
insert,3515,140719,2.949999998236308e-05,14,11.779719355143405
insert,3516,892401,3.190000006725313e-05,15,11.780129619625306
insert,3517,528706,2.5499999992462108e-05,12,11.78053976747196
insert,3518,490756,2.969999968627235e-05,14,11.780949798749665
insert,3519,286091,2.769999991869554e-05,13,11.78135971352466
insert,3520,202178,2.7299999601382297e-05,13,11.781769511863132
insert,3521,848103,2.989999984492897e-05,14,11.782179193831208
insert,3522,118119,3.189999961250578e-05,14,11.782588759494963
insert,3523,346748,2.989999984492897e-05,14,11.782998208920414
insert,3524,170388,2.519999998185085e-05,12,11.783407542173519
insert,3525,766635,3.0000000151630957e-05,14,11.783816759320182
insert,3526,481207,2.7100000352220377e-05,13,11.784225860426252
insert,3527,679777,2.750000021478627e-05,13,11.784634845557521
insert,3528,269762,2.8699999802483944e-05,12,11.785043714779725
insert,3529,753505,3.41999998454412e-05,16,11.785452468158542
insert,3530,195244,3.4300000152143184e-05,16,11.7858611057596
insert,3531,14769,2.9399999675661093e-05,13,11.786269627648466
insert,3532,772400,2.989999984492897e-05,14,11.786678033890652
insert,3533,353488,3.190000006725313e-05,15,11.787086324551616
insert,3534,829180,2.7300000056129647e-05,13,11.787494499696761
insert,3535,309356,3.440000000409782e-05,16,11.787902559391432
insert,3536,595362,2.97000001410197e-05,14,11.788310503700918
insert,3537,707161,2.7300000056129647e-05,13,11.788718332690458
insert,3538,794069,3.199999991920777e-05,15,11.789126046425231
insert,3539,202545,3.189999961250578e-05,15,11.78953364497036
insert,3540,184020,2.949999998236308e-05,14,11.789941128390916
insert,3541,640633,2.949999998236308e-05,14,11.790348496751914
insert,3542,897735,2.3099999907572055e-05,11,11.790755750118313
insert,3543,669753,2.719999974942766e-05,13,11.791162888555018
insert,3544,940618,2.569999969637138e-05,11,11.791569912126878
insert,3545,425188,3.220000007786439e-05,15,11.79197682089869
insert,3546,867162,2.5300000288552837e-05,12,11.792383614935188
insert,3547,448480,2.7800000225397525e-05,13,11.792790294301064
insert,3548,540311,3.460000016275444e-05,16,11.793196859060945
insert,3549,343857,3.4500000310799805e-05,16,11.793603309279407
insert,3550,90952,2.7600000066740904e-05,13,11.79400964502097
insert,3551,420305,3.240000023652101e-05,15,11.794415866350105
insert,3552,701766,2.7600000066740904e-05,13,11.794821973331223
insert,3553,100019,2.5300000288552837e-05,12,11.795227966028678
insert,3554,193758,2.97000001410197e-05,14,11.795633844506778
insert,3555,147443,2.5300000288552837e-05,12,11.79603960882977
insert,3556,500647,3.1800000215298496e-05,15,11.79644525906185
insert,3557,339321,2.5300000288552837e-05,12,11.79685079526716
insert,3558,981285,3.0199999855540227e-05,14,11.797256217509785
insert,3559,260097,2.9999999696883606e-05,14,11.79766152585376
insert,3560,7162,2.7999999929306796e-05,12,11.798066720363062
insert,3561,273454,2.3600000076839933e-05,11,11.798471801101618
insert,3562,402207,2.7399999908084283e-05,13,11.798876768133299
insert,3563,246962,3.409999999348656e-05,15,11.799281621521923
insert,3564,468437,2.990000029967632e-05,13,11.79968636133125
insert,3565,790372,2.9600000289065065e-05,14,11.800090987624994
insert,3566,279964,2.7600000066740904e-05,13,11.800495500466813
insert,3567,345638,2.7499999760038918e-05,13,11.800899899920305
insert,3568,316614,3.460000016275444e-05,16,11.801304186049023
insert,3569,610755,2.990000029967632e-05,14,11.801708358916462
insert,3570,757998,3.4300000152143184e-05,16,11.802112418586066
insert,3571,600706,3.6699999782285886e-05,17,11.802516365121223
insert,3572,11992,2.519999998185085e-05,12,11.80292019858527
insert,3573,274259,3.0100000003585592e-05,14,11.80332391904149
insert,3574,685437,2.7300000056129647e-05,13,11.803727526553114
insert,3575,377018,2.7300000056129647e-05,13,11.804131021183318
insert,3576,726421,3.219999962311704e-05,14,11.804534402995225
insert,3577,247782,3.1800000215298496e-05,15,11.804937672051908
insert,3578,65143,2.5400000140507473e-05,12,11.805340828416384
insert,3579,700225,3.420000030018855e-05,16,11.805743872151618
insert,3580,123968,2.519999998185085e-05,12,11.806146803320525
insert,3581,488003,3.1799999760551145e-05,15,11.806549621985962
insert,3582,321710,2.769999991869554e-05,13,11.806952328210736
insert,3583,167476,2.769999991869554e-05,13,11.807354922057604
insert,3584,425111,3.460000016275444e-05,16,11.807757403589267
insert,3585,719401,2.9799999992974335e-05,14,11.808159772868375
insert,3586,526931,2.989999984492897e-05,14,11.808562029957525
insert,3587,967947,2.5599999844416743e-05,12,11.80896417491926
insert,3588,938600,3.239999978177366e-05,15,11.809366207816078
insert,3589,930928,2.3399999918183312e-05,11,11.809768128710413
insert,3590,737734,3.4500000310799805e-05,16,11.810169937664659
insert,3591,807237,2.969999968627235e-05,14,11.810571634741146
insert,3592,326085,3.0100000003585592e-05,13,11.810973220002165
insert,3593,723822,2.7300000056129647e-05,13,11.811374693509942
insert,3594,123120,2.499999982319423e-05,12,11.81177605532666
insert,3595,669738,3.3400000120309414e-05,15,11.812177305514448
insert,3596,960633,3.5799999750452116e-05,16,11.81257844413538
insert,3597,986328,2.770000037344289e-05,13,11.812979471251483
insert,3598,309370,3.169999990859651e-05,15,11.813380386924727
insert,3599,385398,2.7499999760038918e-05,13,11.813781191217037
insert,3600,644482,4.0300000364368316e-05,16,11.81418188419028
insert,3601,231578,3.0499999866151484e-05,14,11.814582465906277
insert,3602,229773,2.7399999908084283e-05,13,11.81498293642679
insert,3603,140058,3.2500000088475645e-05,15,11.815383295813538
insert,3604,501411,2.7300000056129647e-05,13,11.815783544128184
insert,3605,160627,3.1799999760551145e-05,15,11.816183681432342
insert,3606,477080,3.440000000409782e-05,16,11.81658370778757
insert,3607,784057,3.5200000183976954e-05,15,11.81698362325538
insert,3608,635164,3.1799999760551145e-05,14,11.817383427897234
insert,3609,391775,2.5499999992462108e-05,12,11.817783121774534
insert,3610,436046,2.7600000066740904e-05,13,11.81818270494864
insert,3611,736039,2.7300000056129647e-05,13,11.818582177480858
insert,3612,575915,2.719999974942766e-05,13,11.818981539432443
insert,3613,957137,2.969999968627235e-05,14,11.8193807908646
insert,3614,493700,2.750000021478627e-05,13,11.81977993183848
insert,3615,794140,3.49000001733657e-05,16,11.820178962415188
insert,3616,563629,3.0100000003585592e-05,14,11.820577882655774
insert,3617,840953,3.689999994094251e-05,17,11.82097669262124
insert,3618,696354,2.7399999908084283e-05,13,11.82137539237254
insert,3619,865709,2.969999968627235e-05,14,11.821773981970567
insert,3620,229022,3.259999994043028e-05,15,11.822172461476178
insert,3621,798868,2.5300000288552837e-05,12,11.822570830950168
insert,3622,259487,2.5300000288552837e-05,12,11.822969090453288
insert,3623,713391,3.190000006725313e-05,15,11.823367240046235
insert,3624,791402,2.8299999939918052e-05,12,11.82376527978966
insert,3625,624757,2.719999974942766e-05,13,11.824163209744158
insert,3626,915549,2.5499999992462108e-05,12,11.82456102997028
insert,3627,825619,3.7599999814119656e-05,15,11.824958740528523
insert,3628,85848,3.220000007786439e-05,15,11.825356341479335
insert,3629,551034,3.440000000409782e-05,16,11.825753832883112
insert,3630,468450,3.400000014153193e-05,16,11.826151214800207
insert,3631,553830,3.409999999348656e-05,16,11.826548487290914
insert,3632,737953,2.7299999601382297e-05,13,11.826945650415485
insert,3633,379359,2.7099999897473026e-05,13,11.827342704234116
insert,3634,81897,3.220000007786439e-05,15,11.827739648806956
insert,3635,961801,2.7399999908084283e-05,13,11.828136484194108
insert,3636,591574,2.7499999760038918e-05,13,11.828533210455618
insert,3637,117660,3.420000030018855e-05,16,11.828929827651486
insert,3638,64759,2.519999998185085e-05,12,11.829326335841667
insert,3639,869033,2.519999998185085e-05,12,11.829722735086058
insert,3640,574252,3.309999965495081e-05,13,11.830119025444516
insert,3641,946747,2.5400000140507473e-05,12,11.830515206976838
insert,3642,530042,2.9599999834317714e-05,14,11.830911279742782
insert,3643,211977,2.989999984492897e-05,14,11.831307243802051
insert,3644,600522,3.619999961301801e-05,17,11.8317030992143
insert,3645,562729,2.7499999760038918e-05,13,11.832098846039134
insert,3646,157132,2.7499999760038918e-05,13,11.832494484336113
insert,3647,172530,2.299999960087007e-05,11,11.832890014164741
insert,3648,344057,3.41999998454412e-05,16,11.833285435584482
insert,3649,895994,3.479999986666371e-05,15,11.833680748654743
insert,3650,545618,2.5299999833805487e-05,12,11.834075953434885
insert,3651,463304,2.4899999971239595e-05,12,11.834471049984222
insert,3652,121887,3.229999992981902e-05,15,11.83486603836202
insert,3653,713342,3.1600000056641875e-05,15,11.835260918627489
insert,3654,215380,2.5300000288552837e-05,12,11.8356556908398
insert,3655,751743,3.6699999782285886e-05,17,11.83605035505807
insert,3656,611475,4.8299999889422907e-05,13,11.836444911341369
insert,3657,512574,3.0200000310287578e-05,14,11.836839359748716
insert,3658,95360,3.040000001419685e-05,14,11.837233700339088
insert,3659,942554,3.0300000162242213e-05,14,11.837627933171404
insert,3660,535168,2.9799999992974335e-05,14,11.838022058304546
insert,3661,467123,3.190000006725313e-05,15,11.838416075797337
insert,3662,847976,3.569999989849748e-05,16,11.83880998570856
insert,3663,58339,3.0500000320898835e-05,14,11.839203788096944
insert,3664,475459,2.7800000225397525e-05,13,11.839597483021175
insert,3665,138354,3.500000002532033e-05,16,11.839991070539886
insert,3666,538180,2.5299999833805487e-05,12,11.840384550711667
insert,3667,435605,2.769999991869554e-05,13,11.840777923595054
insert,3668,478988,2.949999998236308e-05,14,11.841171189248543
insert,3669,591304,2.769999991869554e-05,13,11.841564347730575
insert,3670,60542,3.4300000152143184e-05,16,11.841957399099547
insert,3671,585942,2.97000001410197e-05,14,11.842350343413807
insert,3672,484839,2.7600000066740904e-05,13,11.842743180731658
insert,3673,705449,3.0299999707494862e-05,14,11.84313591111135
insert,3674,846113,2.9599999834317714e-05,14,11.843528534611089
insert,3675,323140,2.7799999770650174e-05,13,11.843921051289035
insert,3676,758415,2.9799999992974335e-05,14,11.844313461203296
insert,3677,22828,2.5599999844416743e-05,12,11.844705764411938
insert,3678,415183,3.4899999718618346e-05,16,11.845097960972975
insert,3679,266818,3.0100000003585592e-05,14,11.845490050944376
insert,3680,856114,2.769999991869554e-05,13,11.845882034384061
insert,3681,3162,2.989999984492897e-05,14,11.846273911349906
insert,3682,782033,3.4700000014709076e-05,16,11.846665681899738
insert,3683,228487,2.519999998185085e-05,12,11.847057346091336
insert,3684,606404,3.4499999856052455e-05,16,11.847448903982432
insert,3685,76578,3.210000022590975e-05,15,11.847840355630714
insert,3686,47490,3.059999971810612e-05,13,11.848231701093818
insert,3687,444279,2.8699999802483944e-05,12,11.848622940429339
insert,3688,361265,3.529999958118424e-05,15,11.84901407369482
insert,3689,734407,3.510000033202232e-05,16,11.849405100947758
insert,3690,66858,4.489999992074445e-05,15,11.84979602224561
insert,3691,567452,3.0100000003585592e-05,14,11.850186837645774
insert,3692,63183,2.770000037344289e-05,12,11.850577547205614
insert,3693,979982,2.789999962260481e-05,12,11.850968150982439
insert,3694,937657,3.0100000003585592e-05,14,11.851358649033513
insert,3695,72372,2.750000021478627e-05,13,11.851749041416058
insert,3696,979135,2.9599999834317714e-05,14,11.852139328187244
insert,3697,495003,3.910000032192329e-05,16,11.852529509404196
insert,3698,33277,3.0000000151630957e-05,14,11.852919585123995
insert,3699,301037,3.4700000014709076e-05,16,11.853309555403674
insert,3700,428729,3.220000007786439e-05,15,11.85369942030022
insert,3701,188725,2.319999975952669e-05,11,11.854089179870574
insert,3702,806326,2.989999984492897e-05,14,11.85447883417163
insert,3703,142008,2.5499999992462108e-05,12,11.854868383260236
insert,3704,803029,2.7600000066740904e-05,13,11.855257827193196
insert,3705,672688,3.429999969739583e-05,16,11.855647166027266
insert,3706,764716,2.97000001410197e-05,14,11.856036399819155
insert,3707,677256,3.4500000310799805e-05,16,11.85642552862553
insert,3708,440782,2.769999991869554e-05,13,11.85681455250301
insert,3709,392651,6.720000010318472e-05,12,11.857203471508166
insert,3710,934632,2.8100000236008782e-05,13,11.857592285697526
insert,3711,401059,2.7800000225397525e-05,13,11.857980995127573
insert,3712,470326,3.4700000014709076e-05,16,11.85836959985474
insert,3713,911863,2.7300000056129647e-05,13,11.858758099935422
insert,3714,961665,3.189999961250578e-05,15,11.859146495425959
insert,3715,950815,2.4899999971239595e-05,12,11.859534786382653
insert,3716,395834,3.399999968678458e-05,14,11.859922972861758
insert,3717,393893,2.7399999908084283e-05,13,11.860311054919482
insert,3718,84149,3.190000006725313e-05,15,11.860699032611988
insert,3719,715895,3.510000033202232e-05,14,11.861086905995395
insert,3720,693940,3.1600000056641875e-05,15,11.861474675125773
insert,3721,917037,2.5099999675148865e-05,12,11.861862340059151
insert,3722,565498,2.9100000119797187e-05,12,11.862249900851513
insert,3723,139450,3.190000006725313e-05,15,11.862637357558794
insert,3724,685281,2.97000001410197e-05,14,11.863024710236886
insert,3725,902076,2.570000015111873e-05,12,11.863411958941638
insert,3726,364664,2.750000021478627e-05,13,11.86379910372885
insert,3727,124396,2.9600000289065065e-05,14,11.86418614465428
insert,3728,187144,2.500000027794158e-05,12,11.864573081773642
insert,3729,563357,2.990000029967632e-05,14,11.8649599151426
insert,3730,412152,4.059999992023222e-05,17,11.86534664481678
insert,3731,554532,3.399999968678458e-05,15,11.86573327085176
insert,3732,133534,2.7399999908084283e-05,13,11.86611979330307
insert,3733,763215,3.7199999951553764e-05,17,11.866506212226202
insert,3734,233508,3.040000001419685e-05,13,11.8668925276766
insert,3735,875374,2.9799999992974335e-05,14,11.867278739709661
insert,3736,3643,2.7600000066740904e-05,13,11.867664848380745
insert,3737,792912,2.790000007735216e-05,13,11.868050853745158
insert,3738,23840,2.5200000436598202e-05,12,11.868436755858168
insert,3739,312857,3.479999986666371e-05,16,11.868822554774999
insert,3740,485495,3.4300000152143184e-05,16,11.869208250550827
insert,3741,706216,2.7300000056129647e-05,13,11.869593843240784
insert,3742,754025,2.949999998236308e-05,14,11.869979332899963
insert,3743,570893,2.9799999992974335e-05,14,11.870364719583405
insert,3744,444731,2.5300000288552837e-05,12,11.870750003346114
insert,3745,557773,2.97000001410197e-05,14,11.871135184243045
insert,3746,397701,2.5399999685760122e-05,12,11.871520262329113
insert,3747,863356,3.169999990859651e-05,13,11.871905237659186
insert,3748,240821,2.859999995052931e-05,13,11.872290110288091
insert,3749,259536,3.220000007786439e-05,15,11.872674880270605
insert,3750,483001,2.7499999760038918e-05,13,11.87305954766147
insert,3751,362975,3.3599999824218685e-05,15,11.873444112515376
insert,3752,162657,3.060000017285347e-05,14,11.873828574886977
insert,3753,289040,2.7300000056129647e-05,13,11.874212934830874
insert,3754,197637,2.519999998185085e-05,12,11.874597192401634
insert,3755,982947,3.0100000003585592e-05,14,11.874981347653774
insert,3756,917723,2.5400000140507473e-05,12,11.87536540064177
insert,3757,760243,3.580000020519947e-05,15,11.875749351420055
insert,3758,802675,3.2699999792384915e-05,13,11.876133200043016
insert,3759,118327,3.8500000300700776e-05,13,11.876516946565
insert,3760,33783,3.879999985656468e-05,15,11.876900591040306
insert,3761,848800,2.900000026784255e-05,12,11.877284133523196
insert,3762,692268,3.040000001419685e-05,14,11.877667574067882
insert,3763,439606,3.28000000990869e-05,15,11.878050912728536
insert,3764,644794,3.2500000088475645e-05,15,11.87843414955929
insert,3765,803266,2.7800000225397525e-05,13,11.878817284614229
insert,3766,981717,2.590000030977535e-05,12,11.879200317947392
insert,3767,926686,3.0300000162242213e-05,14,11.879583249612784
insert,3768,932228,3.2899999951041536e-05,15,11.879966079664356
insert,3769,16406,3.259999994043028e-05,15,11.880348808156027
insert,3770,252357,3.2699999792384915e-05,15,11.880731435141664
insert,3771,216093,2.7600000066740904e-05,13,11.881113960675096
insert,3772,70560,3.0100000003585592e-05,14,11.88149638481011
insert,3773,105798,3.2699999792384915e-05,15,11.881878707600446
insert,3774,622796,3.189999961250578e-05,15,11.882260929099804
insert,3775,35208,2.7300000056129647e-05,13,11.88264304936184
insert,3776,468128,3.190000006725313e-05,15,11.883025068440173
insert,3777,626823,3.349999997226405e-05,13,11.88340698638837
insert,3778,704668,3.199999991920777e-05,13,11.88378880325996
insert,3779,737450,2.9799999992974335e-05,14,11.884170519108435
insert,3780,914582,3.190000006725313e-05,15,11.884552133987235
insert,3781,51041,3.6100000215810724e-05,16,11.884933647949762
insert,3782,256623,2.7600000066740904e-05,13,11.885315061049376
insert,3783,776514,2.7600000066740904e-05,13,11.885696373339396
insert,3784,46386,2.7300000056129647e-05,13,11.886077584873094
insert,3785,421806,2.750000021478627e-05,13,11.886458695703706
insert,3786,460286,2.5100000129896216e-05,12,11.88683970588442
insert,3787,245723,2.769999991869554e-05,13,11.887220615468385
insert,3788,565980,3.220000007786439e-05,15,11.88760142450871
insert,3789,791031,2.5399999685760122e-05,12,11.887982133058454
insert,3790,905687,2.9999999696883606e-05,14,11.888362741170644
insert,3791,813762,2.9599999834317714e-05,14,11.888743248898258
insert,3792,59186,2.7300000056129647e-05,13,11.889123656294238
insert,3793,146943,2.5299999833805487e-05,12,11.889503963411476
insert,3794,528374,2.97000001410197e-05,14,11.889884170302828
insert,3795,303315,3.4499999856052455e-05,16,11.89026427702111
insert,3796,245537,3.420000030018855e-05,16,11.890644283619089
insert,3797,855414,3.229999992981902e-05,15,11.891024190149498
insert,3798,960912,3.210000022590975e-05,15,11.891403996665023
insert,3799,767052,3.009999954883824e-05,13,11.89178370321831
insert,3800,604096,2.7600000066740904e-05,13,11.892163309861965
insert,3801,334395,2.790000007735216e-05,13,11.892542816648552
insert,3802,605527,3.1799999760551145e-05,15,11.892922223630592
insert,3803,626963,2.7200000204175012e-05,13,11.893301530860564
insert,3804,810066,2.969999968627235e-05,14,11.893680738390907
insert,3805,705201,3.229999992981902e-05,15,11.894059846274022
insert,3806,858137,3.4300000152143184e-05,16,11.894438854562262
insert,3807,336242,2.9799999992974335e-05,14,11.894817763307943
insert,3808,248412,2.5399999685760122e-05,12,11.89519657256334
insert,3809,316423,3.190000006725313e-05,15,11.895575282380685
insert,3810,918824,2.840000024662004e-05,12,11.895953892812168
insert,3811,150220,2.5400000140507473e-05,12,11.896332403909941
insert,3812,692283,3.420000030018855e-05,16,11.896710815726115
insert,3813,546572,2.750000021478627e-05,13,11.897089128312757
insert,3814,231781,3.0200000310287578e-05,14,11.897467341721892
insert,3815,433650,3.500000002532033e-05,16,11.897845456005511
insert,3816,315099,3.1800000215298496e-05,15,11.898223471215559
insert,3817,288520,2.519999998185085e-05,12,11.898601387403938
insert,3818,583762,3.4499999856052455e-05,16,11.898979204622513
insert,3819,994596,3.509999987727497e-05,15,11.899356922923111
insert,3820,620408,3.409999999348656e-05,16,11.89973454235751
insert,3821,922447,2.519999998185085e-05,12,11.900112062977456
insert,3822,770926,2.949999998236308e-05,14,11.90048948483465
insert,3823,955859,3.210000022590975e-05,15,11.900866807980748
insert,3824,183641,2.790000007735216e-05,13,11.901244032467376
insert,3825,656402,2.5300000288552837e-05,12,11.901621158346112
insert,3826,711722,2.5399999685760122e-05,12,11.901998185668496
insert,3827,447953,2.7200000204175012e-05,13,11.902375114486025
insert,3828,582852,3.1800000215298496e-05,15,11.902751944850161
insert,3829,519697,2.500000027794158e-05,12,11.903128676812319
insert,3830,49162,2.5100000129896216e-05,12,11.90350531042388
insert,3831,361146,3.7199999951553764e-05,16,11.90388184573618
insert,3832,987325,3.0199999855540227e-05,14,11.904258282800518
insert,3833,674566,3.1799999760551145e-05,15,11.904634621668151
insert,3834,703954,2.719999974942766e-05,13,11.905010862390295
insert,3835,399670,2.7600000066740904e-05,13,11.905387005018131
insert,3836,823976,3.219999962311704e-05,15,11.905763049602793
insert,3837,549940,3.199999991920777e-05,15,11.90613899619538
insert,3838,334218,3.199999991920777e-05,15,11.90651484484695
insert,3839,730133,3.4300000152143184e-05,16,11.906890595608518
insert,3840,436549,2.990000029967632e-05,14,11.907266248531066
insert,3841,428091,2.97000001410197e-05,14,11.907641803665527
insert,3842,156467,2.9799999992974335e-05,13,11.908017261062803
insert,3843,314456,2.7399999908084283e-05,13,11.90839262077375
insert,3844,394748,2.7600000066740904e-05,13,11.908767882849189
insert,3845,192812,2.519999998185085e-05,12,11.909143047339898
insert,3846,791063,3.0100000003585592e-05,14,11.909518114296615
insert,3847,564059,2.9799999992974335e-05,14,11.909893083770042
insert,3848,496521,2.9799999992974335e-05,14,11.91026795581084
insert,3849,252674,2.7399999908084283e-05,13,11.910642730469625
insert,3850,890599,2.9799999992974335e-05,14,11.911017407796985
insert,3851,236291,2.499999982319423e-05,12,11.911391987843459
insert,3852,315345,3.389999983482994e-05,15,11.91176647065955
insert,3853,899198,2.319999975952669e-05,11,11.912140856295721
insert,3854,741949,2.7300000056129647e-05,13,11.912515144802397
insert,3855,151364,2.989999984492897e-05,14,11.912889336229961
insert,3856,844918,3.4499999856052455e-05,16,11.913263430628762
insert,3857,485518,3.189999961250578e-05,15,11.913637428049103
insert,3858,959176,3.2300000384566374e-05,15,11.914011328541255
insert,3859,60424,3.190000006725313e-05,15,11.914385132155443
insert,3860,589705,3.409999999348656e-05,16,11.914758838941857
insert,3861,432724,2.7400000362831634e-05,13,11.91513244895065
insert,3862,436741,3.909999986717594e-05,17,11.915505962231931
insert,3863,584358,2.97000001410197e-05,13,11.915879378835774
insert,3864,555737,2.750000021478627e-05,13,11.91625269881221
insert,3865,140607,2.7399999908084283e-05,13,11.916625922211235
insert,3866,407287,2.7300000056129647e-05,13,11.916999049082808
insert,3867,254656,2.7299999601382297e-05,13,11.917372079476841
insert,3868,267383,2.3099999907572055e-05,11,11.917745013443216
insert,3869,213215,2.7400000362831634e-05,13,11.918117851031772
insert,3870,346306,3.439999954935047e-05,16,11.918490592292311
insert,3871,678121,3.220000007786439e-05,15,11.918863237274595
insert,3872,82912,3.220000007786439e-05,15,11.919235786028347
insert,3873,967025,2.7600000066740904e-05,13,11.919608238603253
insert,3874,471636,3.779999997277628e-05,16,11.919980595048962
insert,3875,888284,2.790000007735216e-05,13,11.92035285541508
insert,3876,389103,2.769999991869554e-05,13,11.920725019751181
insert,3877,96956,3.110000034212135e-05,13,11.921097088106793
insert,3878,561655,3.199999991920777e-05,15,11.921469060531411
insert,3879,869696,2.7600000066740904e-05,13,11.92184093707449
insert,3880,199735,2.5300000288552837e-05,12,11.922212717785449
insert,3881,54041,3.1800000215298496e-05,15,11.922584402713664
insert,3882,281503,3.0200000310287578e-05,14,11.922955991908477
insert,3883,395490,2.5299999833805487e-05,12,11.923327485419192
insert,3884,706397,3.4300000152143184e-05,16,11.923698883295073
insert,3885,634357,2.7399999908084283e-05,13,11.924070185585345
insert,3886,632210,2.9299999823706457e-05,14,11.924441392339197
insert,3887,41469,2.5399999685760122e-05,12,11.92481250360578
insert,3888,916058,2.989999984492897e-05,14,11.925183519434208
insert,3889,76320,2.97000001410197e-05,14,11.925554439873554
insert,3890,197304,2.5399999685760122e-05,12,11.925925264972856
insert,3891,843738,2.969999968627235e-05,14,11.926295994781112
insert,3892,798697,2.7600000066740904e-05,13,11.926666629347283
insert,3893,616127,3.1800000215298496e-05,15,11.927037168720295
insert,3894,759490,2.949999998236308e-05,14,11.92740761294903
insert,3895,704067,3.479999986666371e-05,15,11.927777962082342
insert,3896,585998,2.7300000056129647e-05,13,11.928148216169037
insert,3897,227559,2.5499999992462108e-05,12,11.92851837525789
insert,3898,502682,3.4500000310799805e-05,16,11.928888439397635
insert,3899,219037,2.5100000129896216e-05,12,11.929258408636972
insert,3900,911710,2.7300000056129647e-05,13,11.929628283024563
insert,3901,951093,2.969999968627235e-05,14,11.929998062609027
insert,3902,349139,3.200000037395512e-05,15,11.930367747438952
insert,3903,317916,2.949999998236308e-05,14,11.930737337562887
insert,3904,953150,3.229999992981902e-05,14,11.931106833029341
insert,3905,16079,2.519999998185085e-05,12,11.931476233886793
insert,3906,222097,3.259999994043028e-05,14,11.931845540183673
insert,3907,982684,3.680000008898787e-05,15,11.932214751968385
insert,3908,199255,2.6000000161729986e-05,12,11.93258386928929
insert,3909,777494,3.699999979289714e-05,15,11.932952892194715
insert,3910,123015,3.580000020519947e-05,13,11.933321820732946
insert,3911,783160,2.790000007735216e-05,13,11.933690654952233
insert,3912,790974,3.259999994043028e-05,15,11.934059394900794
insert,3913,502185,3.220000007786439e-05,15,11.934428040626804
insert,3914,958862,2.7399999908084283e-05,13,11.934796592178403
insert,3915,254378,2.790000007735216e-05,13,11.935165049603695
insert,3916,729418,2.9599999834317714e-05,14,11.935533412950747
insert,3917,633761,3.3599999824218685e-05,14,11.935901682267588
insert,3918,737955,2.9599999834317714e-05,14,11.936269857602209
insert,3919,214448,2.7300000056129647e-05,13,11.936637939002571
insert,3920,415899,3.2499999633728294e-05,15,11.937005926516589
insert,3921,959580,2.719999974942766e-05,13,11.93737382019215
insert,3922,250957,2.3099999907572055e-05,11,11.937741620077096
insert,3923,578898,2.7200000204175012e-05,13,11.938109326219239
insert,3924,337238,3.2700000247132266e-05,15,11.938476938666351
insert,3925,813186,3.460000016275444e-05,16,11.938844457466171
insert,3926,296810,2.7600000066740904e-05,13,11.939211882666397
insert,3927,399153,3.4500000310799805e-05,16,11.939579214314692
insert,3928,488900,2.7400000362831634e-05,13,11.939946452458686
insert,3929,559573,2.7399999908084283e-05,13,11.94031359714597
insert,3930,680234,3.189999961250578e-05,15,11.940680648424093
insert,3931,376711,3.169999990859651e-05,15,11.94104760634058
insert,3932,323405,3.170000036334386e-05,15,11.941414470942911
insert,3933,274268,3.2500000088475645e-05,15,11.94178124227853
insert,3934,377115,2.9100000119797187e-05,14,11.942147920394849
insert,3935,537728,3.20999997711624e-05,15,11.94251450533924
insert,3936,925696,2.7499999760038918e-05,13,11.94288099715904
insert,3937,521434,2.8299999939918052e-05,13,11.943247395901553
insert,3938,488641,3.0199999855540227e-05,14,11.943613701614042
insert,3939,103399,2.5400000140507473e-05,12,11.943979914343739
insert,3940,841815,2.969999968627235e-05,14,11.944346034137833
insert,3941,757506,2.949999998236308e-05,14,11.944712061043486
insert,3942,798626,3.190000006725313e-05,15,11.945077995107816
insert,3943,880522,3.0100000003585592e-05,13,11.945443836377912
insert,3944,335789,2.750000021478627e-05,13,11.945809584900822
insert,3945,958746,3.150000020468724e-05,15,11.946175240723559
insert,3946,212995,3.4500000310799805e-05,16,11.946540803893104
insert,3947,388713,3.0700000024808105e-05,13,11.946906274456397
insert,3948,328123,3.409999999348656e-05,16,11.947271652460348
insert,3949,434038,3.190000006725313e-05,15,11.947636937951827
insert,3950,47937,2.519999998185085e-05,12,11.94800213097767
insert,3951,589850,3.420000030018855e-05,16,11.948367231584678
insert,3952,906059,3.240000023652101e-05,15,11.948732239819613
insert,3953,232023,2.5300000288552837e-05,12,11.949097155729207
insert,3954,777260,4.340000032243552e-05,16,11.949461979360155
insert,3955,153012,1.5300000086426735e-05,13,11.949826710759112
insert,3956,17008,1.3600000329461182e-05,12,11.950191349972702
insert,3957,273442,1.2700000297627412e-05,12,11.950555897047511
insert,3958,580190,1.5999999959603883e-05,15,11.950920352030098
insert,3959,980166,1.2699999842880061e-05,12,11.951284714966972
insert,3960,612402,1.560000009703799e-05,15,11.951648985904619
insert,3961,607276,2.210000002378365e-05,13,11.952013164889486
insert,3962,754988,2.3600000076839933e-05,15,11.952377251967985
insert,3963,437863,1.52000002344721e-05,14,11.952741247186488
insert,3964,309532,1.4599999758502236e-05,14,11.953105150591341
insert,3965,159815,1.609999981155852e-05,15,11.953468962228849
insert,3966,205722,1.5799999800947262e-05,15,11.953832682145281
insert,3967,345889,1.699999984339229e-05,16,11.954196310386875
insert,3968,241193,1.6599999980826396e-05,16,11.954559846999834
insert,3969,398291,1.6599999980826396e-05,16,11.95492329203032
insert,3970,597468,1.44999999065476e-05,14,11.955286645524469
insert,3971,873845,1.560000009703799e-05,15,11.955649907528374
insert,3972,257667,1.1999999969702912e-05,12,11.956013078088098
insert,3973,523556,1.2299999980314169e-05,12,11.95637615724967
insert,3974,577391,1.3100000160193304e-05,13,11.95673914505908
insert,3975,686407,1.4199999895936344e-05,14,11.957102041562287
insert,3976,989295,1.3899999885325087e-05,13,11.95746484680521
insert,3977,718114,1.6899999991437653e-05,16,11.957827560833744
insert,3978,353962,1.2999999853491317e-05,13,11.958190183693738
insert,3979,269827,1.4400000054592965e-05,14,11.958552715431011
insert,3980,800442,1.75999998646148e-05,15,11.958915156091349
insert,3981,861502,1.9999999949504854e-05,13,11.959277505720502
insert,3982,512357,1.9999999949504854e-05,14,11.959639764364185
insert,3983,758706,1.4400000054592965e-05,14,11.960001932068081
insert,3984,672866,1.6200000118260505e-05,16,11.960364008877834
insert,3985,775521,1.3099999705445953e-05,13,11.960725994839057
insert,3986,514427,1.3899999885325087e-05,14,11.96108788999733
insert,3987,483215,1.650000012887176e-05,16,11.961449694398196
insert,3988,176406,1.4699999610456871e-05,14,11.961811408087163
insert,3989,768368,2.1099999685247894e-05,16,11.962173031109709
insert,3990,833593,1.5499999790336005e-05,15,11.962534563511271
insert,3991,369284,1.359999987471383e-05,13,11.96289600533726
insert,3992,177488,1.1700000413839007e-05,12,11.963257356633047
insert,3993,146758,1.539999993838137e-05,15,11.963618617443974
insert,3994,755304,1.4899999769113492e-05,15,11.963979787815338
insert,3995,573096,1.2999999853491317e-05,13,11.96434086779242
insert,3996,512037,1.1799999811046291e-05,12,11.964701857420447
insert,3997,192989,1.5699999948992627e-05,15,11.965062756744627
insert,3998,961439,1.5999999959603883e-05,15,11.965423565810129
insert,3999,932567,1.5900000107649248e-05,15,11.965784284662087
insert,4000,568472,1.6800000139483018e-05,16,11.966144913345602
insert,4001,672986,1.5900000107649248e-05,16,11.966505451905741
insert,4002,61586,1.560000009703799e-05,15,11.966865900387539
insert,4003,549396,1.3800000033370452e-05,14,11.967226258835993
insert,4004,35467,1.1999999969702912e-05,12,11.967586527296072
insert,4005,879828,1.4299999747890979e-05,14,11.967946705812707
insert,4006,887827,1.4899999769113492e-05,15,11.968306794430799
insert,4007,77942,1.3100000160193304e-05,13,11.968666793195208
insert,4008,991102,1.1999999969702912e-05,12,11.96902670215077
insert,4009,857731,1.3899999885325087e-05,14,11.969386521342283
insert,4010,50872,1.6599999980826396e-05,16,11.96974625081451
insert,4011,801468,1.5099999927770114e-05,15,11.970105890612182
insert,4012,6694,1.1999999969702912e-05,12,11.970465440779995
insert,4013,432425,1.5000000075815478e-05,15,11.970824901362617
insert,4014,144171,1.6699999832781032e-05,16,11.971184272404678
insert,4015,883473,1.5999999959603883e-05,16,11.971543553950772
insert,4016,661339,1.4199999895936344e-05,14,11.971902746045467
insert,4017,242676,1.1999999969702912e-05,12,11.972261848733291
insert,4018,71270,1.5699999948992627e-05,15,11.972620862058745
insert,4019,741522,1.2900000001536682e-05,13,11.972979786066292
insert,4020,158367,1.2799999694834696e-05,13,11.97333862080036
insert,4021,9586,1.1799999811046291e-05,12,11.973697366305352
insert,4022,229345,1.4199999895936344e-05,14,11.97405602262563
insert,4023,530300,1.4400000054592965e-05,14,11.974414589805527
insert,4024,478161,1.4100000043981709e-05,14,11.974773067889341
insert,4025,391330,1.6399999822169775e-05,16,11.97513145692134
insert,4026,63387,1.5099999927770114e-05,15,11.975489756945754
insert,4027,647848,1.4000000192027073e-05,14,11.975847968006784
insert,4028,668707,1.650000012887176e-05,16,11.9762060901486
insert,4029,699144,1.6200000118260505e-05,16,11.97656412341533
insert,4030,979270,1.5699999948992627e-05,15,11.97692206785108
insert,4031,646468,1.3500000022759195e-05,14,11.977279923499916
insert,4032,957090,1.7800000023271423e-05,15,11.977637690405876
insert,4033,506677,1.2699999842880061e-05,13,11.977995368612962
insert,4034,691310,1.4000000192027073e-05,14,11.978352958165143
insert,4035,511553,1.2399999832268804e-05,13,11.978710459106358
insert,4036,16496,1.2900000001536682e-05,13,11.97906787148051
insert,4037,6934,1.3800000033370452e-05,14,11.979425195331473
insert,4038,558066,1.5300000086426735e-05,15,11.979782430703086
insert,4039,578441,1.2800000149582047e-05,13,11.980139577639157
insert,4040,431320,1.4199999895936344e-05,14,11.98049663618346
insert,4041,12427,1.2599999990925426e-05,13,11.980853606379736
insert,4042,17539,1.2699999842880061e-05,13,11.981210488271694
insert,4043,555135,1.2799999694834696e-05,13,11.981567281903015
insert,4044,757274,1.609999981155852e-05,16,11.981923987317339
insert,4045,288087,2.859999995052931e-05,15,11.982280604558284
insert,4046,561763,8.380000008401112e-05,15,11.982637133669424
insert,4047,300615,2.9400000130408444e-05,13,11.98299357469431
insert,4048,17976,2.6199999865639256e-05,12,11.983349927676457
insert,4049,526612,2.6000000161729986e-05,12,11.98370619265935
insert,4050,852658,2.8299999939918052e-05,13,11.984062369686436
insert,4051,731759,3.0700000024808105e-05,14,11.984418458801137
insert,4052,706775,4.330000001573353e-05,13,11.984774460046841
insert,4053,451489,2.8000000384054147e-05,13,11.985130373466898
insert,4054,845329,3.9199999719130574e-05,15,11.985486199104635
insert,4055,985360,3.190000006725313e-05,15,11.98584193700334
insert,4056,953967,2.9300000278453808e-05,16,11.986197587206274
insert,4057,187975,2.3099999907572055e-05,12,11.98655314975666
insert,4058,112215,2.0799999674636638e-05,12,11.986908624697694
insert,4059,962644,0.00010249999968436896,15,11.987264012072538
insert,4060,100993,2.389999963270384e-05,13,11.987619311924325
insert,4061,549858,3.0899999728717376e-05,16,11.987974524296153
insert,4062,156131,2.300000005561742e-05,14,11.988329649231089
insert,4063,252675,2.840000024662004e-05,16,11.988684686772165
insert,4064,201256,2.0700000277429353e-05,12,11.98903963696239
insert,4065,649888,2.5600000299164094e-05,15,11.989394499844732
insert,4066,552030,2.8299999939918052e-05,15,11.989749275462133
insert,4067,264680,1.7099999695346924e-05,11,11.9901039638575
insert,4068,854815,2.570000015111873e-05,14,11.99045856507371
insert,4069,371659,2.4499999653926352e-05,14,11.99081307915361
insert,4070,280311,1.900000006571645e-05,12,11.99116750614001
insert,4071,833552,2.3399999918183312e-05,15,11.991521846075695
insert,4072,416177,1.6699999832781032e-05,15,11.991876099003415
insert,4073,82858,1.8599999748403206e-05,16,11.992230264965889
insert,4074,391173,1.939999992828234e-05,15,11.992584344005802
insert,4075,425751,1.3500000022759195e-05,13,11.992938336165814
insert,4076,481295,2.5299999833805487e-05,15,11.993292241488547
insert,4077,592448,1.3899999885325087e-05,13,11.993646060016596
insert,4078,255022,1.2599999990925426e-05,12,11.993999791792524
insert,4079,731106,1.610000026630587e-05,15,11.994353436858859
insert,4080,236829,1.2700000297627412e-05,12,11.9947069952581
insert,4081,314547,1.3500000022759195e-05,13,11.995060467032719
insert,4082,717270,1.2999999853491317e-05,13,11.99541385222515
insert,4083,868287,1.649999967412441e-05,15,11.995767150877802
insert,4084,889054,1.3600000329461182e-05,13,11.996120363033047
insert,4085,84533,1.3000000308238668e-05,13,11.996473488733228
insert,4086,685492,1.699999984339229e-05,14,11.996826528020659
insert,4087,899909,1.250000013897079e-05,12,11.997179480937621
insert,4088,681464,1.3800000033370452e-05,14,11.997532347526366
insert,4089,796484,1.4299999747890979e-05,14,11.997885127829111
insert,4090,33224,1.4600000213249587e-05,14,11.998237821888047
insert,4091,98043,1.3299999864102574e-05,13,11.99859042974533
insert,4092,424966,1.4100000043981709e-05,14,11.998942951443086
insert,4093,397688,1.4899999769113492e-05,15,11.99929538702341
insert,4094,395491,1.339999971605721e-05,13,11.99964773652837
insert,4095,579550,1.5000000075815478e-05,15,12.0
insert,4096,499128,1.3299999864102574e-05,13,12.0003521774803
insert,4097,58841,1.3200000012147939e-05,13,12.000704269011246
insert,4098,667679,1.740000016070553e-05,16,12.001056274634779
insert,4099,9910,1.2100000276404899e-05,12,12.001408194392809
insert,4100,736987,1.4800000371906208e-05,15,12.001760028327217
insert,4101,179709,1.4299999747890979e-05,14,12.002111776479852
insert,4102,86703,1.4000000192027073e-05,14,12.002463438892535
insert,4103,524140,1.5500000245083356e-05,15,12.002815015607053
insert,4104,886393,1.3200000012147939e-05,13,12.003166506665167
insert,4105,454988,1.3200000012147939e-05,13,12.003517912108602
insert,4106,676235,1.4799999917158857e-05,15,12.003869231979056
insert,4107,822479,1.5199999779724749e-05,15,12.004220466318195
insert,4108,347363,1.340000017080456e-05,13,12.004571615167656
insert,4109,593344,1.2800000149582047e-05,13,12.004922678569045
insert,4110,899637,1.3600000329461182e-05,14,12.005273656563938
insert,4111,99995,1.2800000149582047e-05,13,12.005624549193879
insert,4112,938257,1.4199999895936344e-05,14,12.005975356500382
insert,4113,553816,1.6700000287528383e-05,16,12.006326078524934
insert,4114,963801,1.2900000001536682e-05,13,12.006676715308988
insert,4115,44619,1.4100000043981709e-05,14,12.007027266893969
insert,4116,240928,1.5299999631679384e-05,15,12.007377733321269
insert,4117,221687,1.6699999832781032e-05,13,12.007728114632254
insert,4118,945054,1.959999963219161e-05,16,12.008078410868256
insert,4119,910287,1.2399999832268804e-05,12,12.00842862207058
insert,4120,725917,1.4100000043981709e-05,14,12.0087787482805
insert,4121,930669,1.1900000117748277e-05,12,12.009128789539256
insert,4122,594317,1.6800000139483018e-05,16,12.009478745888066
insert,4123,498599,1.1699999959091656e-05,12,12.00982861736811
insert,4124,284264,1.249999968422344e-05,12,12.010178404020541
insert,4125,48824,1.2800000149582047e-05,13,12.010528105886484
insert,4126,969052,1.3800000033370452e-05,13,12.010877723007034
insert,4127,77960,1.6899999991437653e-05,16,12.011227255423254
insert,4128,717676,1.4100000043981709e-05,14,12.011576703176177
insert,4129,970547,1.0999999631167157e-05,11,12.011926066306808
insert,4130,293993,1.2399999832268804e-05,12,12.01227534485612
insert,4131,942997,1.2900000001536682e-05,13,12.01262453886506
insert,4132,590883,1.4100000043981709e-05,14,12.01297364837454
insert,4133,690078,1.5099999927770114e-05,15,12.013322673425447
insert,4134,34501,1.2099999821657548e-05,12,12.013671614058637
insert,4135,188067,1.4200000350683695e-05,14,12.014020470314934
insert,4136,973883,1.539999993838137e-05,15,12.014369242235137
insert,4137,891738,1.3000000308238668e-05,13,12.014717929860009
insert,4138,329762,1.4100000043981709e-05,14,12.015066533230291
insert,4139,16419,1.629999997021514e-05,16,12.015415052386688
insert,4140,217222,1.3200000012147939e-05,13,12.01576348736988
insert,4141,615552,4.6999999995023245e-05,14,12.016111838220512
insert,4142,151196,3.040000001419685e-05,13,12.016460104979208
insert,4143,788796,3.3400000120309414e-05,15,12.016808287686555
insert,4144,860557,2.7800000225397525e-05,13,12.017156386383112
insert,4145,747333,3.0299999707494862e-05,14,12.017504401109415
insert,4146,860779,2.7300000056129647e-05,13,12.017852331905962
insert,4147,417644,2.8200000087963417e-05,13,12.018200178813226
insert,4148,973996,3.040000001419685e-05,14,12.01854794187165
insert,4149,80675,2.769999991869554e-05,13,12.018895621121649
insert,4150,313815,3.659999993033125e-05,15,12.019243216603607
insert,4151,170342,2.7800000225397525e-05,13,12.019590728357882
insert,4152,591354,3.0000000151630957e-05,14,12.019938156424795
insert,4153,252154,2.5400000140507473e-05,12,12.020285500844647
insert,4154,594224,2.9399999675661093e-05,14,12.020632761657707
insert,4155,875195,2.769999991869554e-05,13,12.020979938904212
insert,4156,890705,2.7999999929306796e-05,13,12.021327032624372
insert,4157,408061,2.769999991869554e-05,13,12.02167404285837
insert,4158,709923,2.7799999770650174e-05,13,12.022020969646356
insert,4159,940076,3.530000003593159e-05,14,12.022367813028454
insert,4160,566821,3.2700000247132266e-05,15,12.022714573044759
insert,4161,347844,3.229999992981902e-05,15,12.023061249735335
insert,4162,402492,2.769999991869554e-05,13,12.023407843140218
insert,4163,792314,2.769999991869554e-05,13,12.023754353299417
insert,4164,775680,3.199999991920777e-05,15,12.02410078025291
insert,4165,146749,3.2500000088475645e-05,15,12.024447124040647
insert,4166,828898,3.49000001733657e-05,16,12.024793384702548
insert,4167,722795,2.7600000066740904e-05,13,12.025139562278508
insert,4168,759341,2.969999968627235e-05,14,12.025485656808389
insert,4169,82238,3.220000007786439e-05,15,12.025831668332026
insert,4170,525120,2.570000015111873e-05,12,12.026177596889225
insert,4171,781668,3.479999986666371e-05,16,12.026523442519766
insert,4172,362660,2.949999998236308e-05,12,12.026869205263395
insert,4173,56305,2.5599999844416743e-05,12,12.027214885159834
insert,4174,102431,3.239999978177366e-05,15,12.027560482248777
insert,4175,458321,3.059999971810612e-05,14,12.027905996569885
insert,4176,243421,2.5399999685760122e-05,12,12.028251428162793
insert,4177,879415,3.440000000409782e-05,16,12.028596777067108
insert,4178,79711,2.519999998185085e-05,12,12.02894204332241
insert,4179,357138,2.769999991869554e-05,13,12.029287226968245
insert,4180,634566,3.220000007786439e-05,15,12.029632328044137
insert,4181,806361,3.699999979289714e-05,17,12.029977346589579
insert,4182,643685,3.0899999728717376e-05,14,12.030322282644034
insert,4183,624541,3.949999972974183e-05,16,12.030667136246942
insert,4184,415974,3.190000006725313e-05,15,12.031011907437707
insert,4185,811132,2.750000021478627e-05,13,12.031356596255709
insert,4186,342231,2.989999984492897e-05,14,12.031701202740303
insert,4187,31065,2.569999969637138e-05,12,12.032045726930809
insert,4188,664927,2.769999991869554e-05,13,12.032390168866524
insert,4189,286605,2.569999969637138e-05,12,12.032734528586714
insert,4190,821610,3.239999978177366e-05,15,12.03307880613062
insert,4191,472437,2.969999968627235e-05,14,12.03342300153745
insert,4192,514436,3.4300000152143184e-05,16,12.03376711484639
insert,4193,239221,2.7600000066740904e-05,13,12.034111146096592
insert,4194,373096,2.5300000288552837e-05,12,12.034455095327186
insert,4195,579903,3.199999991920777e-05,15,12.034798962577268
insert,4196,986860,2.5599999844416743e-05,12,12.03514274788591
insert,4197,393664,3.220000007786439e-05,15,12.035486451292154
insert,4198,452826,2.5499999992462108e-05,12,12.035830072835017
insert,4199,194761,2.5499999992462108e-05,12,12.036173612553485
insert,4200,712712,3.500000002532033e-05,16,12.036517070486518
insert,4201,614335,3.319999996165279e-05,15,12.036860446673046
insert,4202,692765,4.079999962414149e-05,16,12.037203741151973
insert,4203,398536,3.349999997226405e-05,14,12.037546953962178
insert,4204,89857,3.5400000342633575e-05,16,12.037890085142507
insert,4205,809677,3.4700000014709076e-05,14,12.03823313473178
insert,4206,648666,3.390000028957729e-05,15,12.03857610276879
insert,4207,309728,3.1600000056641875e-05,14,12.038918989292302
insert,4208,836822,3.789999982473091e-05,14,12.039261794341055
insert,4209,258422,2.5400000140507473e-05,12,12.039604517953759
insert,4210,747749,3.0000000151630957e-05,14,12.039947160169094
insert,4211,77078,3.210000022590975e-05,15,12.040289721025717
insert,4212,86024,2.519999998185085e-05,12,12.040632200562253
insert,4213,280990,2.7600000066740904e-05,13,12.040974598817305
insert,4214,161713,3.2700000247132266e-05,15,12.041316915829444
insert,4215,398459,2.97000001410197e-05,14,12.041659151637214
insert,4216,746248,3.710000009959913e-05,17,12.042001306279133
insert,4217,821969,2.790000007735216e-05,13,12.042343379793692
insert,4218,664694,2.9599999834317714e-05,14,12.042685372219351
insert,4219,161772,3.240000023652101e-05,15,12.043027283594547
insert,4220,775585,3.479999986666371e-05,16,12.04336911395769
insert,4221,408549,2.989999984492897e-05,14,12.043710863347156
insert,4222,332062,2.769999991869554e-05,13,12.044052531801302
insert,4223,378222,2.990000029967632e-05,14,12.044394119358454
insert,4224,111727,2.7399999908084283e-05,13,12.044735626056909
insert,4225,95967,2.7799999770650174e-05,13,12.04507705193494
insert,4226,5448,3.229999992981902e-05,15,12.045418397030792
insert,4227,988766,2.3600000076839933e-05,11,12.045759661382682
insert,4228,323242,2.7600000066740904e-05,13,12.046100845028802
insert,4229,466340,3.229999992981902e-05,15,12.046441948007311
insert,4230,377401,3.6699999782285886e-05,17,12.04678297035635
insert,4231,798330,3.460000016275444e-05,16,12.047123912114026
insert,4232,282871,2.7600000066740904e-05,13,12.04746477331842
insert,4233,107198,2.519999998185085e-05,12,12.047805554007589
insert,4234,138944,2.8100000236008782e-05,13,12.04814625421956
insert,4235,91538,2.9599999834317714e-05,13,12.048486873992337
insert,4236,196495,3.1099999887374e-05,12,12.04882741336389
insert,4237,451915,4.1199999941454735e-05,15,12.04916787237217
insert,4238,470647,3.1600000056641875e-05,13,12.049508251055096
insert,4239,584042,3.41999998454412e-05,15,12.049848549450562
insert,4240,581688,3.640000022642198e-05,15,12.050188767596435
insert,4241,537334,4.6099999963189475e-05,13,12.050528905530555
insert,4242,427866,3.1399999897985253e-05,13,12.050868963290736
insert,4243,108311,3.319999996165279e-05,14,12.051208940914766
insert,4244,27538,2.89999998130952e-05,12,12.0515488384404
insert,4245,93973,3.500000002532033e-05,16,12.051888655905378
insert,4246,371107,3.51999997292296e-05,16,12.052228393347402
insert,4247,581142,2.969999968627235e-05,14,12.052568050804153
insert,4248,97585,2.700000004551839e-05,13,12.052907628313287
insert,4249,625921,2.949999998236308e-05,14,12.053247125912426
insert,4250,627095,2.7499999760038918e-05,13,12.053586543639174
insert,4251,822544,2.769999991869554e-05,13,12.053925881531105
insert,4252,340190,2.790000007735216e-05,13,12.054265139625764
insert,4253,905675,3.0100000003585592e-05,14,12.054604317960672
insert,4254,403952,2.9999999696883606e-05,14,12.054943416573325
insert,4255,12941,2.7599999611993553e-05,13,12.055282435501189
insert,4256,306025,3.2899999951041536e-05,15,12.055621374781708
insert,4257,433912,3.229999992981902e-05,15,12.055960234452295
insert,4258,406638,3.1600000056641875e-05,15,12.056299014550337
insert,4259,817019,3.2500000088475645e-05,15,12.056637715113201
insert,4260,88814,2.7600000066740904e-05,13,12.05697633617822
insert,4261,760054,2.969999968627235e-05,14,12.057314877782703
insert,4262,944910,3.0100000003585592e-05,14,12.057653339963936
insert,4263,586717,2.7400000362831634e-05,13,12.057991722759176
insert,4264,949179,3.20999997711624e-05,15,12.058330026205653
insert,4265,254534,3.949999972974183e-05,16,12.058668250340572
insert,4266,599744,3.329999981360743e-05,14,12.059006395201111
insert,4267,546418,3.749999996216502e-05,16,12.059344460824425
insert,4268,177821,3.0200000310287578e-05,14,12.059682447247638
insert,4269,718606,3.49000001733657e-05,16,12.060020354507852
insert,4270,399227,3.4500000310799805e-05,16,12.060358182642142
insert,4271,177736,2.97000001410197e-05,14,12.060695931687555
insert,4272,145585,4.1000000237545464e-05,15,12.061033601681112
insert,4273,281982,2.770000037344289e-05,13,12.061371192659811
insert,4274,315760,2.97000001410197e-05,14,12.061708704660623
insert,4275,281445,2.719999974942766e-05,13,12.06204613772049
insert,4276,517078,3.210000022590975e-05,15,12.062383491876334
insert,4277,153024,3.459999970800709e-05,16,12.062720767165045
insert,4278,66341,2.8500000098574674e-05,13,12.06305796362349
insert,4279,175330,2.750000021478627e-05,13,12.06339508128851
insert,4280,455792,2.5499999992462108e-05,12,12.063732120196919
insert,4281,289367,2.5800000003073364e-05,12,12.06406908038551
insert,4282,441558,3.0000000151630957e-05,14,12.064405961891042
insert,4283,314314,2.7400000362831634e-05,13,12.064742764750257
insert,4284,507754,3.1799999760551145e-05,15,12.065079488999862
insert,4285,820686,3.2500000088475645e-05,15,12.065416134676548
insert,4286,80658,3.1800000215298496e-05,15,12.065752701816972
insert,4287,378667,3.770000012082164e-05,16,12.066089190457772
insert,4288,263927,2.320000021427404e-05,11,12.066425600635556
insert,4289,990089,2.5600000299164094e-05,12,12.066761932386909
insert,4290,258569,2.519999998185085e-05,12,12.067098185748385
insert,4291,755918,3.499999957057298e-05,16,12.067434360756522
insert,4292,655396,3.49000001733657e-05,16,12.067770457447823
insert,4293,519887,3.20999997711624e-05,15,12.068106475858773
insert,4294,622652,2.9799999992974335e-05,14,12.068442416025826
insert,4295,646625,3.9199999719130574e-05,16,12.068778277985412
insert,4296,205048,3.0700000024808105e-05,13,12.069114061773938
insert,4297,480103,3.130000004603062e-05,14,12.069449767427784
insert,4298,112169,3.389999983482994e-05,13,12.069785394983302
insert,4299,142072,2.97000001410197e-05,14,12.070120944476823
insert,4300,319458,3.0100000003585592e-05,14,12.07045641594465
insert,4301,7097,2.7800000225397525e-05,13,12.070791809423062
insert,4302,414914,3.0000000151630957e-05,14,12.07112712494831
insert,4303,348355,2.7300000056129647e-05,13,12.071462362556623
insert,4304,882496,3.0199999855540227e-05,14,12.071797522284207
insert,4305,650319,3.190000006725313e-05,15,12.072132604167233
insert,4306,398344,2.990000029967632e-05,14,12.072467608241858
insert,4307,843136,3.460000016275444e-05,16,12.072802534544207
insert,4308,904081,3.2700000247132266e-05,15,12.073137383110383
insert,4309,345550,3.770000012082164e-05,16,12.07347215397646
insert,4310,461608,2.5400000140507473e-05,12,12.073806847178492
insert,4311,350997,3.480000032141106e-05,16,12.074141462752506
insert,4312,451534,2.750000021478627e-05,13,12.074476000734501
insert,4313,855089,2.790000007735216e-05,13,12.074810461160453
insert,4314,863540,3.199999991920777e-05,15,12.075144844066317
insert,4315,901260,2.9999999696883606e-05,14,12.075479149488016
insert,4316,682662,2.770000037344289e-05,13,12.075813377461454
insert,4317,623267,2.990000029967632e-05,14,12.076147528022505
insert,4318,142737,2.97000001410197e-05,14,12.076481601207021
insert,4319,315030,2.9799999992974335e-05,14,12.076815597050832
insert,4320,632513,3.440000000409782e-05,16,12.077149515589733
insert,4321,993294,3.260000039517763e-05,15,12.077483356859508
insert,4322,729067,3.0000000151630957e-05,14,12.077817120895904
insert,4323,210609,3.400000014153193e-05,15,12.07815080773465
insert,4324,502279,2.790000007735216e-05,13,12.078484417411449
insert,4325,186267,3.459999970800709e-05,15,12.078817949961978
insert,4326,417585,3.0300000162242213e-05,14,12.079151405421891
insert,4327,334641,3.319999996165279e-05,14,12.079484783826816
insert,4328,305606,3.479999986666371e-05,16,12.079818085212354
insert,4329,770572,3.2699999792384915e-05,14,12.080151309614088
insert,4330,728717,3.429999969739583e-05,16,12.080484457067568
insert,4331,663647,2.769999991869554e-05,13,12.080817527608327
insert,4332,514859,3.440000000409782e-05,16,12.08115052127187
insert,4333,603854,2.969999968627235e-05,14,12.081483438093674
insert,4334,819960,2.569999969637138e-05,12,12.081816278109198
insert,4335,254201,3.479999986666371e-05,16,12.08214904135387
insert,4336,341717,2.5800000003073364e-05,12,12.082481727863103
insert,4337,394323,2.7600000066740904e-05,13,12.082814337672273
insert,4338,293917,2.97000001410197e-05,14,12.083146870816742
insert,4339,856157,3.4500000310799805e-05,16,12.083479327331842
insert,4340,824041,2.7499999760038918e-05,13,12.083811707252881
insert,4341,412023,3.239999978177366e-05,14,12.084144010615145
insert,4342,382747,3.4300000152143184e-05,16,12.084476237453893
insert,4343,119421,3.440000000409782e-05,16,12.084808387804362
insert,4344,977344,2.320000021427404e-05,11,12.085140461701762
insert,4345,591241,2.97000001410197e-05,14,12.085472459181283
insert,4346,209506,2.499999982319423e-05,12,12.085804380278086
insert,4347,620996,2.7200000204175012e-05,13,12.086136225027309
insert,4348,572134,2.7300000056129647e-05,13,12.086467993464069
insert,4349,188668,3.0000000151630957e-05,14,12.086799685623452
insert,4350,714828,2.769999991869554e-05,13,12.087131301540529
insert,4351,804906,3.4499999856052455e-05,16,12.087462841250339
insert,4352,576821,2.7100000352220377e-05,13,12.0877943047879
insert,4353,28224,2.3099999907572055e-05,11,12.088125692188207
insert,4354,999298,3.400000014153193e-05,14,12.088457003486226
insert,4355,762539,4.579999995257822e-05,17,12.088788238716907
insert,4356,484046,3.220000007786439e-05,13,12.089119397915168
insert,4357,988781,2.5899999855028e-05,12,12.089450481115907
insert,4358,742777,3.680000008898787e-05,17,12.089781488353998
insert,4359,219833,2.5599999844416743e-05,12,12.090112419664289
insert,4360,459754,2.97000001410197e-05,14,12.090443275081606
insert,4361,836434,3.0199999855540227e-05,14,12.09077405464075
insert,4362,305483,3.239999978177366e-05,15,12.091104758376499
insert,4363,871663,3.8299999687296804e-05,16,12.091435386323607
insert,4364,726491,4.2300000131945126e-05,16,12.091765938516803
insert,4365,72519,3.2499999633728294e-05,15,12.092096414990792
insert,4366,858748,2.9999999696883606e-05,14,12.092426815780255
insert,4367,888971,3.219999962311704e-05,15,12.092757140919852
insert,4368,834307,3.72999998035084e-05,17,12.093087390444218
insert,4369,833666,2.750000021478627e-05,13,12.093417564387961
insert,4370,429017,3.49000001733657e-05,16,12.093747662785669
insert,4371,705669,3.0200000310287578e-05,14,12.094077685671905
insert,4372,523558,3.310000010969816e-05,13,12.094407633081207
insert,4373,145940,3.28000000990869e-05,14,12.094737505048093
insert,4374,664101,2.9999999696883606e-05,14,12.095067301607054
insert,4375,317544,3.41999998454412e-05,16,12.095397022792557
insert,4376,253778,3.220000007786439e-05,15,12.095726668639047
insert,4377,264956,2.3099999907572055e-05,11,12.096056239180946
insert,4378,690659,3.699999979289714e-05,17,12.096385734452651
insert,4379,161631,2.989999984492897e-05,14,12.096715154488535
insert,4380,749980,3.0299999707494862e-05,14,12.097044499322951
insert,4381,443682,2.5800000003073364e-05,12,12.097373768990222
insert,4382,827407,3.0000000151630957e-05,14,12.097702963524654
insert,4383,395304,2.7799999770650174e-05,13,12.098032082960527
insert,4384,77559,3.0000000151630957e-05,14,12.098361127332096
insert,4385,470881,3.229999992981902e-05,15,12.098690096673593
insert,4386,626980,3.0000000151630957e-05,14,12.09901899101923
insert,4387,502515,3.120000019407598e-05,13,12.099347810403193
insert,4388,610528,3.679999963424052e-05,17,12.099676554859643
insert,4389,420275,3.390000028957729e-05,13,12.10000522442272
insert,4390,560325,2.769999991869554e-05,13,12.100333819126542
insert,4391,531222,3.479999986666371e-05,16,12.100662339005199
insert,4392,968356,3.080000033151009e-05,14,12.100990784092762
insert,4393,965102,2.5800000003073364e-05,12,12.101319154423276
insert,4394,911878,3.480000032141106e-05,16,12.101647450030766
insert,4395,725310,2.949999998236308e-05,14,12.101975670949232
insert,4396,438621,2.8299999939918052e-05,13,12.102303817212647
insert,4397,570054,2.7800000225397525e-05,13,12.102631888854969
insert,4398,38552,2.7400000362831634e-05,13,12.102959885910124
insert,4399,829131,2.989999984492897e-05,14,12.103287808412022
insert,4400,376994,3.659999993033125e-05,17,12.103615656394545
insert,4401,735717,2.97000001410197e-05,14,12.103943429891558
insert,4402,939002,2.969999968627235e-05,14,12.104271128936894
insert,4403,851756,2.769999991869554e-05,13,12.10459875356437
insert,4404,562987,2.809999978126143e-05,13,12.104926303807776
insert,4405,622666,3.2699999792384915e-05,14,12.105253779700883
insert,4406,669181,2.7999999929306796e-05,13,12.105581181277437
insert,4407,958820,2.7600000066740904e-05,13,12.105908508571158
insert,4408,89111,2.7600000066740904e-05,13,12.106235761615748
insert,4409,114683,6.869999970149365e-05,13,12.106562940444883
insert,4410,806307,3.779999997277628e-05,17,12.106890045092218
insert,4411,260290,2.7800000225397525e-05,12,12.107217075591382
insert,4412,689546,3.0100000003585592e-05,14,12.107544031975987
insert,4413,696983,3.459999970800709e-05,16,12.107870914279614
insert,4414,372254,4.020000005766633e-05,13,12.108197722535829
insert,4415,174419,2.6199999865639256e-05,12,12.108524456778168
insert,4416,678429,3.429999969739583e-05,15,12.108851117040153
insert,4417,642440,4.689999968832126e-05,17,12.109177703355275
insert,4418,46449,3.549999973984086e-05,16,12.109504215757006
insert,4419,590580,3.409999999348656e-05,16,12.109830654278793
insert,4420,676365,2.9799999992974335e-05,14,12.110157018954066
insert,4421,710381,2.7800000225397525e-05,13,12.110483309816226
insert,4422,678160,2.5100000129896216e-05,12,12.110809526898654
insert,4423,419030,2.990000029967632e-05,14,12.111135670234708
insert,4424,789246,2.770000037344289e-05,13,12.111461739857722
insert,4425,347705,3.4899999718618346e-05,16,12.11178773580101
insert,4426,834909,3.90000000152213e-05,14,12.112113658097865
insert,4427,451366,3.479999986666371e-05,16,12.112439506781552
insert,4428,111091,2.7600000066740904e-05,13,12.112765281885316
insert,4429,11061,3.220000007786439e-05,15,12.113090983442381
insert,4430,103397,3.240000023652101e-05,15,12.113416611485945
insert,4431,271307,2.7999999929306796e-05,13,12.113742166049189
insert,4432,232786,2.5400000140507473e-05,12,12.114067647165264
insert,4433,535483,2.989999984492897e-05,14,12.114393054867307
insert,4434,783133,3.4700000014709076e-05,16,12.114718389188425
insert,4435,543999,3.4700000014709076e-05,16,12.11504365016171
insert,4436,585099,2.5300000288552837e-05,12,12.115368837820224
insert,4437,608718,3.220000007786439e-05,15,12.115693952197011
insert,4438,721069,3.700000024764449e-05,17,12.116018993325094
insert,4439,603179,3.460000016275444e-05,16,12.116343961237469
insert,4440,231769,2.5399999685760122e-05,12,12.116668855967113
insert,4441,467433,2.7799999770650174e-05,13,12.116993677546981
insert,4442,392293,2.9100000119797187e-05,13,12.117318426010003
insert,4443,410134,3.479999986666371e-05,16,12.117643101389092
insert,4444,485557,3.659999993033125e-05,16,12.117967703717133
insert,4445,809860,4.11000000895001e-05,17,12.11829223302699
insert,4446,712566,3.580000020519947e-05,15,12.118616689351509
insert,4447,617182,3.409999999348656e-05,14,12.118941072723507
insert,4448,723976,4.6099999963189475e-05,16,12.119265383175787
insert,4449,524777,3.7199999951553764e-05,15,12.119589620741122
insert,4450,158068,2.879999965443858e-05,13,12.119913785452269
insert,4451,361725,2.7999999929306796e-05,13,12.12023787734196
insert,4452,25756,3.0899999728717376e-05,14,12.120561896442904
insert,4453,506223,2.7799999770650174e-05,13,12.12088584278779
insert,4454,109628,3.0100000003585592e-05,14,12.121209716409284
insert,4455,309784,3.680000008898787e-05,17,12.121533517340032
insert,4456,436182,3.4899999718618346e-05,16,12.121857245612654
insert,4457,965265,2.949999998236308e-05,12,12.122180901259753
insert,4458,90026,3.040000001419685e-05,14,12.122504484313904
insert,4459,121708,2.5499999992462108e-05,12,12.122827994807666
insert,4460,871700,3.239999978177366e-05,15,12.123151432773575
insert,4461,986371,3.479999986666371e-05,16,12.12347479824414
insert,4462,765619,2.7599999611993553e-05,13,12.123798091251855
insert,4463,148558,2.5600000299164094e-05,12,12.124121311829187
insert,4464,365250,2.7600000066740904e-05,13,12.124444460008585
insert,4465,327041,2.989999984492897e-05,14,12.124767535822473
insert,4466,359732,3.4700000014709076e-05,16,12.125090539303256
insert,4467,477451,3.229999992981902e-05,15,12.125413470483315
insert,4468,822367,2.7600000066740904e-05,13,12.12573632939501
insert,4469,216917,2.790000007735216e-05,13,12.12605911607068
insert,4470,546429,3.459999970800709e-05,16,12.126381830542641
insert,4471,506385,3.4300000152143184e-05,16,12.12670447284319
insert,4472,365220,3.1600000056641875e-05,15,12.127027043004599
insert,4473,499293,2.5200000436598202e-05,12,12.127349541059118
insert,4474,102366,2.7600000066740904e-05,13,12.127671967038982
insert,4475,459451,3.2500000088475645e-05,15,12.127994320976393
insert,4476,757066,3.41999998454412e-05,14,12.128316602903544
insert,4477,730610,3.1600000056641875e-05,13,12.128638812852598
insert,4478,474426,3.259999994043028e-05,15,12.128960950855697
insert,4479,334401,4.369999987829942e-05,14,12.129283016944967
insert,4480,70438,2.790000007735216e-05,13,12.129605011152504
insert,4481,314850,2.969999968627235e-05,14,12.129926933510394
insert,4482,46854,2.7499999760038918e-05,13,12.13024878405069
insert,4483,849542,2.7799999770650174e-05,13,12.130570562805426
insert,4484,745306,3.229999992981902e-05,15,12.130892269806624
insert,4485,120676,3.2300000384566374e-05,15,12.131213905086272
insert,4486,23683,2.9799999992974335e-05,14,12.131535468676345
insert,4487,890430,2.790000007735216e-05,13,12.131856960608793
insert,4488,359744,2.949999998236308e-05,14,12.132178380915544
insert,4489,679446,2.5400000140507473e-05,12,12.13249972962851
insert,4490,114676,3.169999990859651e-05,15,12.132821006779572
insert,4491,710033,3.4300000152143184e-05,16,12.133142212400601
insert,4492,838914,3.0000000151630957e-05,14,12.133463346523438
insert,4493,172338,2.7600000066740904e-05,13,12.133784409179908
insert,4494,975095,2.370000038354192e-05,11,12.13410540040181
insert,4495,776460,3.4500000310799805e-05,16,12.134426320220927
insert,4496,255762,2.5999999706982635e-05,12,12.134747168669016
insert,4497,541059,2.7999999929306796e-05,13,12.135067945777816
insert,4498,182928,2.5600000299164094e-05,12,12.135388651579046
insert,4499,578720,3.4500000310799805e-05,15,12.1357092861044
insert,4500,167915,2.5300000288552837e-05,12,12.136029849385551
insert,4501,347068,2.8500000098574674e-05,13,12.136350341454156
insert,4502,587045,3.2699999792384915e-05,15,12.136670762341845
insert,4503,447081,2.7999999929306796e-05,13,12.13699111208023
insert,4504,484499,2.7999999929306796e-05,13,12.137311390700901
insert,4505,243119,2.7600000066740904e-05,13,12.137631598235428
insert,4506,836508,3.700000024764449e-05,17,12.137951734715358
insert,4507,424724,3.6299999919719994e-05,16,12.138271800172221
insert,4508,660352,3.0000000151630957e-05,14,12.13859179463752
insert,4509,193412,2.7800000225397525e-05,13,12.138911718142744
insert,4510,195441,3.2500000088475645e-05,13,12.139231570719353
insert,4511,671591,2.7599999611993553e-05,13,12.139551352398794
insert,4512,689238,3.679999963424052e-05,17,12.139871063212487
insert,4513,453126,3.20999997711624e-05,15,12.140190703191836
insert,4514,414799,3.500000002532033e-05,16,12.140510272368221
insert,4515,30611,3.219999962311704e-05,15,12.140829770773001
insert,4516,773208,2.519999998185085e-05,12,12.141149198437516
insert,4517,643938,3.700000024764449e-05,17,12.141468555393084
insert,4518,925995,2.5400000140507473e-05,12,12.141787841671004
insert,4519,206910,2.7600000066740904e-05,13,12.14210705730255
insert,4520,471414,3.4300000152143184e-05,16,12.14242620231898
insert,4521,620971,3.409999999348656e-05,16,12.14274527675153
insert,4522,450419,2.9999999696883606e-05,14,12.14306428063141
insert,4523,407724,2.7599999611993553e-05,13,12.14338321398982
insert,4524,4667,2.5100000129896216e-05,12,12.143702076857931
insert,4525,738969,2.97000001410197e-05,14,12.144020869266893
insert,4526,225231,2.750000021478627e-05,13,12.144339591247839
insert,4527,215781,3.639999977167463e-05,17,12.144658242831882
insert,4528,291866,3.040000001419685e-05,14,12.144976824050111
insert,4529,788871,2.769999991869554e-05,13,12.145295334933598
insert,4530,737946,2.9799999992974335e-05,14,12.14561377551339
insert,4531,848015,3.700000024764449e-05,17,12.145932145820515
insert,4532,834675,3.4499999856052455e-05,16,12.146250445885986
insert,4533,65603,2.570000015111873e-05,12,12.146568675740786
insert,4534,605394,2.990000029967632e-05,14,12.146886835415884
insert,4535,106695,2.5499999992462108e-05,12,12.147204924942228
insert,4536,838339,2.97000001410197e-05,14,12.147522944350744
insert,4537,914337,3.229999992981902e-05,15,12.147840893672337
insert,4538,562969,3.370000013092067e-05,15,12.148158772937894
insert,4539,196042,2.5200000436598202e-05,12,12.148476582178278
insert,4540,383562,2.5399999685760122e-05,12,12.148794321424335
insert,4541,341820,3.319999996165279e-05,13,12.149111990706889
insert,4542,206648,3.0300000162242213e-05,13,12.149429590056743
insert,4543,479777,2.97000001410197e-05,14,12.149747119504681
insert,4544,119491,2.97000001410197e-05,14,12.15006457908147
insert,4545,275098,3.0200000310287578e-05,14,12.150381968817848
insert,4546,703282,3.49000001733657e-05,16,12.15069928874454
insert,4547,904540,3.2699999792384915e-05,15,12.151016538892248
insert,4548,513262,2.989999984492897e-05,14,12.151333719291655
insert,4549,553350,2.7499999760038918e-05,13,12.151650829973422
insert,4550,670154,2.7600000066740904e-05,13,12.151967870968189
insert,4551,328629,2.9599999834317714e-05,14,12.152284842306582
insert,4552,625970,3.389999983482994e-05,16,12.152601744019199
insert,4553,407518,2.7300000056129647e-05,13,12.152918576136623
insert,4554,641004,3.659999993033125e-05,17,12.153235338689413
insert,4555,411613,2.7100000352220377e-05,13,12.153552031708111
insert,4556,615520,3.670000023703324e-05,17,12.15386865522324
insert,4557,119782,2.949999998236308e-05,14,12.154185209265297
insert,4558,364826,2.97000001410197e-05,14,12.154501693864765
insert,4559,369083,2.7499999760038918e-05,13,12.154818109052105
insert,4560,886590,2.989999984492897e-05,14,12.155134454857755
insert,4561,480102,3.399999968678458e-05,16,12.155450731312138
insert,4562,647352,3.440000000409782e-05,16,12.155766938445653
insert,4563,180909,2.5400000140507473e-05,12,12.156083076288681
insert,4564,853267,3.2500000088475645e-05,14,12.156399144871584
insert,4565,706310,3.210000022590975e-05,15,12.156715144224702
insert,4566,740283,2.9599999834317714e-05,14,12.157031074378354
insert,4567,839504,3.4500000310799805e-05,16,12.157346935362844
insert,4568,311894,3.479999986666371e-05,16,12.157662727208448
insert,4569,963309,2.6700000034907134e-05,12,12.157978449945432
insert,4570,644334,3.689999994094251e-05,17,12.158294103604035
insert,4571,618837,2.9999999696883606e-05,14,12.158609688214478
insert,4572,88869,3.20999997711624e-05,13,12.158925203806964
insert,4573,704759,3.169999990859651e-05,15,12.159240650411672
insert,4574,140455,3.190000006725313e-05,15,12.159556028058768
insert,4575,328400,3.389999983482994e-05,16,12.159871336778389
insert,4576,123587,3.220000007786439e-05,15,12.160186576600662
insert,4577,250162,2.7800000225397525e-05,13,12.160501747555687
insert,4578,122630,3.1799999760551145e-05,15,12.160816849673546
insert,4579,191937,2.5499999992462108e-05,12,12.161131882984307
insert,4580,391440,2.5400000140507473e-05,12,12.161446847518008
insert,4581,727121,3.440000000409782e-05,16,12.161761743304675
insert,4582,148226,2.5299999833805487e-05,12,12.162076570374312
insert,4583,535639,3.680000008898787e-05,17,12.162391328756906
insert,4584,407334,3.679999963424052e-05,16,12.162706018482417
insert,4585,438556,2.7399999908084283e-05,13,12.163020639580793
insert,4586,625398,2.7399999908084283e-05,13,12.163335192081961
insert,4587,144565,3.4300000152143184e-05,16,12.163649676015824
insert,4588,602728,3.4300000152143184e-05,16,12.163964091412273
insert,4589,402350,2.9799999992974335e-05,14,12.16427843830117
insert,4590,443589,2.949999998236308e-05,14,12.164592716712367
insert,4591,194777,2.9599999834317714e-05,14,12.164906926675688
insert,4592,510311,3.20999997711624e-05,15,12.165221068220944
insert,4593,666372,2.750000021478627e-05,13,12.165535141377925
insert,4594,563484,2.7399999908084283e-05,13,12.165849146176397
insert,4595,727118,3.6299999919719994e-05,17,12.166163082646113
insert,4596,963811,2.7799999770650174e-05,12,12.166476950816804
insert,4597,676605,2.9799999992974335e-05,14,12.16679075071818
insert,4598,975905,2.519999998185085e-05,12,12.167104482379933
insert,4599,181650,2.949999998236308e-05,14,12.167418145831737
insert,4600,581869,3.550000019458821e-05,16,12.167731741103244
insert,4601,174972,2.5300000288552837e-05,12,12.16804526822409
insert,4602,513427,2.949999998236308e-05,14,12.168358727223886
insert,4603,302866,3.6299999919719994e-05,14,12.16867211813223
insert,4604,147112,2.9400000130408444e-05,14,12.168985440978698
insert,4605,196188,2.7300000056129647e-05,13,12.169298695792845
insert,4606,329862,2.9600000289065065e-05,14,12.169611882604212
insert,4607,882886,3.220000007786439e-05,15,12.169925001442312
insert,4608,472909,2.949999998236308e-05,14,12.170238052336648
insert,4609,649499,2.7799999770650174e-05,13,12.1705510353167
insert,4610,56216,2.769999991869554e-05,13,12.170863950411928
insert,4611,907566,2.570000015111873e-05,12,12.171176797651771
insert,4612,376480,3.199999991920777e-05,15,12.171489577065655
insert,4613,998079,2.5499999992462108e-05,12,12.171802288682983
insert,4614,10049,2.9599999834317714e-05,14,12.172114932533137
insert,4615,508150,2.750000021478627e-05,13,12.172427508645482
insert,4616,143168,2.7300000056129647e-05,13,12.172740017049366
insert,4617,204608,3.440000000409782e-05,16,12.173052457774116
insert,4618,854816,3.409999999348656e-05,16,12.173364830849037
insert,4619,402595,2.5400000140507473e-05,12,12.17367713630342
insert,4620,588862,2.7600000066740904e-05,13,12.173989374166535
insert,4621,529991,2.9599999834317714e-05,14,12.174301544467632
insert,4622,684794,3.20999997711624e-05,15,12.174613647235942
insert,4623,519014,3.2699999792384915e-05,15,12.174925682500678
insert,4624,429009,2.7599999611993553e-05,13,12.175237650291036
insert,4625,717957,3.41999998454412e-05,16,12.175549550636191
insert,4626,435821,2.8200000087963417e-05,13,12.175861383565296
insert,4627,744639,3.980000019510044e-05,17,12.17617314910749
insert,4628,880691,3.3599999824218685e-05,14,12.17648484729189
insert,4629,465413,2.9299999823706457e-05,13,12.1767964781476
insert,4630,512439,3.749999996216502e-05,17,12.177108041703693
insert,4631,175378,2.6700000034907134e-05,12,12.177419537989236
insert,4632,86687,2.7600000066740904e-05,13,12.177730967033272
insert,4633,592863,3.769999966607429e-05,15,12.178042328864821
insert,4634,32360,2.319999975952669e-05,11,12.178353623512892
insert,4635,834542,3.130000004603062e-05,14,12.178664851006472
insert,4636,798026,3.909999986717594e-05,15,12.178976011374525
insert,4637,231242,2.790000007735216e-05,13,12.179287104646004
insert,4638,306279,3.2700000247132266e-05,15,12.179598130849836
insert,4639,34284,2.5300000288552837e-05,12,12.179909090014934
insert,4640,288205,3.0000000151630957e-05,14,12.180219982170192
insert,4641,235766,2.7400000362831634e-05,13,12.180530807344482
insert,4642,563724,2.750000021478627e-05,13,12.180841565566661
insert,4643,302693,3.369999967617332e-05,16,12.181152256865566
insert,4644,176380,2.989999984492897e-05,14,12.181462881270015
insert,4645,818666,3.239999978177366e-05,15,12.181773438808808
insert,4646,479537,3.880000031131203e-05,17,12.182083929510725
insert,4647,593128,3.479999986666371e-05,16,12.18239435340453
insert,4648,778587,2.6000000161729986e-05,12,12.182704710518964
insert,4649,810075,2.989999984492897e-05,14,12.183015000882756
insert,4650,803125,2.9599999834317714e-05,14,12.183325224524612
insert,4651,519374,3.0199999855540227e-05,14,12.183635381473218
insert,4652,576430,3.239999978177366e-05,15,12.183945471757246
insert,4653,535619,3.4500000310799805e-05,16,12.184255495405349
insert,4654,118711,3.0199999855540227e-05,14,12.184565452446156
insert,4655,600535,3.1800000215298496e-05,15,12.184875342908283
insert,4656,119755,3.6300000374467345e-05,17,12.185185166820329
insert,4657,280902,3.690000039568986e-05,17,12.185494924210866
insert,4658,812765,2.97000001410197e-05,14,12.185804615108458
insert,4659,569489,3.0200000310287578e-05,14,12.186114239541643
insert,4660,863275,3.6699999782285886e-05,15,12.186423797538945
insert,4661,384683,3.509999987727497e-05,15,12.186733289128867
insert,4662,568374,4.6299999667098746e-05,17,12.187042714339894
insert,4663,862571,4.020000005766633e-05,15,12.187352073200497
insert,4664,793548,3.28000000990869e-05,13,12.187661365739121
insert,4665,43632,2.66000001829525e-05,12,12.187970591984199
insert,4666,796923,3.4500000310799805e-05,15,12.188279751964144
insert,4667,753906,4.340000032243552e-05,17,12.188588845707349
insert,4668,462807,2.5800000003073364e-05,12,12.188897873242189
insert,4669,572893,3.770000012082164e-05,16,12.189206834597025
insert,4670,229158,3.0499999866151484e-05,14,12.189515729800194
insert,4671,445808,2.750000021478627e-05,13,12.189824558880018
insert,4672,107392,3.229999992981902e-05,15,12.1901333218648
insert,4673,771741,2.7799999770650174e-05,13,12.190442018782825
insert,4674,870393,3.4700000014709076e-05,16,12.19075064966236
insert,4675,685425,3.4300000152143184e-05,16,12.191059214531656
insert,4676,787843,3.3600000278966036e-05,14,12.191367713418941
insert,4677,259556,3.329999981360743e-05,15,12.191676146352428
insert,4678,312171,2.949999998236308e-05,13,12.19198451336031
insert,4679,917305,3.259999994043028e-05,13,12.192292814470767
insert,4680,33797,2.8299999939918052e-05,13,12.192601049711953
insert,4681,471579,3.040000001419685e-05,14,12.192909219112012
insert,4682,275582,2.7999999929306796e-05,13,12.193217322699065
insert,4683,365510,3.300000025774352e-05,15,12.193525360501216
insert,4684,904082,3.28000000990869e-05,15,12.19383333254655
insert,4685,856402,2.7799999770650174e-05,13,12.194141238863136
insert,4686,91209,3.240000023652101e-05,15,12.194449079479025
insert,4687,460399,3.2500000088475645e-05,15,12.194756854422248
insert,4688,907323,2.790000007735216e-05,13,12.19506456372082
insert,4689,123089,3.7400000110210385e-05,15,12.19537220740274
insert,4690,813309,2.97000001410197e-05,13,12.195679785495981
insert,4691,851328,3.779999997277628e-05,16,12.19598729802851
insert,4692,248456,3.279999964433955e-05,15,12.196294745028263
insert,4693,220074,2.969999968627235e-05,14,12.196602126523171
insert,4694,850084,2.7399999908084283e-05,13,12.196909442541138
insert,4695,773444,2.9999999696883606e-05,14,12.197216693110052
insert,4696,616483,3.28000000990869e-05,15,12.197523878257787
insert,4697,722609,3.0100000003585592e-05,14,12.197830998012197
insert,4698,367664,2.570000015111873e-05,12,12.198138052401116
insert,4699,902875,2.319999975952669e-05,11,12.198445041452363
insert,4700,745280,3.680000008898787e-05,17,12.198751965193736
insert,4701,639906,3.190000006725313e-05,15,12.199058823653022
insert,4702,663509,2.990000029967632e-05,14,12.199365616857982
insert,4703,448966,3.460000016275444e-05,16,12.199672344836364
insert,4704,174045,2.3500000224885298e-05,11,12.1999790076159
insert,4705,646082,2.97000001410197e-05,14,12.200285605224298
insert,4706,145999,3.0200000310287578e-05,14,12.200592137689254
insert,4707,822975,2.7600000066740904e-05,13,12.200898605038445
insert,4708,216657,3.199999991920777e-05,15,12.201205007299528
insert,4709,853048,2.769999991869554e-05,13,12.201511344500146
insert,4710,216996,3.3799999982875306e-05,16,12.20181761666792
insert,4711,844566,3.0100000003585592e-05,14,12.20212382383046
insert,4712,62242,3.4899999718618346e-05,15,12.202429966015352
insert,4713,597767,3.259999994043028e-05,15,12.202736043250168
insert,4714,367857,2.989999984492897e-05,14,12.20304205556246
insert,4715,558137,2.790000007735216e-05,13,12.203348002979762
insert,4716,294740,2.7799999770650174e-05,13,12.203653885529597
insert,4717,625851,3.429999969739583e-05,16,12.203959703239462
insert,4718,564940,2.809999978126143e-05,13,12.204265456136843
insert,4719,176557,2.519999998185085e-05,12,12.204571144249204
insert,4720,339376,3.1800000215298496e-05,13,12.204876767603993
insert,4721,738254,3.0000000151630957e-05,14,12.205182326228643
insert,4722,306850,2.7600000066740904e-05,13,12.205487820150566
insert,4723,303388,3.2899999951041536e-05,14,12.205793249397157
insert,4724,600557,4.459999991013319e-05,18,12.206098613995797
insert,4725,280330,3.769999966607429e-05,17,12.206403913973848
insert,4726,998661,2.5800000003073364e-05,12,12.20670914935865
insert,4727,899696,3.2699999792384915e-05,15,12.207014320177532
insert,4728,539404,3.220000007786439e-05,15,12.207319426457804
insert,4729,943882,2.989999984492897e-05,14,12.207624468226758
insert,4730,712297,2.7499999760038918e-05,13,12.207929445511667
insert,4731,854780,3.699999979289714e-05,17,12.208234358339789
insert,4732,99851,3.239999978177366e-05,15,12.208539206738363
insert,4733,142176,2.859999995052931e-05,13,12.208843990734614
insert,4734,786531,3.699999979289714e-05,14,12.209148710355747
insert,4735,823857,2.7499999760038918e-05,13,12.20945336562895
insert,4736,431590,3.479999986666371e-05,16,12.209757956581393
insert,4737,963399,3.0000000151630957e-05,14,12.21006248324023
insert,4738,62166,2.9999999696883606e-05,14,12.2103669456326
insert,4739,290795,2.570000015111873e-05,12,12.210671343785622
insert,4740,909166,2.790000007735216e-05,13,12.210975677726395
insert,4741,687758,3.460000016275444e-05,16,12.211279947482009
insert,4742,133052,3.040000001419685e-05,14,12.211584153079526
insert,4743,735500,3.409999999348656e-05,16,12.211888294546004
insert,4744,908150,2.769999991869554e-05,13,12.212192371908472
insert,4745,139137,3.170000036334386e-05,15,12.212496385193948
insert,4746,261806,3.229999992981902e-05,15,12.212800334429431
insert,4747,153348,3.199999991920777e-05,15,12.213104219641906
insert,4748,745952,3.679999963424052e-05,17,12.213408040858337
insert,4749,337743,2.7999999929306796e-05,13,12.213711798105672
insert,4750,868727,2.8100000236008782e-05,13,12.214015491410844
insert,4751,259580,7.729999970251811e-05,16,12.214319120800766
insert,4752,798463,2.6000000161729986e-05,13,12.214622686302336
insert,4753,884533,1.8799999907059828e-05,14,12.214926187942435
insert,4754,709084,3.3599999824218685e-05,15,12.215229625747925
insert,4755,411777,2.1299999843904516e-05,16,12.215532999745657
insert,4756,513235,2.6199999865639256e-05,17,12.215836309962455
insert,4757,149078,1.8199999885837315e-05,12,12.216139556425135
insert,4758,605475,1.5099999927770114e-05,14,12.216442739160492
insert,4759,663122,5.980000014460529e-05,16,12.216745858195306
insert,4760,281771,1.9300000076327706e-05,17,12.217048913556338
insert,4761,658310,1.699999984339229e-05,16,12.217351905270334
insert,4762,434347,2.3600000076839933e-05,13,12.217654833364023
insert,4763,393397,1.4200000350683695e-05,12,12.217957697864113
insert,4764,473948,1.720000000204891e-05,16,12.218260498797305
insert,4765,79185,1.2599999990925426e-05,12,12.21856323619027
insert,4766,664407,1.609999981155852e-05,16,12.218865910069676
insert,4767,833198,1.4299999747890979e-05,14,12.219168520462162
insert,4768,922879,1.2600000445672777e-05,12,12.219471067394357
insert,4769,806234,1.8000000181928044e-05,17,12.219773550892874
insert,4770,97617,1.5699999948992627e-05,15,12.220075970984304
insert,4771,422420,1.4400000054592965e-05,14,12.220378327695228
insert,4772,540660,1.5300000086426735e-05,15,12.220680621052203
insert,4773,786225,1.4199999895936344e-05,14,12.220982851081777
insert,4774,291741,1.2700000297627412e-05,12,12.221285017810473
insert,4775,728450,1.6899999991437653e-05,16,12.221587121264806
insert,4776,981820,1.6199999663513154e-05,15,12.221889161471266
insert,4777,919934,1.1999999969702912e-05,12,12.222191138456333
insert,4778,387000,1.2999999853491317e-05,13,12.222493052246467
insert,4779,476783,1.3999999737279722e-05,14,12.222794902868111
insert,4780,996414,1.1099999937869143e-05,11,12.223096690347695
insert,4781,511752,1.2999999853491317e-05,13,12.223398414711628
insert,4782,343188,1.340000017080456e-05,13,12.223700075986306
insert,4783,610225,1.809999957913533e-05,17,12.224001674198105
insert,4784,2594,1.3800000033370452e-05,13,12.224303209373389
insert,4785,911116,1.339999971605721e-05,13,12.2246046815385
insert,4786,811740,1.430000020263833e-05,14,12.224906090719767
insert,4787,888320,1.699999984339229e-05,16,12.225207436943503
insert,4788,768317,1.4999999621068127e-05,14,12.225508720236
insert,4789,97667,1.6400000276917126e-05,16,12.225809940623543
insert,4790,766438,1.2900000001536682e-05,13,12.226111098132389
insert,4791,480719,1.3699999726668466e-05,14,12.226412192788786
insert,4792,665679,1.5199999779724749e-05,15,12.226713224618962
insert,4793,696406,1.5800000255694613e-05,15,12.227014193649133
insert,4794,731161,1.3700000181415817e-05,14,12.227315099905493
insert,4795,375624,1.5500000245083356e-05,15,12.227615943414223
insert,4796,891402,1.3200000012147939e-05,13,12.227916724201489
insert,4797,66408,1.539999993838137e-05,12,12.228217442293435
insert,4798,834329,1.629999997021514e-05,16,12.228518097716194
insert,4799,560385,1.6800000139483018e-05,16,12.228818690495881
insert,4800,417036,1.720000000204891e-05,13,12.229119220658594
insert,4801,228412,1.4100000043981709e-05,14,12.229419688230417
insert,4802,450514,1.430000020263833e-05,14,12.229720093237413
insert,4803,864916,1.1900000117748277e-05,12,12.230020435705635
insert,4804,222143,1.4199999895936344e-05,14,12.230320715661113
insert,4805,518747,1.2100000276404899e-05,12,12.230620933129867
insert,4806,281582,1.740000016070553e-05,17,12.230921088137896
insert,4807,338549,1.720000000204891e-05,16,12.231221180711186
insert,4808,868582,1.7299999854003545e-05,16,12.231521210875703
insert,4809,297369,1.3299999864102574e-05,13,12.231821178657404
insert,4810,354162,1.3300000318849925e-05,13,12.232121084082221
insert,4811,573897,1.5800000255694613e-05,15,12.232420927176076
insert,4812,606008,1.5000000075815478e-05,15,12.232720707964873
insert,4813,136938,1.3700000181415817e-05,13,12.233020426474496
insert,4814,593644,1.2900000001536682e-05,13,12.233320082730822
insert,4815,893830,1.5199999779724749e-05,15,12.233619676759702
insert,4816,508914,1.2800000149582047e-05,13,12.233919208586977
insert,4817,826597,1.3000000308238668e-05,13,12.23421867823847
insert,4818,360438,1.3100000160193304e-05,13,12.234518085739989
insert,4819,937590,1.8900000213761814e-05,16,12.234817431117325
insert,4820,715708,1.6399999822169775e-05,16,12.23511671439625
insert,4821,799282,1.629999997021514e-05,16,12.235415935602527
insert,4822,50761,1.810000003388268e-05,16,12.235715094761895
insert,4823,48175,1.2999999853491317e-05,13,12.236014191900084
insert,4824,104412,1.629999997021514e-05,15,12.236313227042805
insert,4825,656597,1.3299999864102574e-05,13,12.23661220021575
insert,4826,821968,1.75999998646148e-05,17,12.236911111444602
insert,4827,877346,1.3299999864102574e-05,13,12.237209960755022
insert,4828,481907,1.5300000086426735e-05,15,12.237508748172655
insert,4829,17073,1.1999999969702912e-05,12,12.237807473723135
insert,4830,130273,1.5800000255694613e-05,15,12.238106137432077
insert,4831,974582,1.2099999821657548e-05,12,12.238404739325079
insert,4832,899313,1.52000002344721e-05,15,12.238703279427725
insert,4833,165658,1.2200000128359534e-05,12,12.239001757765582
insert,4834,462722,1.560000009703799e-05,15,12.239300174364203
insert,4835,478694,1.3899999885325087e-05,14,12.239598529249124
insert,4836,709,1.5700000403739978e-05,15,12.239896822445862
insert,4837,448581,1.5199999779724749e-05,15,12.240195053979924
insert,4838,212147,1.7600000319362152e-05,17,12.240493223876799
insert,4839,722041,1.609999981155852e-05,14,12.240791332161956
insert,4840,953583,1.2800000149582047e-05,13,12.241089378860856
insert,4841,138321,1.5300000086426735e-05,15,12.241387363998937
insert,4842,924999,1.5499999790336005e-05,15,12.241685287601625
insert,4843,681572,1.3100000160193304e-05,13,12.24198314969433
insert,4844,316529,1.3999999737279722e-05,14,12.242280950302444
insert,4845,166700,1.1999999969702912e-05,12,12.242578689451346
insert,4846,916900,1.44999999065476e-05,14,12.2428763671664
insert,4847,978034,1.0700000075303251e-05,11,12.243173983472952
insert,4848,919177,1.3699999726668466e-05,14,12.24347153839633
insert,4849,287331,1.430000020263833e-05,14,12.243769031961852
insert,4850,97875,1.1699999959091656e-05,12,12.244066464194818
insert,4851,686386,2.2699999590258813e-05,17,12.24436383512051
insert,4852,377944,1.6599999980826396e-05,16,12.244661144764198
insert,4853,262553,1.4400000054592965e-05,14,12.244958393151133
insert,4854,86425,1.2900000001536682e-05,13,12.245255580306555
insert,4855,389907,1.2900000001536682e-05,13,12.245552706255681
insert,4856,696788,1.4100000043981709e-05,14,12.245849771023723
insert,4857,947704,1.3300000318849925e-05,13,12.246146774635864
insert,4858,680433,1.5000000075815478e-05,15,12.246443717117286
insert,4859,173566,1.1799999811046291e-05,12,12.246740598493144
insert,4860,54303,1.340000017080456e-05,13,12.247037418788581
insert,4861,415595,1.2200000128359534e-05,12,12.247334178028728
insert,4862,655994,1.250000013897079e-05,13,12.247630876238699
insert,4863,320350,1.3000000308238668e-05,13,12.247927513443585
insert,4864,761254,1.430000020263833e-05,14,12.248224089668474
insert,4865,733418,2.2400000034394907e-05,17,12.24852060493843
insert,4866,791919,1.5499999790336005e-05,15,12.248817059278503
insert,4867,245518,1.7700000171316788e-05,17,12.249113452713729
insert,4868,450082,1.2700000297627412e-05,13,12.249409785269128
insert,4869,687327,1.3799999578623101e-05,14,12.249706056969705
insert,4870,95630,1.75999998646148e-05,13,12.250002267840449
insert,4871,737881,1.5699999948992627e-05,15,12.250298417906333
insert,4872,99808,1.4900000223860843e-05,15,12.250594507192316
insert,4873,1140,1.2399999832268804e-05,13,12.250890535723341
insert,4874,223789,1.2999999853491317e-05,13,12.251186503524336
insert,4875,499969,1.3200000012147939e-05,13,12.251482410620213
insert,4876,81725,1.52000002344721e-05,15,12.251778257035868
insert,4877,139146,1.629999997021514e-05,16,12.252074042796185
insert,4878,622519,1.4299999747890979e-05,14,12.252369767926027
insert,4879,237179,1.4199999895936344e-05,14,12.252665432450248
insert,4880,544677,1.5199999779724749e-05,15,12.252961036393684
insert,4881,713014,1.3800000033370452e-05,14,12.253256579781153
insert,4882,466687,1.7299999854003545e-05,15,12.253552062637464
insert,4883,9739,1.4199999895936344e-05,12,12.253847484987404
insert,4884,8455,1.13999999484804e-05,12,12.254142846855748
insert,4885,729387,1.610000026630587e-05,16,12.254438148267257
insert,4886,360264,1.4900000223860843e-05,15,12.254733389246674
insert,4887,856801,1.5999999959603883e-05,16,12.25502856981873
insert,4888,126452,1.609999981155852e-05,16,12.255323690008137
insert,4889,902133,1.5500000245083356e-05,15,12.255618749839597
insert,4890,442829,1.159999965238967e-05,12,12.25591374933779
insert,4891,727745,1.6800000139483018e-05,17,12.256208688527387
insert,4892,138596,1.2799999694834696e-05,13,12.256503567433041
insert,4893,500906,1.250000013897079e-05,13,12.25679838607939
insert,4894,74269,1.3900000340072438e-05,14,12.257093144491057
insert,4895,240069,1.4000000192027073e-05,14,12.257387842692651
insert,4896,401678,1.5500000245083356e-05,15,12.257682480708766
insert,4897,93671,1.2599999990925426e-05,13,12.257977058563979
insert,4898,766261,1.650000012887176e-05,16,12.258271576282851
insert,4899,845107,1.4000000192027073e-05,14,12.258566033889933
insert,4900,107403,1.4100000043981709e-05,14,12.258860431409756
insert,4901,108215,1.2399999832268804e-05,13,12.25915476886684
insert,4902,328573,1.7600000319362152e-05,17,12.259449046285685
insert,4903,385417,1.559999964229064e-05,15,12.259743263690781
insert,4904,923784,1.1999999969702912e-05,12,12.2600374211066
insert,4905,313792,1.4100000043981709e-05,14,12.260331518557601
insert,4906,143791,1.6399999822169775e-05,16,12.260625556068227
insert,4907,401313,1.4999999621068127e-05,15,12.260919533662905
insert,4908,811033,1.2900000001536682e-05,13,12.261213451366048
insert,4909,852879,1.6200000118260505e-05,16,12.261507309202056
insert,4910,789744,1.4199999895936344e-05,14,12.261801107195309
insert,4911,916977,1.2799999694834696e-05,13,12.262094845370179
insert,4912,139614,1.3500000022759195e-05,14,12.262388523751019
insert,4913,672742,1.7500000012660166e-05,17,12.262682142362165
insert,4914,710030,1.359999987471383e-05,14,12.262975701227942
insert,4915,149793,1.7899999875226058e-05,15,12.263269200372662
insert,4916,71735,1.339999971605721e-05,13,12.263562639820615
insert,4917,556279,1.340000017080456e-05,13,12.263856019596082
insert,4918,590654,1.75999998646148e-05,17,12.264149339723328
insert,4919,8887,1.5300000086426735e-05,15,12.264442600226602
insert,4920,639967,1.740000016070553e-05,17,12.26473580113014
insert,4921,681596,1.629999997021514e-05,16,12.26502894245816
insert,4922,172089,1.4700000065204222e-05,14,12.26532202423487
insert,4923,461478,1.4000000192027073e-05,14,12.265615046484458
insert,4924,368248,1.629999997021514e-05,14,12.2659080092311
insert,4925,757525,1.6399999822169775e-05,16,12.266200912498961
insert,4926,223405,1.3800000033370452e-05,14,12.266493756312183
insert,4927,658590,1.6400000276917126e-05,16,12.266786540694902
insert,4928,784617,2.6599999728205148e-05,15,12.26707926567123
insert,4929,158728,3.0199999855540227e-05,16,12.267371931265274
insert,4930,964579,1.6699999832781032e-05,15,12.267664537501119
insert,4931,431710,1.7100000150094274e-05,16,12.26795708440284
insert,4932,646003,2.27999998969608e-05,16,12.268249571994492
insert,4933,719917,2.570000015111873e-05,14,12.268542000300123
insert,4934,463874,1.6599999980826396e-05,16,12.26883436934376
insert,4935,901737,1.2099999821657548e-05,12,12.269126679149418
insert,4936,227798,1.629999997021514e-05,16,12.269418929741096
insert,4937,90899,1.699999984339229e-05,16,12.269711121142782
insert,4938,940146,2.119999999194988e-05,17,12.270003253378444
insert,4939,105346,1.3200000012147939e-05,13,12.27029532647204
insert,4940,146815,1.2800000149582047e-05,13,12.270587340447511
insert,4941,788997,1.5199999779724749e-05,15,12.270879295328784
insert,4942,129140,1.3200000012147939e-05,13,12.271171191139773
insert,4943,618214,1.4199999895936344e-05,14,12.271463027904375
insert,4944,765471,1.2900000001536682e-05,13,12.271754805646474
insert,4945,402687,1.4299999747890979e-05,14,12.272046524389937
insert,4946,368612,1.8700000055105193e-05,15,12.272338184158624
insert,4947,450247,1.3000000308238668e-05,13,12.27262978497637
insert,4948,329781,1.650000012887176e-05,16,12.272921326867003
insert,4949,829505,1.6599999980826396e-05,16,12.273212809854334
insert,4950,146623,1.2599999990925426e-05,13,12.27350423396216
insert,4951,259823,1.4900000223860843e-05,15,12.273795599214264
insert,4952,290422,1.539999993838137e-05,15,12.274086905634414
insert,4953,675934,1.6400000276917126e-05,16,12.274378153246364
insert,4954,88342,1.2900000001536682e-05,13,12.274669342073851
insert,4955,260222,1.2900000001536682e-05,13,12.274960472140602
insert,4956,580279,1.4000000192027073e-05,14,12.275251543470327
insert,4957,630194,1.2800000149582047e-05,13,12.275542556086723
insert,4958,629154,1.250000013897079e-05,13,12.27583351001347
insert,4959,756212,1.5300000086426735e-05,15,12.276124405274238
insert,4960,637108,1.6800000139483018e-05,16,12.276415241892678
insert,4961,298762,1.2900000001536682e-05,13,12.276706019892432
insert,4962,816809,1.6599999980826396e-05,16,12.27699673929712
insert,4963,987003,1.9499999780236976e-05,14,12.277287400130357
insert,4964,724017,1.3999999737279722e-05,14,12.277578002415737
insert,4965,28128,2.2700000045006163e-05,14,12.27786854617684
insert,4966,889080,2.6599999728205148e-05,15,12.278159031437237
insert,4967,888218,3.099999958067201e-05,14,12.278449458220482
insert,4968,690389,2.8500000098574674e-05,16,12.27873982655011
insert,4969,918372,3.49000001733657e-05,13,12.279030136449649
insert,4970,316303,2.5899999855028e-05,14,12.279320387942608
insert,4971,215426,2.5899999855028e-05,15,12.279610581052484
insert,4972,542900,2.3799999780749204e-05,13,12.279900715802762
insert,4973,636409,1.359999987471383e-05,12,12.280190792216906
insert,4974,534274,1.430000020263833e-05,14,12.280480810318373
insert,4975,197811,1.3899999885325087e-05,13,12.280770770130603
insert,4976,784171,1.610000026630587e-05,15,12.28106067167702
insert,4977,410781,1.5699999948992627e-05,15,12.281350514981035
insert,4978,309899,1.629999997021514e-05,16,12.28164030006605
insert,4979,677559,1.44999999065476e-05,14,12.281930026955443
insert,4980,57220,2.2600000193051528e-05,16,12.282219695672588
insert,4981,821876,1.9099999917671084e-05,17,12.282509306240836
insert,4982,941530,1.629999997021514e-05,15,12.282798858683533
insert,4983,832337,1.4299999747890979e-05,14,12.283088353024002
insert,4984,250968,1.5199999779724749e-05,14,12.283377789285558
insert,4985,518928,2.1500000002561137e-05,13,12.283667167491501
insert,4986,404631,1.539999993838137e-05,15,12.283956487665113
insert,4987,118221,1.4400000054592965e-05,14,12.28424574982967
insert,4988,252793,1.7600000319362152e-05,17,12.284534954008425
insert,4989,523851,1.539999993838137e-05,15,12.284824100224624
insert,4990,669078,2.0500000118772732e-05,16,12.285113188501493
insert,4991,622781,1.739999970595818e-05,17,12.285402218862249
insert,4992,74462,1.6599999980826396e-05,16,12.285691191330093
insert,4993,553949,1.5500000245083356e-05,15,12.285980105928212
insert,4994,931896,1.430000020263833e-05,14,12.286268962679781
insert,4995,12654,1.5199999779724749e-05,15,12.286557761607957
insert,4996,378639,1.3000000308238668e-05,13,12.286846502735887
insert,4997,979291,1.2199999673612183e-05,12,12.287135186086704
insert,4998,331846,1.3200000012147939e-05,13,12.287423811683523
insert,4999,138395,1.3100000160193304e-05,13,12.287712379549449
insert,5000,405630,1.2700000297627412e-05,13,12.288000889707574
insert,5001,902629,1.2999999853491317e-05,13,12.28828934218097
insert,5002,879728,1.6399999822169775e-05,16,12.288577736992703
insert,5003,595991,1.430000020263833e-05,14,12.28886607416582
insert,5004,441308,2.27999998969608e-05,13,12.289154353723356
insert,5005,383163,2.010000025620684e-05,13,12.289442575688332
insert,5006,572897,1.3999999737279722e-05,14,12.289730740083755
insert,5007,716117,1.6399999822169775e-05,16,12.290018846932618
insert,5008,181163,1.44999999065476e-05,14,12.290306896257901
insert,5009,799777,1.7999999727180693e-05,15,12.290594888082572
insert,5010,493895,1.3500000022759195e-05,13,12.290882822429577
insert,5011,807789,1.4199999895936344e-05,14,12.29117069932186
insert,5012,76538,1.44999999065476e-05,14,12.291458518782344
insert,5013,17501,1.1800000265793642e-05,12,12.291746280833939
insert,5014,615896,1.4400000054592965e-05,14,12.292033985499543
insert,5015,70814,1.4000000192027073e-05,14,12.29232163280204
insert,5016,14464,1.5999999959603883e-05,16,12.292609222764296
insert,5017,274922,1.3200000012147939e-05,13,12.292896755409172
insert,5018,226223,1.3299999864102574e-05,13,12.29318423075951
insert,5019,41762,1.2299999980314169e-05,12,12.293471648838134
insert,5020,967395,1.2100000276404899e-05,12,12.293759009667864
insert,5021,63407,1.6599999980826396e-05,15,12.2940463132715
insert,5022,994764,1.4100000043981709e-05,13,12.294333559671829
insert,5023,827631,1.3299999864102574e-05,13,12.294620748891628
insert,5024,417308,1.700000029813964e-05,16,12.294907880953653
insert,5025,531220,1.4000000192027073e-05,14,12.295194955880655
insert,5026,300405,1.5500000245083356e-05,15,12.295481973695367
insert,5027,659105,1.3999999737279722e-05,14,12.295768934420508
insert,5028,747246,1.5000000075815478e-05,15,12.296055838078784
insert,5029,525388,1.4900000223860843e-05,15,12.29634268469289
insert,5030,804374,1.609999981155852e-05,16,12.296629474285503
insert,5031,435613,1.44999999065476e-05,14,12.296916206879288
insert,5032,444151,1.2900000001536682e-05,13,12.297202882496903
insert,5033,735902,1.740000016070553e-05,17,12.29748950116098
insert,5034,421819,1.5099999927770114e-05,15,12.297776062894147
insert,5035,86432,1.52000002344721e-05,15,12.298062567719017
insert,5036,671653,1.5900000107649248e-05,16,12.298349015658186
insert,5037,562629,1.4100000043981709e-05,14,12.298635406734242
insert,5038,563773,1.3100000160193304e-05,13,12.298921740969753
insert,5039,645973,1.4899999769113492e-05,15,12.29920801838728
insert,5040,160098,1.2299999980314169e-05,12,12.299494239009364
insert,5041,290947,1.4000000192027073e-05,14,12.29978040285854
insert,5042,87658,1.6400000276917126e-05,13,12.300066509957324
insert,5043,324961,1.4400000054592965e-05,14,12.30035256032822
insert,5044,82861,1.4000000192027073e-05,14,12.30063855399372
insert,5045,536142,1.3800000033370452e-05,14,12.3009244909763
insert,5046,965660,1.3899999885325087e-05,11,12.301210371298426
insert,5047,213069,2.009999980145949e-05,17,12.30149619498255
insert,5048,847313,1.6400000276917126e-05,16,12.301781962051106
insert,5049,162925,1.3200000012147939e-05,13,12.302067672526519
insert,5050,562446,1.7100000150094274e-05,17,12.302353326431202
insert,5051,342623,1.3200000012147939e-05,13,12.302638923787553
insert,5052,409712,1.6200000118260505e-05,14,12.302924464617952
insert,5053,614924,1.4199999895936344e-05,14,12.303209948944776
insert,5054,665106,1.4000000192027073e-05,14,12.303495376790377
insert,5055,800299,1.5299999631679384e-05,15,12.303780748177102
insert,5056,875065,1.2699999842880061e-05,13,12.304066063127284
insert,5057,681407,1.5300000086426735e-05,15,12.304351321663239
insert,5058,714139,1.4100000043981709e-05,14,12.30463652380727
insert,5059,674397,1.3499999568011845e-05,14,12.304921669581672
insert,5060,69327,1.1900000117748277e-05,12,12.305206759008723
insert,5061,325237,1.3800000033370452e-05,14,12.305491792110685
insert,5062,732615,1.3899999885325087e-05,14,12.30577676890981
insert,5063,458738,1.4299999747890979e-05,14,12.306061689428342
insert,5064,765417,1.5199999779724749e-05,15,12.3063465536885
insert,5065,999742,1.4100000043981709e-05,14,12.306631361712501
insert,5066,887587,1.3800000033370452e-05,14,12.306916113522542
insert,5067,250230,1.5199999779724749e-05,15,12.30720080914081
insert,5068,60719,1.3100000160193304e-05,13,12.307485448589476
insert,5069,256356,1.5900000107649248e-05,16,12.307770031890703
insert,5070,90401,1.610000026630587e-05,16,12.308054559066635
insert,5071,969543,1.339999971605721e-05,13,12.308339030139408
insert,5072,455590,1.1999999969702912e-05,12,12.30862344513114
insert,5073,121621,1.2800000149582047e-05,13,12.308907804063939
insert,5074,475395,1.75999998646148e-05,15,12.309192106959902
insert,5075,642040,1.7699999716569437e-05,17,12.309476353841106
insert,5076,638408,1.5999999959603883e-05,16,12.309760544729622
insert,5077,57702,1.2900000001536682e-05,13,12.310044679647506
insert,5078,698436,1.4100000043981709e-05,14,12.310328758616798
insert,5079,777723,1.3500000022759195e-05,13,12.310612781659529
insert,5080,690018,1.3800000033370452e-05,14,12.310896748797713
insert,5081,776637,1.650000012887176e-05,16,12.311180660053354
insert,5082,184179,1.2200000128359534e-05,12,12.311464515448444
insert,5083,125246,1.2900000001536682e-05,13,12.311748315004959
insert,5084,13281,1.2799999694834696e-05,13,12.312032058744862
insert,5085,742288,1.4700000065204222e-05,15,12.312315746690107
insert,5086,143877,1.5199999779724749e-05,15,12.312599378862629
insert,5087,735576,1.6800000139483018e-05,17,12.312882955284355
insert,5088,11902,1.3000000308238668e-05,13,12.313166475977198
insert,5089,171791,1.3200000012147939e-05,13,12.313449940963057
insert,5090,520527,1.2999999853491317e-05,13,12.313733350263819
insert,5091,999310,1.1899999663000926e-05,12,12.314016703901357
insert,5092,363547,1.1099999937869143e-05,11,12.314300001897534
insert,5093,548411,1.4199999895936344e-05,14,12.314583244274194
insert,5094,542348,1.6200000118260505e-05,14,12.314866431053176
insert,5095,821022,1.3999999737279722e-05,14,12.3151495622563
insert,5096,862461,1.649999967412441e-05,16,12.315432637905376
insert,5097,755778,1.4900000223860843e-05,15,12.315715658022201
insert,5098,271841,1.0700000075303251e-05,11,12.315998622628559
insert,5099,175074,1.5499999790336005e-05,15,12.31628153174622
insert,5100,389934,1.1900000117748277e-05,12,12.316564385396942
insert,5101,133097,1.3800000033370452e-05,14,12.316847183602473
insert,5102,786198,1.609999981155852e-05,16,12.317129926384542
insert,5103,819068,1.3800000033370452e-05,14,12.31741261376487
insert,5104,915890,1.3299999864102574e-05,13,12.317695245765163
insert,5105,281820,1.4100000043981709e-05,14,12.31797782240712
insert,5106,768539,1.6200000118260505e-05,14,12.318260343712415
insert,5107,929474,1.5800000255694613e-05,12,12.318542809702723
insert,5108,123792,1.2599999990925426e-05,13,12.318825220399699
insert,5109,808904,5.379999993238016e-05,16,12.319107575824983
insert,5110,943611,1.4400000054592965e-05,14,12.31938987600021
insert,5111,30783,1.4400000054592965e-05,14,12.319672120946995
insert,5112,351285,1.700000029813964e-05,16,12.319954310686944
insert,5113,846314,1.4100000043981709e-05,14,12.32023644524165
insert,5114,450180,1.6399999822169775e-05,16,12.320518524632691
insert,5115,285193,1.2900000001536682e-05,13,12.320800548881637
insert,5116,549301,1.720000000204891e-05,17,12.32108251801004
insert,5117,66975,1.4299999747890979e-05,13,12.321364432039447
insert,5118,275723,1.7700000171316788e-05,16,12.321646290991382
insert,5119,746926,1.5100000382517464e-05,15,12.321928094887362
insert,5120,604664,1.83000001925393e-05,17,12.322209843748894
insert,5121,658016,1.7300000308750896e-05,16,12.322491537597468
insert,5122,80814,2.2000000171829015e-05,15,12.322773176454564
insert,5123,520249,1.7099999695346924e-05,13,12.323054760341646
insert,5124,477310,1.5099999927770114e-05,15,12.32333628928017
insert,5125,535594,1.7299999854003545e-05,17,12.323617763291578
insert,5126,377618,1.6200000118260505e-05,16,12.323899182397296
insert,5127,58133,1.4199999895936344e-05,14,12.324180546618742
insert,5128,523880,1.6399999822169775e-05,16,12.324461855977317
insert,5129,901105,1.3100000160193304e-05,13,12.324743110494417
insert,5130,594424,1.3999999737279722e-05,14,12.325024310191417
insert,5131,174988,1.52000002344721e-05,15,12.325305455089682
insert,5132,385549,1.4900000223860843e-05,15,12.32558654521057
insert,5133,164952,1.250000013897079e-05,12,12.325867580575418
insert,5134,267509,1.340000017080456e-05,13,12.326148561205557
insert,5135,810895,1.6599999980826396e-05,16,12.326429487122303
insert,5136,107904,1.609999981155852e-05,16,12.32671035834696
insert,5137,937709,1.849999989644857e-05,15,12.326991174900817
insert,5138,601791,1.9600000086938962e-05,17,12.327271936805156
insert,5139,706867,1.5099999927770114e-05,15,12.32755264408124
insert,5140,757889,1.3999999737279722e-05,14,12.327833296750327
insert,5141,120937,1.6200000118260505e-05,16,12.328113894833656
insert,5142,239500,1.720000000204891e-05,17,12.328394438352458
insert,5143,776765,1.1899999663000926e-05,12,12.328674927327947
insert,5144,533542,1.4800000371906208e-05,15,12.32895536178133
insert,5145,2694,1.2700000297627412e-05,13,12.3292357417338
insert,5146,46178,1.2700000297627412e-05,13,12.329516067206534
insert,5147,900401,1.2800000149582047e-05,13,12.329796338220701
insert,5148,904847,1.4199999895936344e-05,14,12.330076554797458
insert,5149,12885,1.2700000297627412e-05,13,12.330356716957944
insert,5150,256431,1.629999997021514e-05,16,12.33063682472329
insert,5151,48216,1.5800000255694613e-05,16,12.330916878114618
insert,5152,494682,1.650000012887176e-05,16,12.33119687715303
insert,5153,381658,1.2200000128359534e-05,12,12.331476821859619
insert,5154,401584,1.2900000001536682e-05,13,12.331756712255471
insert,5155,964928,1.3200000012147939e-05,13,12.332036548361652
insert,5156,157376,1.5000000075815478e-05,15,12.332316330199218
insert,5157,187655,1.560000009703799e-05,15,12.332596057789214
insert,5158,976393,1.1900000117748277e-05,12,12.332875731152674
insert,5159,899139,1.5300000086426735e-05,15,12.333155350310616
insert,5160,37082,1.1999999969702912e-05,12,12.33343491528405
insert,5161,579721,1.649999967412441e-05,16,12.33371442609397
insert,5162,842128,1.739999970595818e-05,17,12.33399388276136
insert,5163,958344,1.1999999969702912e-05,12,12.33427328530719
insert,5164,748706,1.7299999854003545e-05,17,12.334552633752422
insert,5165,776645,1.5000000075815478e-05,15,12.334831928118
insert,5166,687555,1.5000000075815478e-05,15,12.335111168424861
insert,5167,439741,1.9600000086938962e-05,15,12.335390354693924
insert,5168,235422,1.2999999853491317e-05,13,12.335669486946104
insert,5169,337434,1.5299999631679384e-05,15,12.335948565202298
insert,5170,260323,1.9099999917671084e-05,16,12.33622758948339
insert,5171,436477,1.649999967412441e-05,16,12.336506559810255
insert,5172,960344,1.3800000033370452e-05,12,12.336785476203755
insert,5173,755277,1.7500000012660166e-05,17,12.33706433868474
insert,5174,335477,1.5099999927770114e-05,15,12.33734314727405
insert,5175,284435,1.539999993838137e-05,15,12.337621901992508
insert,5176,866121,1.2199999673612183e-05,12,12.337900602860927
insert,5177,81671,1.6399999822169775e-05,16,12.338179249900112
insert,5178,599299,1.5900000107649248e-05,16,12.338457843130849
insert,5179,390918,1.4100000043981709e-05,12,12.338736382573916
insert,5180,125201,1.4699999610456871e-05,15,12.33901486825008
insert,5181,526429,1.3100000160193304e-05,13,12.339293300180094
insert,5182,706034,1.3299999864102574e-05,13,12.339571678384699
insert,5183,945754,1.2900000001536682e-05,13,12.339850002884624
insert,5184,55231,1.2800000149582047e-05,13,12.340128273700588
insert,5185,188057,1.1999999969702912e-05,12,12.340406490853294
insert,5186,234027,1.2100000276404899e-05,12,12.340684654363438
insert,5187,843410,1.4900000223860843e-05,15,12.3409627642517
insert,5188,540829,1.4999999621068127e-05,15,12.341240820538749
insert,5189,48160,1.3800000033370452e-05,14,12.341518823245243
insert,5190,420401,1.1999999969702912e-05,12,12.34179677239183
insert,5191,72275,1.5299999631679384e-05,15,12.342074667999139
insert,5192,919592,1.2299999980314169e-05,12,12.342352510087794
insert,5193,487687,1.2900000001536682e-05,13,12.342630298678408
insert,5194,908101,1.5099999927770114e-05,15,12.342908033791574
insert,5195,296021,1.539999993838137e-05,15,12.34318571544788
insert,5196,811103,1.629999997021514e-05,16,12.343463343667903
insert,5197,885886,1.2900000001536682e-05,13,12.3437409184722
insert,5198,325791,1.7700000171316788e-05,17,12.344018439881326
insert,5199,343200,1.52000002344721e-05,15,12.344295907915816
insert,5200,90582,1.4100000043981709e-05,14,12.3445733225962
insert,5201,579959,1.6000000414351234e-05,16,12.34485068394299
insert,5202,478934,1.6399999822169775e-05,16,12.345127991976693
insert,5203,8357,1.2999999853491317e-05,13,12.345405246717796
insert,5204,386840,1.4000000192027073e-05,14,12.34568244818678
insert,5205,210419,1.3800000033370452e-05,14,12.345959596404112
insert,5206,305760,1.2999999853491317e-05,13,12.34623669139025
insert,5207,591195,1.629999997021514e-05,16,12.346513733165635
insert,5208,822616,1.5500000245083356e-05,15,12.346790721750702
insert,5209,318673,1.4000000192027073e-05,14,12.347067657165871
insert,5210,775502,1.2599999990925426e-05,13,12.34734453943155
insert,5211,652967,1.6899999991437653e-05,16,12.347621368568134
insert,5212,254368,1.3699999726668466e-05,14,12.347898144596012
insert,5213,486463,1.5099999927770114e-05,15,12.348174867535556
insert,5214,386163,1.2299999980314169e-05,13,12.348451537407128
insert,5215,620433,1.3899999885325087e-05,14,12.348728154231077
insert,5216,517327,1.4399999599845614e-05,14,12.349004718027743
insert,5217,810144,1.4199999895936344e-05,14,12.349281228817452
insert,5218,813576,1.2900000001536682e-05,13,12.34955768662052
insert,5219,204916,1.650000012887176e-05,16,12.349834091457247
insert,5220,768044,1.720000000204891e-05,17,12.350110443347928
insert,5221,944184,1.629999997021514e-05,16,12.350386742312843
insert,5222,573109,1.6200000118260505e-05,14,12.350662988372257
insert,5223,797424,1.2999999853491317e-05,13,12.350939181546432
insert,5224,834639,1.629999997021514e-05,16,12.351215321855607
insert,5225,257035,1.1699999959091656e-05,12,12.35149140932002
insert,5226,157881,1.2800000149582047e-05,13,12.351767443959893
insert,5227,6688,1.3899999885325087e-05,14,12.352043425795433
insert,5228,977690,1.1999999969702912e-05,12,12.352319354846841
insert,5229,429955,1.44999999065476e-05,14,12.352595231134304
insert,5230,25072,3.59000000571541e-05,12,12.352871054677996
insert,5231,244316,1.5800000255694613e-05,14,12.353146825498083
insert,5232,567852,1.939999992828234e-05,17,12.353422543614716
insert,5233,363252,1.4199999895936344e-05,12,12.353698209048035
insert,5234,666834,2.4399999801971717e-05,13,12.35397382181817
insert,5235,880358,1.810000003388268e-05,17,12.354249381945241
insert,5236,727147,1.810000003388268e-05,17,12.354524889449351
insert,5237,919810,1.3700000181415817e-05,13,12.354800344350597
insert,5238,10061,1.3099999705445953e-05,13,12.35507574666906
insert,5239,997186,1.609999981155852e-05,15,12.355351096424812
insert,5240,351292,1.560000009703799e-05,15,12.355626393637916
insert,5241,1534,1.1699999959091656e-05,12,12.355901638328417
insert,5242,795795,1.5699999948992627e-05,15,12.356176830516356
insert,5243,689234,1.7800000023271423e-05,17,12.356451970221755
insert,5244,394553,1.359999987471383e-05,13,12.35672705746463
insert,5245,890248,1.3099999705445953e-05,13,12.357002092264985
insert,5246,773936,1.5100000382517464e-05,15,12.357277074642809
insert,5247,762541,1.5800000255694613e-05,15,12.357552004618084
insert,5248,322449,1.4199999895936344e-05,14,12.357826882210777
insert,5249,108999,1.3299999864102574e-05,13,12.358101707440847
insert,5250,215162,1.609999981155852e-05,16,12.35837648032824
insert,5251,555551,1.4199999895936344e-05,14,12.358651200892886
insert,5252,249737,1.2900000001536682e-05,13,12.358925869154714
insert,5253,440209,1.5799999800947262e-05,15,12.359200485133632
insert,5254,515930,1.4200000350683695e-05,14,12.359475048849541
insert,5255,62805,1.3200000012147939e-05,13,12.35974956032233
insert,5256,149290,1.2099999821657548e-05,12,12.360024019571876
insert,5257,746222,1.5099999927770114e-05,15,12.360298426618046
insert,5258,293419,1.3200000012147939e-05,13,12.360572781480695
insert,5259,97546,1.52000002344721e-05,15,12.360847084179664
insert,5260,46033,1.5999999959603883e-05,16,12.36112133473479
insert,5261,966027,1.2399999832268804e-05,12,12.36139553316589
insert,5262,242717,1.5099999927770114e-05,15,12.361669679492774
insert,5263,940875,1.4199999895936344e-05,14,12.361943773735241
insert,5264,886576,1.8600000203150557e-05,16,12.362217815913079
insert,5265,545008,1.8400000044493936e-05,14,12.362491806046062
insert,5266,433122,1.3500000022759195e-05,13,12.362765744153958
insert,5267,734892,1.4000000192027073e-05,14,12.363039630256514
insert,5268,939082,1.720000000204891e-05,17,12.363313464373478
insert,5269,390587,1.2299999980314169e-05,12,12.363587246524578
insert,5270,480729,2.3999999939405825e-05,17,12.363860976729532
insert,5271,784230,1.7300000308750896e-05,16,12.364134655008051
insert,5272,89027,1.3299999864102574e-05,13,12.364408281379832
insert,5273,608983,1.75999998646148e-05,17,12.36468185586456
insert,5274,100220,1.4099999589234358e-05,14,12.364955378481909
insert,5275,529980,1.7500000012660166e-05,17,12.365228849251544
insert,5276,140000,1.3299999864102574e-05,13,12.365502268193117
insert,5277,668170,1.1899999663000926e-05,12,12.365775635326269
insert,5278,859794,1.4199999895936344e-05,14,12.366048950670628
insert,5279,413508,1.4199999895936344e-05,14,12.366322214245816
insert,5280,78466,1.4199999895936344e-05,14,12.366595426071438
insert,5281,620648,1.4000000192027073e-05,14,12.366868586167094
insert,5282,595404,1.6199999663513154e-05,16,12.367141694552364
insert,5283,65309,1.5099999927770114e-05,15,12.367414751246828
insert,5284,456113,1.4000000192027073e-05,14,12.367687756270046
insert,5285,694623,1.5499999790336005e-05,15,12.36796070964157
insert,5286,137058,1.4299999747890979e-05,14,12.368233611380942
insert,5287,248274,1.2999999853491317e-05,13,12.368506461507693
insert,5288,305845,1.6199999663513154e-05,16,12.368779260041338
insert,5289,273669,1.3099999705445953e-05,13,12.369052007001388
insert,5290,892248,1.4899999769113492e-05,15,12.36932470240734
insert,5291,330311,1.3999999737279722e-05,14,12.369597346278677
insert,5292,971026,1.44999999065476e-05,14,12.369869938634876
insert,5293,839718,1.6399999822169775e-05,16,12.3701424794954
insert,5294,412041,1.3700000181415817e-05,14,12.370414968879698
insert,5295,734765,1.44999999065476e-05,15,12.370687406807217
insert,5296,872311,1.3800000033370452e-05,13,12.370959793297386
insert,5297,771074,1.75999998646148e-05,17,12.371232128369622
insert,5298,342100,1.4600000213249587e-05,14,12.371504412043336
insert,5299,333508,1.2999999853491317e-05,13,12.371776644337924
insert,5300,474752,1.3900000340072438e-05,14,12.372048825272772
insert,5301,285167,1.4000000192027073e-05,14,12.37232095486726
insert,5302,244960,1.6800000139483018e-05,17,12.372593033140745
insert,5303,78316,1.3700000181415817e-05,14,12.372865060112588
insert,5304,989389,1.2099999821657548e-05,12,12.373137035802127
insert,5305,212560,1.4199999895936344e-05,14,12.373408960228696
insert,5306,142724,1.2700000297627412e-05,13,12.373680833411614
insert,5307,817824,1.720000000204891e-05,14,12.373952655370193
insert,5308,807558,1.6599999980826396e-05,16,12.374224426123732
insert,5309,613111,1.4100000043981709e-05,14,12.374496145691516
insert,5310,114267,1.3200000012147939e-05,13,12.374767814092825
insert,5311,162960,1.4299999747890979e-05,14,12.375039431346925
insert,5312,110791,1.2599999990925426e-05,13,12.37531099747307
insert,5313,172360,1.2200000128359534e-05,12,12.375582512490507
insert,5314,471405,1.3699999726668466e-05,14,12.375853976418467
insert,5315,488695,1.7500000012660166e-05,17,12.376125389276174
insert,5316,329288,1.3800000033370452e-05,14,12.376396751082842
insert,5317,426260,1.2200000128359534e-05,12,12.376668061857668
insert,5318,126602,1.6200000118260505e-05,16,12.376939321619846
insert,5319,561958,1.2099999821657548e-05,12,12.377210530388552
insert,5320,375692,1.3100000160193304e-05,13,12.377481688182957
insert,5321,807757,1.720000000204891e-05,17,12.37775279502222
insert,5322,217723,1.5099999927770114e-05,15,12.378023850925485
insert,5323,473870,1.3899999885325087e-05,14,12.378294855911891
insert,5324,323285,1.5099999927770114e-05,15,12.378565810000563
insert,5325,485855,1.5000000075815478e-05,15,12.378836713210614
insert,5326,277881,1.4200000350683695e-05,14,12.37910756556115
insert,5327,893893,1.3999999737279722e-05,14,12.379378367071261
insert,5328,125739,1.4700000065204222e-05,15,12.379649117760035
insert,5329,94814,3.59000000571541e-05,14,12.379919817646538
insert,5330,165272,1.4400000054592965e-05,14,12.380190466749834
insert,5331,846827,1.3999999737279722e-05,14,12.380461065088973
insert,5332,719381,1.629999997021514e-05,16,12.380731612682995
insert,5333,318993,1.650000012887176e-05,14,12.381002109550925
insert,5334,866530,1.919999976962572e-05,13,12.381272555711787
insert,5335,738937,1.5900000107649248e-05,16,12.381542951184585
insert,5336,730730,1.7100000150094274e-05,17,12.381813295988316
insert,5337,632609,1.3800000033370452e-05,14,12.382083590141967
insert,5338,42289,1.2099999821657548e-05,12,12.382353833664512
insert,5339,225466,1.7100000150094274e-05,15,12.382624026574916
insert,5340,876531,1.2900000001536682e-05,13,12.382894168892134
insert,5341,898183,1.4100000043981709e-05,14,12.38316426063511
insert,5342,343717,1.4199999895936344e-05,14,12.383434301822774
insert,5343,155529,1.2999999853491317e-05,13,12.383704292474052
insert,5344,95644,1.4700000065204222e-05,15,12.383974232607853
insert,5345,745703,1.699999984339229e-05,17,12.384244122243079
insert,5346,260277,1.5300000086426735e-05,15,12.384513961398618
insert,5347,373024,1.52000002344721e-05,14,12.384783750093353
insert,5348,415493,1.3099999705445953e-05,13,12.38505348834615
insert,5349,538402,1.4100000043981709e-05,12,12.385323176175872
insert,5350,51329,1.5499999790336005e-05,15,12.385592813601363
insert,5351,710079,1.4100000043981709e-05,14,12.38586240064146
insert,5352,313358,1.3899999885325087e-05,14,12.386131937314994
insert,5353,272805,1.1799999811046291e-05,12,12.386401423640777
insert,5354,859927,1.7300000308750896e-05,17,12.386670859637618
insert,5355,182314,1.3299999864102574e-05,13,12.386940245324311
insert,5356,32592,1.5699999948992627e-05,15,12.38720958071964
insert,5357,998346,1.2200000128359534e-05,12,12.387478865842379
insert,5358,424036,1.1999999969702912e-05,12,12.387748100711294
insert,5359,896115,1.6800000139483018e-05,16,12.388017285345136
insert,5360,474168,1.3300000318849925e-05,14,12.388286419762647
insert,5361,582960,1.5099999927770114e-05,13,12.38855550398256
insert,5362,784418,1.5300000086426735e-05,15,12.3888245380236
insert,5363,576844,1.4799999917158857e-05,15,12.389093521904474
insert,5364,261990,1.6200000118260505e-05,16,12.389362455643884
insert,5365,99327,1.2700000297627412e-05,13,12.389631339260522
insert,5366,484488,1.6400000276917126e-05,16,12.389900172773064
insert,5367,106858,1.1900000117748277e-05,12,12.390168956200183
insert,5368,842947,1.5099999927770114e-05,15,12.390437689560537
insert,5369,832370,1.5000000075815478e-05,15,12.390706372872774
insert,5370,146584,1.5099999927770114e-05,15,12.390975006155534
insert,5371,127353,1.3100000160193304e-05,13,12.391243589427443
insert,5372,12538,1.609999981155852e-05,16,12.391512122707118
insert,5373,64665,1.2900000001536682e-05,13,12.391780606013166
insert,5374,870709,1.6800000139483018e-05,16,12.392049039364185
insert,5375,818896,1.740000016070553e-05,17,12.39231742277876
insert,5376,233087,1.3300000318849925e-05,13,12.392585756275468
insert,5377,137065,1.5100000382517464e-05,15,12.392854039872873
insert,5378,207758,1.3000000308238668e-05,13,12.393122273589531
insert,5379,863685,1.6599999980826396e-05,16,12.393390457443987
insert,5380,390322,1.3200000012147939e-05,13,12.393658591454773
insert,5381,719623,1.740000016070553e-05,17,12.393926675640417
insert,5382,660915,1.629999997021514e-05,16,12.39419471001943
insert,5383,983119,1.3199999557400588e-05,13,12.394462694610317
insert,5384,676002,1.4100000043981709e-05,14,12.39473062943157
insert,5385,88122,1.6200000118260505e-05,16,12.394998514501673
insert,5386,610611,1.6399999822169775e-05,16,12.395266349839096
insert,5387,614591,1.3699999726668466e-05,14,12.395534135462302
insert,5388,271394,1.430000020263833e-05,14,12.395801871389747
insert,5389,961994,1.3100000160193304e-05,13,12.396069557639867
insert,5390,852228,1.2999999853491317e-05,13,12.396337194231098
insert,5391,78630,1.9600000086938962e-05,17,12.396604781181859
insert,5392,22860,1.650000012887176e-05,14,12.39687231851056
insert,5393,67604,1.629999997021514e-05,14,12.397139806235604
insert,5394,207357,1.539999993838137e-05,15,12.39740724437538
insert,5395,946336,1.699999984339229e-05,16,12.397674632948268
insert,5396,677367,1.7299999854003545e-05,17,12.397941971972639
insert,5397,464972,1.6399999822169775e-05,16,12.398209261466851
insert,5398,848612,1.5099999927770114e-05,15,12.398476501449256
insert,5399,135048,1.6600000435573747e-05,15,12.398743691938193
insert,5400,96447,1.3200000012147939e-05,13,12.39901083295199
insert,5401,949044,1.5099999927770114e-05,15,12.399277924508967
insert,5402,869643,1.160000010713702e-05,12,12.399544966627433
insert,5403,848180,1.4500000361294951e-05,15,12.399811959325685
insert,5404,347656,1.4000000192027073e-05,14,12.400078902622013
insert,5405,128480,1.2900000001536682e-05,13,12.400345796534694
insert,5406,44771,1.1899999663000926e-05,12,12.400612641081999
insert,5407,988053,1.5300000086426735e-05,15,12.400879436282183
insert,5408,483389,1.6200000118260505e-05,16,12.401146182153498
insert,5409,53098,1.6399999822169775e-05,16,12.401412878714178
insert,5410,176150,1.2099999821657548e-05,12,12.401679525982452
insert,5411,969023,1.1900000117748277e-05,12,12.401946123976536
insert,5412,601762,1.5099999927770114e-05,15,12.402212672714642
insert,5413,454198,1.359999987471383e-05,13,12.402479172214964
insert,5414,861600,1.2900000001536682e-05,13,12.40274562249569
insert,5415,759621,1.610000026630587e-05,16,12.403012023574997
insert,5416,414187,1.8799999907059828e-05,14,12.403278375471054
insert,5417,520227,2.769999991869554e-05,16,12.403544678202014
insert,5418,30915,1.5300000086426735e-05,15,12.40381093178603
insert,5419,401321,1.3100000160193304e-05,13,12.404077136241234
insert,5420,716401,1.3899999885325087e-05,14,12.404343291585755
insert,5421,447390,1.5000000075815478e-05,15,12.404609397837712
insert,5422,181202,1.4199999895936344e-05,14,12.404875455015208
insert,5423,371137,1.4199999895936344e-05,14,12.405141463136344
insert,5424,225147,1.3899999885325087e-05,14,12.405407422219204
insert,5425,952427,1.5900000107649248e-05,13,12.405673332281866
insert,5426,196243,1.5300000086426735e-05,15,12.405939193342396
insert,5427,288340,1.7299999854003545e-05,17,12.406205005418855
insert,5428,293449,1.610000026630587e-05,16,12.406470768529283
insert,5429,467677,1.3100000160193304e-05,13,12.406736482691723
insert,5430,926337,1.3200000012147939e-05,13,12.407002147924201
insert,5431,155852,1.2999999853491317e-05,13,12.407267764244732
insert,5432,36333,1.3899999885325087e-05,14,12.407533331671324
insert,5433,649254,1.6199999663513154e-05,16,12.407798850221974
insert,5434,646948,1.9800000245595584e-05,17,12.408064319914672
insert,5435,257725,1.3200000012147939e-05,13,12.40832974076739
insert,5436,678721,1.3700000181415817e-05,14,12.408595112798102
insert,5437,309441,1.7699999716569437e-05,17,12.40886043602476
insert,5438,523126,1.559999964229064e-05,15,12.409125710465315
insert,5439,432006,1.5500000245083356e-05,15,12.409390936137703
insert,5440,925661,1.1900000117748277e-05,12,12.409656113059851
insert,5441,577439,1.650000012887176e-05,16,12.409921241249679
insert,5442,502301,1.5199999779724749e-05,15,12.410186320725094
insert,5443,63942,1.4899999769113492e-05,15,12.410451351503994
insert,5444,91983,1.3800000033370452e-05,14,12.410716333604269
insert,5445,293367,1.5900000107649248e-05,16,12.410981267043796
insert,5446,401621,1.5800000255694613e-05,16,12.411246151840444
insert,5447,143903,1.3000000308238668e-05,13,12.411510988012072
insert,5448,439600,1.4100000043981709e-05,14,12.411775775576528
insert,5449,209147,1.6599999980826396e-05,16,12.41204051455165
insert,5450,673871,1.720000000204891e-05,17,12.412305204955272
insert,5451,927626,1.2999999853491317e-05,13,12.41256984680521
insert,5452,835923,1.4199999895936344e-05,14,12.412834440119273
insert,5453,551357,2.0200000108161476e-05,16,12.413098984915264
insert,5454,261251,1.6200000118260505e-05,16,12.41336348121097
insert,5455,661394,1.609999981155852e-05,16,12.413627929024173
insert,5456,841135,1.650000012887176e-05,16,12.413892328372643
insert,5457,570066,1.430000020263833e-05,14,12.414156679274141
insert,5458,833457,1.6899999991437653e-05,15,12.414420981746417
insert,5459,20479,5.270000019663712e-05,11,12.414685235807214
insert,5460,401079,1.4100000043981709e-05,14,12.414949441474263
insert,5461,819899,1.4100000043981709e-05,14,12.415213598765286
insert,5462,748024,1.4100000043981709e-05,14,12.415477707697994
insert,5463,376557,1.6600000435573747e-05,16,12.41574176829009
insert,5464,502986,1.3299999864102574e-05,13,12.416005780559267
insert,5465,570969,1.3800000033370452e-05,14,12.416269744523207
insert,5466,819395,1.3699999726668466e-05,14,12.416533660199583
insert,5467,508224,1.6599999980826396e-05,16,12.416797527606061
insert,5468,360746,1.430000020263833e-05,14,12.41706134676029
insert,5469,957012,1.559999964229064e-05,15,12.417325117679919
insert,5470,593129,1.4100000043981709e-05,14,12.41758884038258
insert,5471,526798,1.4400000054592965e-05,14,12.417852514885897
insert,5472,337227,1.3100000160193304e-05,13,12.418116141207488
insert,5473,407248,1.4199999895936344e-05,14,12.418379719364957
insert,5474,283573,1.4299999747890979e-05,14,12.418643249375899
insert,5475,188551,1.3200000012147939e-05,13,12.4189067312579
insert,5476,27330,1.1799999811046291e-05,12,12.419170165028538
insert,5477,334368,1.6899999991437653e-05,14,12.419433550705378
insert,5478,626122,1.6399999822169775e-05,16,12.41969688830598
insert,5479,229660,1.3899999885325087e-05,14,12.419960177847889
insert,5480,30727,1.3700000181415817e-05,14,12.420223419348645
insert,5481,939278,1.7500000012660166e-05,17,12.420486612825774
insert,5482,850070,1.52000002344721e-05,15,12.420749758296799
insert,5483,816357,1.5900000107649248e-05,16,12.421012855779226
insert,5484,294580,1.4799999917158857e-05,15,12.421275905290555
insert,5485,61438,1.3300000318849925e-05,13,12.421538906848276
insert,5486,847936,1.5000000075815478e-05,15,12.421801860469873
insert,5487,494597,1.650000012887176e-05,16,12.422064766172813
insert,5488,555150,1.4100000043981709e-05,14,12.422327623974558
insert,5489,374796,1.3099999705445953e-05,13,12.42259043389256
insert,5490,804093,1.3999999737279722e-05,14,12.422853195944263
insert,5491,612357,1.4100000043981709e-05,14,12.4231159101471
insert,5492,244069,1.3999999737279722e-05,14,12.423378576518493
insert,5493,167379,1.4000000192027073e-05,14,12.423641195075856
insert,5494,104999,1.3000000308238668e-05,13,12.423903765836593
insert,5495,259897,1.5000000075815478e-05,15,12.4241662888181
insert,5496,688773,1.4199999895936344e-05,14,12.424428764037762
insert,5497,252868,1.3899999885325087e-05,14,12.424691191512954
insert,5498,279474,1.6599999980826396e-05,16,12.424953571261042
insert,5499,559615,1.649999967412441e-05,16,12.425215903299385
insert,5500,855938,1.3899999885325087e-05,14,12.425478187645329
insert,5501,829673,1.3999999737279722e-05,14,12.42574042431621
insert,5502,961817,1.3200000012147939e-05,13,12.426002613329361
insert,5503,772864,1.4100000043981709e-05,14,12.426264754702098
insert,5504,58625,1.4000000192027073e-05,14,12.426526848451731
insert,5505,801165,1.2699999842880061e-05,13,12.42678889459556
insert,5506,993843,1.4600000213249587e-05,14,12.427050893150879
insert,5507,230070,1.3500000022759195e-05,14,12.427312844134963
insert,5508,603657,1.3899999885325087e-05,14,12.42757474756509
insert,5509,887625,1.6200000118260505e-05,16,12.42783660345852
insert,5510,836125,1.4000000192027073e-05,14,12.428098411832506
insert,5511,407291,1.3799999578623101e-05,14,12.428360172704291
insert,5512,372040,1.2699999842880061e-05,13,12.428621886091111
insert,5513,980635,1.2399999832268804e-05,12,12.428883552010191
insert,5514,879989,1.4200000350683695e-05,14,12.429145170478744
insert,5515,886279,2.6499999876250513e-05,14,12.429406741513981
insert,5516,182151,2.2600000193051528e-05,13,12.429668265133094
insert,5517,184655,2.2700000045006163e-05,13,12.429929741353273
insert,5518,248042,1.3700000181415817e-05,13,12.430191170191696
insert,5519,621302,2.0400000266818097e-05,14,12.430452551665532
insert,5520,333452,2.4200000098062446e-05,14,12.430713885791938
insert,5521,845373,1.4899999769113492e-05,14,12.430975172588068
insert,5522,773960,1.539999993838137e-05,15,12.431236412071062
insert,5523,731515,1.6699999832781032e-05,16,12.43149760425805
insert,5524,376212,1.5799999800947262e-05,15,12.431758749166157
insert,5525,958378,1.4700000065204222e-05,14,12.432019846812493
insert,5526,620299,1.3700000181415817e-05,14,12.432280897214161
insert,5527,29577,1.3300000318849925e-05,13,12.432541900388259
insert,5528,737624,1.6800000139483018e-05,16,12.43280285635187
insert,5529,734592,1.6800000139483018e-05,17,12.43306376512207
insert,5530,368766,1.52000002344721e-05,15,12.433324626715926
insert,5531,993588,1.4699999610456871e-05,14,12.433585441150495
insert,5532,595226,1.539999993838137e-05,15,12.433846208442825
insert,5533,590985,1.4799999917158857e-05,15,12.434106928609955
insert,5534,149006,1.3299999864102574e-05,13,12.434367601668914
insert,5535,590463,1.3299999864102574e-05,14,12.434628227636725
insert,5536,994437,1.2900000001536682e-05,13,12.434888806530395
insert,5537,197378,1.2999999853491317e-05,13,12.43514933836693
insert,5538,877341,1.6700000287528383e-05,16,12.43540982316332
insert,5539,849768,1.5300000086426735e-05,15,12.43567026093655
insert,5540,924453,1.2099999821657548e-05,12,12.435930651703595
insert,5541,516138,1.649999967412441e-05,16,12.436190995481416
insert,5542,568459,1.4600000213249587e-05,14,12.436451292286975
insert,5543,324066,1.3000000308238668e-05,13,12.436711542137214
insert,5544,184085,1.2799999694834696e-05,13,12.436971745049073
insert,5545,514260,1.7500000012660166e-05,17,12.437231901039478
insert,5546,39808,1.3200000012147939e-05,13,12.437492010125352
insert,5547,94642,1.430000020263833e-05,14,12.437752072323603
insert,5548,58897,1.3299999864102574e-05,13,12.438012087651131
insert,5549,243924,1.4199999895936344e-05,14,12.43827205612483
insert,5550,630890,1.5000000075815478e-05,15,12.438531977761583
insert,5551,229438,1.6199999663513154e-05,16,12.43879185257826
insert,5552,20897,1.2200000128359534e-05,12,12.43905168059173
insert,5553,552022,1.5300000086426735e-05,15,12.439311461818846
insert,5554,501208,1.4400000054592965e-05,14,12.439571196276454
insert,5555,717,1.6399999822169775e-05,16,12.439830883981392
insert,5556,347849,1.3299999864102574e-05,13,12.440090524950488
insert,5557,962484,1.2999999853491317e-05,13,12.440350119200563
insert,5558,643967,1.4100000043981709e-05,14,12.440609666748422
insert,5559,211251,1.5999999959603883e-05,16,12.44086916761087
insert,5560,845620,1.7100000150094274e-05,17,12.441128621804697
insert,5561,136829,1.539999993838137e-05,15,12.441388029346687
insert,5562,357312,1.430000020263833e-05,12,12.441647390253612
insert,5563,751764,1.560000009703799e-05,15,12.44190670454224
insert,5564,186081,1.3000000308238668e-05,13,12.442165972229322
insert,5565,963412,1.4100000043981709e-05,14,12.442425193331607
insert,5566,841404,1.4900000223860843e-05,15,12.442684367865834
insert,5567,885297,1.3899999885325087e-05,14,12.442943495848729
insert,5568,910392,1.3099999705445953e-05,13,12.443202577297011
insert,5569,339308,1.2800000149582047e-05,13,12.443461612227393
insert,5570,62449,1.3200000012147939e-05,13,12.443720600656578
insert,5571,22978,1.3000000308238668e-05,13,12.443979542601253
insert,5572,154888,1.6200000118260505e-05,16,12.444238438078106
insert,5573,615105,1.3999999737279722e-05,14,12.44449728710381
insert,5574,738928,1.5800000255694613e-05,16,12.44475608969503
insert,5575,961780,1.2800000149582047e-05,13,12.445014845868423
insert,5576,148534,1.7099999695346924e-05,13,12.445273555640638
insert,5577,811983,1.699999984339229e-05,16,12.445532219028312
insert,5578,116309,1.3099999705445953e-05,13,12.445790836048076
insert,5579,887600,1.7299999854003545e-05,17,12.44604940671655
insert,5580,551861,1.250000013897079e-05,13,12.446307931050345
insert,5581,902478,2.0500000118772732e-05,13,12.446566409066067
insert,5582,382615,1.3100000160193304e-05,13,12.446824840780307
insert,5583,76055,1.4900000223860843e-05,15,12.447083226209653
insert,5584,391739,1.5000000075815478e-05,12,12.447341565370678
insert,5585,738762,1.5900000107649248e-05,16,12.44759985827995
insert,5586,987679,1.44999999065476e-05,14,12.44785810495403
insert,5587,694304,1.4000000192027073e-05,14,12.448116305409464
insert,5588,414813,1.6699999832781032e-05,16,12.448374459662794
insert,5589,614484,1.6800000139483018e-05,17,12.448632567730552
insert,5590,105940,1.2999999853491317e-05,13,12.448890629629261
insert,5591,352910,1.3999999737279722e-05,14,12.449148645375436
insert,5592,316424,1.7699999716569437e-05,17,12.44940661498558
insert,5593,338274,1.6199999663513154e-05,16,12.449664538476192
insert,5594,143080,1.3099999705445953e-05,13,12.449922415863757
insert,5595,165155,1.4199999895936344e-05,14,12.450180247164754
insert,5596,767927,1.5999999959603883e-05,16,12.450438032395652
insert,5597,994778,1.6200000118260505e-05,16,12.450695771572915
insert,5598,458090,1.2100000276404899e-05,12,12.450953464712992
insert,5599,830308,1.6599999980826396e-05,16,12.451211111832329
insert,5600,670319,1.539999993838137e-05,15,12.451468712947358
insert,5601,510867,1.4100000043981709e-05,14,12.451726268074506
insert,5602,680715,1.5100000382517464e-05,15,12.45198377723019
insert,5603,332696,1.539999993838137e-05,15,12.452241240430817
insert,5604,182665,1.5299999631679384e-05,13,12.45249865769279
insert,5605,741536,1.4799999917158857e-05,15,12.452756029032495
insert,5606,589276,1.6699999832781032e-05,16,12.453013354466314
insert,5607,727251,1.610000026630587e-05,16,12.453270634010623
insert,5608,932814,1.5500000245083356e-05,15,12.453527867681785
insert,5609,973965,1.430000020263833e-05,14,12.453785055496155
insert,5610,643521,1.4600000213249587e-05,15,12.45404219747008
insert,5611,825221,1.44999999065476e-05,14,12.454299293619899
insert,5612,374159,1.2900000001536682e-05,13,12.45455634396194
insert,5613,234082,1.3100000160193304e-05,13,12.454813348512525
insert,5614,697861,1.699999984339229e-05,17,12.455070307287963
insert,5615,617559,1.3700000181415817e-05,14,12.45532722030456
insert,5616,854018,1.8399999589746585e-05,14,12.455584087578611
insert,5617,183870,1.2699999842880061e-05,13,12.455840909126398
insert,5618,396765,1.1900000117748277e-05,12,12.456097684964202
insert,5619,321728,1.7299999854003545e-05,17,12.456354415108288
insert,5620,769650,1.560000009703799e-05,16,12.456611099574918
insert,5621,721943,1.5800000255694613e-05,16,12.456867738380343
insert,5622,308824,1.4000000192027073e-05,14,12.457124331540804
insert,5623,133535,1.6400000276917126e-05,16,12.457380879072534
insert,5624,186341,1.2999999853491317e-05,13,12.45763738099176
insert,5625,764235,1.7299999854003545e-05,17,12.4578938373147
insert,5626,1886,1.2599999990925426e-05,13,12.458150248057557
insert,5627,994877,1.4799999917158857e-05,15,12.458406613236534
insert,5628,736110,1.699999984339229e-05,17,12.458662932867817
insert,5629,994783,1.4799999917158857e-05,15,12.458919206967591
insert,5630,600661,1.720000000204891e-05,17,12.45917543555203
insert,5631,410624,1.3899999885325087e-05,14,12.459431618637296
insert,5632,892084,1.3899999885325087e-05,14,12.459687756239548
insert,5633,808275,1.740000016070553e-05,17,12.45994384837493
insert,5634,595049,1.4900000223860843e-05,15,12.460199895059583
insert,5635,33956,1.649999967412441e-05,16,12.460455896309636
insert,5636,190927,1.5500000245083356e-05,15,12.460711852141213
insert,5637,631651,1.3800000033370452e-05,14,12.460967762570421
insert,5638,333675,1.75999998646148e-05,14,12.461223627613371
insert,5639,965779,1.1999999969702912e-05,12,12.461479447286155
insert,5640,848096,1.52000002344721e-05,15,12.461735221604863
insert,5641,641080,1.4900000223860843e-05,15,12.461990950585571
insert,5642,231626,1.6199999663513154e-05,16,12.462246634244352
insert,5643,670719,2.1800000013172394e-05,16,12.462502272597265
insert,5644,593023,1.3899999885325087e-05,14,12.462757865660363
insert,5645,109168,1.609999981155852e-05,16,12.463013413449692
insert,5646,982189,1.3000000308238668e-05,13,12.46326891598129
insert,5647,520288,1.610000026630587e-05,13,12.46352437327118
insert,5648,147476,1.5199999779724749e-05,13,12.463779785335385
insert,5649,347256,1.430000020263833e-05,14,12.464035152189913
insert,5650,781550,1.6599999980826396e-05,16,12.464290473850767
insert,5651,81587,1.539999993838137e-05,15,12.46454575033394
insert,5652,249557,1.3100000160193304e-05,13,12.464800981655417
insert,5653,363657,1.2200000128359534e-05,12,12.465056167831175
insert,5654,335040,1.2800000149582047e-05,13,12.465311308877183
insert,5655,176043,1.2699999842880061e-05,13,12.4655664048094
insert,5656,667091,1.6399999822169775e-05,16,12.465821455643775
insert,5657,928326,1.5699999948992627e-05,15,12.466076461396252
insert,5658,93036,1.609999981155852e-05,16,12.466331422082767
insert,5659,743405,1.700000029813964e-05,17,12.466586337719244
insert,5660,702572,1.4099999589234358e-05,14,12.466841208321602
insert,5661,670148,1.6399999822169775e-05,16,12.467096033905747
insert,5662,764712,1.3800000033370452e-05,14,12.467350814487581
insert,5663,929724,1.539999993838137e-05,15,12.467605550082997
insert,5664,352059,1.5000000075815478e-05,15,12.467860240707878
insert,5665,468326,1.3200000012147939e-05,13,12.468114886378098
insert,5666,11950,1.5999999959603883e-05,16,12.468369487109525
insert,5667,278096,1.430000020263833e-05,14,12.468624042918018
insert,5668,219870,1.699999984339229e-05,17,12.468878553819426
insert,5669,261663,1.3999999737279722e-05,14,12.469133019829592
insert,5670,726848,1.5900000107649248e-05,16,12.469387440964347
insert,5671,71088,1.2999999853491317e-05,13,12.469641817239516
insert,5672,367507,1.5199999779724749e-05,15,12.469896148670918
insert,5673,269126,1.2800000149582047e-05,13,12.470150435274359
insert,5674,825251,1.720000000204891e-05,17,12.47040467706564
insert,5675,113283,1.2900000001536682e-05,13,12.470658874060552
insert,5676,755409,1.720000000204891e-05,17,12.470913026274877
insert,5677,1344,1.2399999832268804e-05,13,12.471167133724391
insert,5678,50487,1.5000000075815478e-05,15,12.471421196424862
insert,5679,404685,1.4100000043981709e-05,14,12.471675214392045
insert,5680,459508,1.4299999747890979e-05,12,12.47192918764169
insert,5681,768171,1.359999987471383e-05,14,12.472183116189541
insert,5682,440039,1.3099999705445953e-05,13,12.472437000051329
insert,5683,927520,1.3100000160193304e-05,13,12.47269083924278
insert,5684,434131,1.3000000308238668e-05,13,12.47294463377961
insert,5685,517034,1.4100000043981709e-05,14,12.473198383677527
insert,5686,924604,1.2999999853491317e-05,13,12.473452088952232
insert,5687,397109,1.1999999969702912e-05,12,12.473705749619416
insert,5688,368293,1.1699999959091656e-05,12,12.47395936569476
insert,5689,572548,1.5300000086426735e-05,13,12.474212937193943
insert,5690,393581,1.3100000160193304e-05,13,12.474466464132632
insert,5691,106356,1.2900000001536682e-05,13,12.474719946526482
insert,5692,869068,1.5500000245083356e-05,15,12.474973384391147
insert,5693,502781,1.52000002344721e-05,15,12.475226777742266
insert,5694,827044,1.2999999853491317e-05,13,12.475480126595475
insert,5695,906023,1.44999999065476e-05,14,12.475733430966399
insert,5696,606136,1.4000000192027073e-05,14,12.475986690870654
insert,5697,682592,1.6400000276917126e-05,16,12.476239906323851
insert,5698,795076,1.340000017080456e-05,13,12.47649307734159
insert,5699,720540,1.3699999726668466e-05,14,12.476746203939467
insert,5700,236541,1.3300000318849925e-05,13,12.476999286133061
insert,5701,170558,1.1999999969702912e-05,12,12.477252323937952
insert,5702,473210,1.3700000181415817e-05,14,12.477505317369708
insert,5703,77290,2.189999986512703e-05,14,12.477758266443889
insert,5704,838017,4.200000012133387e-05,13,12.478011171176044
insert,5705,886847,3.259999994043028e-05,13,12.47826403158172
insert,5706,35036,2.89999998130952e-05,13,12.47851684767645
insert,5707,309235,2.859999995052931e-05,14,12.478769619475763
insert,5708,21054,4.199999966658652e-05,15,12.479022346995178
insert,5709,334199,1.8700000055105193e-05,14,12.479275030250205
insert,5710,273813,1.919999976962572e-05,14,12.479527669256347
insert,5711,997891,2.0200000108161476e-05,14,12.479780264029099
insert,5712,109813,1.7299999854003545e-05,13,12.480032814583948
insert,5713,77805,1.6200000118260505e-05,13,12.480285320936371
insert,5714,358412,1.9800000245595584e-05,15,12.480537783101841
insert,5715,178369,1.9600000086938962e-05,15,12.480790201095816
insert,5716,931064,1.5099999927770114e-05,12,12.481042574933754
insert,5717,393697,1.5900000107649248e-05,13,12.481294904631099
insert,5718,168721,1.430000020263833e-05,12,12.481547190203287
insert,5719,767542,2.029999996011611e-05,16,12.481799431665753
insert,5720,78646,1.9600000086938962e-05,16,12.482051629033913
insert,5721,573620,1.699999984339229e-05,14,12.482303782323182
insert,5722,987585,1.8700000055105193e-05,15,12.48255589154897
insert,5723,941752,1.990000009755022e-05,16,12.482807956726667
insert,5724,97628,1.9999999949504854e-05,16,12.483059977871669
insert,5725,354367,2.009999980145949e-05,16,12.483311954999353
insert,5726,622887,2.100000028804061e-05,17,12.483563888125094
insert,5727,643454,2.0699999822682003e-05,17,12.483815777264256
insert,5728,936616,1.9099999917671084e-05,16,12.484067622432198
insert,5729,506187,1.5900000107649248e-05,13,12.484319423644267
insert,5730,738727,1.7899999875226058e-05,15,12.484571180915806
insert,5731,32499,1.5900000107649248e-05,13,12.484822894262146
insert,5732,452276,2.1800000013172394e-05,15,12.485074563698612
insert,5733,988223,1.5500000245083356e-05,13,12.485326189240524
insert,5734,685387,2.0699999822682003e-05,17,12.485577770903188
insert,5735,173013,1.8200000340584666e-05,15,12.485829308701904
insert,5736,636819,1.810000003388268e-05,15,12.48608080265197
insert,5737,932974,1.5799999800947262e-05,13,12.486332252768664
insert,5738,455293,1.829999973779195e-05,15,12.486583659067268
insert,5739,164736,6.160000020827283e-05,14,12.48683502156305
insert,5740,56158,1.609999981155852e-05,13,12.48708634027127
insert,5741,106177,1.810000003388268e-05,15,12.487337615207181
insert,5742,347178,1.8700000055105193e-05,15,12.48758884638603
insert,5743,215536,2.0799999674636638e-05,17,12.487840033823051
insert,5744,199213,2.8300000394665403e-05,14,12.488091177533475
insert,5745,429162,1.6599999980826396e-05,13,12.488342277532524
insert,5746,731064,2.0200000108161476e-05,16,12.488593333835409
insert,5747,581029,2.099999983329326e-05,16,12.488844346457336
insert,5748,757112,2.0599999970727367e-05,16,12.489095315413504
insert,5749,970535,1.340000017080456e-05,11,12.4893462407191
insert,5750,765434,1.720000000204891e-05,14,12.489597122389307
insert,5751,566363,2.190000031987438e-05,17,12.489847960439297
insert,5752,278151,9.310000041296007e-05,17,12.490098754884238
insert,5753,692688,2.1099999685247894e-05,16,12.490349505739287
insert,5754,295199,1.9499999780236976e-05,15,12.490600213019594
insert,5755,311848,2.080000012938399e-05,16,12.490850876740298
insert,5756,249088,1.9099999917671084e-05,15,12.491101496916537
insert,5757,100576,2.099999983329326e-05,17,12.491352073563435
insert,5758,52047,1.540000039312872e-05,13,12.49160260669611
insert,5759,411988,1.720000000204891e-05,14,12.491853096329674
insert,5760,599545,1.8000000181928044e-05,15,12.49210354247923
insert,5761,576364,1.83000001925393e-05,15,12.49235394515987
insert,5762,880652,1.7100000150094274e-05,14,12.492604304386683
insert,5763,514797,1.6899999991437653e-05,14,12.492854620174748
insert,5764,161051,1.740000016070553e-05,14,12.493104892539135
insert,5765,57153,1.6699999832781032e-05,14,12.493355121494906
insert,5766,378357,1.5699999948992627e-05,13,12.49360530705712
insert,5767,4001,1.6800000139483018e-05,14,12.493855449240822
insert,5768,448378,1.6599999980826396e-05,14,12.494105548061054
insert,5769,91885,1.8900000213761814e-05,16,12.494355603532846
insert,5770,308858,1.9300000076327706e-05,16,12.49460561567122
insert,5771,863919,2.0200000108161476e-05,16,12.494855584491198
insert,5772,694179,1.6800000139483018e-05,14,12.495105510007784
insert,5773,655456,1.6899999991437653e-05,14,12.495355392235982
insert,5774,629372,1.9500000234984327e-05,14,12.495605231190781
insert,5775,503661,1.4200000350683695e-05,12,12.49585502688717
insert,5776,209375,1.5900000107649248e-05,13,12.496104779340126
insert,5777,101699,1.4199999895936344e-05,12,12.496354488564615
insert,5778,26986,1.3899999885325087e-05,12,12.496604154575603
insert,5779,217006,1.8600000203150557e-05,16,12.496853777388042
insert,5780,179131,1.560000009703799e-05,13,12.497103357016877
insert,5781,669192,1.990000009755022e-05,16,12.49735289347705
insert,5782,305987,1.6700000287528383e-05,14,12.49760238678349
insert,5783,85917,1.5699999948992627e-05,13,12.497851836951117
insert,5784,496575,1.6700000287528383e-05,14,12.498101243994853
insert,5785,884757,1.919999976962572e-05,16,12.4983506079296
insert,5786,121120,1.5499999790336005e-05,13,12.49859992877026
insert,5787,323332,1.8199999885837315e-05,15,12.498849206531725
insert,5788,823003,1.5699999948992627e-05,13,12.49909844122888
insert,5789,416775,1.5500000245083356e-05,13,12.4993476328766
insert,5790,493822,1.7899999875226058e-05,15,12.499596781489753
insert,5791,512856,1.6699999832781032e-05,14,12.499845887083206
insert,5792,938348,2.0799999674636638e-05,17,12.500094949671807
insert,5793,693151,2.0400000266818097e-05,17,12.500343969270403
insert,5794,277878,2.4599999960628338e-05,16,12.500592945893834
insert,5795,95564,9.120000004259055e-05,15,12.50084187955693
insert,5796,673046,1.7500000012660166e-05,16,12.501090770274512
insert,5797,570558,2.569999969637138e-05,16,12.501339618061397
insert,5798,406352,2.5599999844416743e-05,14,12.501588422932391
insert,5799,193863,2.3800000235496555e-05,13,12.501837184902296
insert,5800,389044,3.3799999982875306e-05,14,12.502085903985904
insert,5801,928507,2.989999984492897e-05,15,12.502334580197997
insert,5802,399975,2.2499999886349542e-05,12,12.502583213553354
insert,5803,387346,1.8000000181928044e-05,13,12.502831804066744
insert,5804,195647,1.7099999695346924e-05,15,12.503080351752928
insert,5805,467430,1.7800000023271423e-05,16,12.503328856626661
insert,5806,46785,1.5999999959603883e-05,15,12.503577318702689
insert,5807,276086,1.7500000012660166e-05,16,12.50382573799575
insert,5808,461102,1.4199999895936344e-05,13,12.504074114520577
insert,5809,487649,5.710000004910398e-05,16,12.50432244829189
insert,5810,276196,1.3200000012147939e-05,13,12.50457073932441
insert,5811,237233,1.7899999875226058e-05,17,12.504818987632841
insert,5812,877741,1.4699999610456871e-05,14,12.505067193231886
insert,5813,281608,1.6800000139483018e-05,16,12.505315356136236
insert,5814,591656,1.5500000245083356e-05,15,12.505563476360582
insert,5815,64634,1.5499999790336005e-05,15,12.505811553919594
insert,5816,158472,1.6899999991437653e-05,16,12.506059588827949
insert,5817,788776,1.9099999917671084e-05,15,12.506307581100307
insert,5818,730303,1.4000000192027073e-05,13,12.506555530751323
insert,5819,699892,1.6899999991437653e-05,16,12.506803437795647
insert,5820,101401,1.4199999895936344e-05,14,12.507051302247916
insert,5821,89871,1.7500000012660166e-05,17,12.507299124122765
insert,5822,700597,1.2999999853491317e-05,13,12.50754690343482
insert,5823,360492,1.5500000245083356e-05,15,12.507794640198696
insert,5824,847439,1.5300000086426735e-05,15,12.508042334429005
insert,5825,567751,1.7800000023271423e-05,17,12.508289986140348
insert,5826,434097,1.6399999822169775e-05,16,12.508537595347322
insert,5827,793203,1.3099999705445953e-05,13,12.508785162064513
insert,5828,618373,1.4000000192027073e-05,14,12.509032686306501
insert,5829,238565,1.3999999737279722e-05,14,12.509280168087859
insert,5830,580494,1.4100000043981709e-05,14,12.509527607423152
insert,5831,63947,1.5699999948992627e-05,16,12.509775004326936
insert,5832,881640,1.3900000340072438e-05,14,12.510022358813766
insert,5833,405911,1.3099999705445953e-05,13,12.510269670898177
insert,5834,858161,1.3899999885325087e-05,14,12.51051694059471
insert,5835,547968,1.52000002344721e-05,15,12.510764167917891
insert,5836,438968,1.3200000012147939e-05,13,12.511011352882239
insert,5837,561528,1.6800000139483018e-05,16,12.511258495502268
insert,5838,720443,1.5900000107649248e-05,16,12.511505595792482
insert,5839,909005,1.539999993838137e-05,13,12.51175265376738
insert,5840,981847,1.6599999980826396e-05,14,12.511999669441451
insert,5841,497890,2.369999992879457e-05,15,12.51224664282918
insert,5842,924482,1.5699999948992627e-05,15,12.512493573945038
insert,5843,247089,1.629999997021514e-05,16,12.512740462803498
insert,5844,499398,1.7500000012660166e-05,12,12.51298730941902
insert,5845,313370,1.8400000044493936e-05,17,12.513234113806053
insert,5846,82791,1.3200000012147939e-05,13,12.513480875979045
insert,5847,413983,1.4199999895936344e-05,14,12.513727595952437
insert,5848,946631,1.3100000160193304e-05,13,12.513974273740658
insert,5849,895421,1.430000020263833e-05,14,12.51422090935813
insert,5850,749004,1.5099999927770114e-05,15,12.514467502819269
insert,5851,36416,1.3100000160193304e-05,13,12.514714054138487
insert,5852,526492,1.6200000118260505e-05,16,12.514960563330183
insert,5853,598968,1.5099999927770114e-05,15,12.515207030408751
insert,5854,944196,1.5799999800947262e-05,16,12.515453455388577
insert,5855,541923,1.5899999652901897e-05,16,12.515699838284043
insert,5856,839334,1.650000012887176e-05,16,12.515946179109518
insert,5857,599246,1.7700000171316788e-05,18,12.516192477879367
insert,5858,710447,1.5899999652901897e-05,16,12.516438734607949
insert,5859,650404,1.650000012887176e-05,14,12.51668494930961
insert,5860,154611,1.2999999853491317e-05,13,12.516931121998697
insert,5861,126125,1.3999999737279722e-05,14,12.51717725268954
insert,5862,995366,1.2399999832268804e-05,12,12.517423341396473
insert,5863,793970,1.5300000086426735e-05,15,12.517669388133811
insert,5864,470853,1.6599999980826396e-05,16,12.51791539291587
insert,5865,181277,1.3099999705445953e-05,13,12.518161355756956
insert,5866,995164,1.2700000297627412e-05,13,12.518407276671365
insert,5867,175285,1.5300000086426735e-05,15,12.51865315567339
insert,5868,222183,1.610000026630587e-05,16,12.518898992777315
insert,5869,847733,1.4899999769113492e-05,15,12.519144787997414
insert,5870,202088,1.52000002344721e-05,15,12.51939054134796
insert,5871,132316,1.5300000086426735e-05,13,12.519636252843213
insert,5872,44749,1.4299999747890979e-05,14,12.519881922497428
insert,5873,443941,1.2900000001536682e-05,13,12.520127550324851
insert,5874,82176,1.2999999853491317e-05,13,12.520373136339725
insert,5875,716309,1.4899999769113492e-05,15,12.52061868055628
insert,5876,456543,1.1799999811046291e-05,12,12.520864182988744
insert,5877,211728,1.5999999959603883e-05,16,12.521109643651332
insert,5878,862521,1.629999997021514e-05,16,12.521355062558259
insert,5879,657695,1.3000000308238668e-05,13,12.521600439723727
insert,5880,155062,1.4899999769113492e-05,15,12.521845775161932
insert,5881,874626,1.2099999821657548e-05,12,12.522091068887065
insert,5882,623953,1.7500000012660166e-05,17,12.522336320913306
insert,5883,270414,1.2900000001536682e-05,13,12.52258153125483
insert,5884,335282,1.4100000043981709e-05,14,12.522826699925806
insert,5885,955048,1.5500000245083356e-05,15,12.523071826940395
insert,5886,762423,1.5099999927770114e-05,15,12.523316912312747
insert,5887,958581,1.3800000033370452e-05,13,12.523561956057012
insert,5888,846562,1.3900000340072438e-05,14,12.523806958187327
insert,5889,70268,1.3200000012147939e-05,13,12.524051918717824
insert,5890,91255,1.44999999065476e-05,14,12.524296837662625
insert,5891,406952,1.6599999980826396e-05,16,12.524541715035848
insert,5892,583391,1.3300000318849925e-05,13,12.524786550851607
insert,5893,416657,1.2900000001536682e-05,13,12.525031345124
insert,5894,578871,1.4899999769113492e-05,15,12.525276097867126
insert,5895,341969,1.5300000086426735e-05,15,12.52552080909507
insert,5896,898236,1.3200000012147939e-05,13,12.525765478821915
insert,5897,289618,1.5299999631679384e-05,15,12.526010107061737
insert,5898,544933,1.7800000023271423e-05,17,12.5262546938286
insert,5899,480413,1.649999967412441e-05,16,12.526499239136566
insert,5900,961714,1.6599999980826396e-05,16,12.526743742999686
insert,5901,915896,1.5799999800947262e-05,15,12.526988205432007
insert,5902,12965,1.699999984339229e-05,13,12.527232626447567
insert,5903,824759,1.849999989644857e-05,16,12.527477006060396
insert,5904,734436,1.5300000086426735e-05,15,12.527721344284519
insert,5905,653324,1.3800000033370452e-05,14,12.527965641133955
insert,5906,616119,1.9099999917671084e-05,14,12.52820989662271
insert,5907,547946,1.3100000160193304e-05,13,12.52845411076479
insert,5908,819657,1.5999999959603883e-05,16,12.528698283574188
insert,5909,439977,1.539999993838137e-05,15,12.528942415064895
insert,5910,117985,1.4000000192027073e-05,14,12.529186505250891
insert,5911,434575,1.3000000308238668e-05,13,12.52943055414615
insert,5912,156912,1.2900000001536682e-05,13,12.529674561764642
insert,5913,155399,1.3700000181415817e-05,14,12.529918528120325
insert,5914,594117,1.629999997021514e-05,16,12.53016245322715
insert,5915,616494,7.289999985005124e-05,16,12.530406337099068
insert,5916,610982,1.3500000022759195e-05,13,12.530650179750014
insert,5917,795217,1.6599999980826396e-05,16,12.530893981193922
insert,5918,985295,1.359999987471383e-05,13,12.531137741444715
insert,5919,105072,1.3200000012147939e-05,13,12.531381460516313
insert,5920,969858,1.3200000012147939e-05,13,12.531625138422624
insert,5921,110767,1.4000000192027073e-05,14,12.531868775177553
insert,5922,590017,1.3699999726668466e-05,14,12.532112370794998
insert,5923,817412,1.7500000012660166e-05,17,12.532355925288847
insert,5924,105897,1.250000013897079e-05,13,12.532599438672984
insert,5925,823915,1.609999981155852e-05,16,12.532842910961282
insert,5926,299991,1.539999993838137e-05,15,12.533086342167612
insert,5927,909614,2.5800000003073364e-05,16,12.533329732305834
insert,5928,561653,2.4399999801971717e-05,16,12.533573081389802
insert,5929,922890,1.3200000012147939e-05,13,12.533816389433365
insert,5930,360573,1.5300000086426735e-05,15,12.534059656450363
insert,5931,920539,1.2900000001536682e-05,13,12.53430288245463
insert,5932,430850,1.3200000012147939e-05,13,12.534546067459992
insert,5933,276968,1.650000012887176e-05,16,12.534789211480266
insert,5934,401651,1.650000012887176e-05,16,12.53503231452927
insert,5935,686595,2.029999996011611e-05,16,12.535275376620802
insert,5936,509173,1.6699999832781032e-05,16,12.535518397768667
insert,5937,599810,1.7300000308750896e-05,17,12.535761377986656
insert,5938,638544,1.5000000075815478e-05,15,12.53600431728855
insert,5939,496026,1.539999993838137e-05,15,12.536247215688128
insert,5940,39286,1.6699999832781032e-05,16,12.536490073199161
insert,5941,180565,1.5799999800947262e-05,15,12.536732889835415
insert,5942,288793,1.539999993838137e-05,15,12.536975665610642
insert,5943,422549,1.1800000265793642e-05,12,12.537218400538595
insert,5944,150841,5.0999999984924216e-05,13,12.537461094633018
insert,5945,648277,1.5900000107649248e-05,15,12.537703747907644
insert,5946,638222,1.430000020263833e-05,13,12.537946360376203
insert,5947,713885,2.0599999970727367e-05,14,12.53818893205242
insert,5948,727357,1.7300000308750896e-05,17,12.538431462950005
insert,5949,421234,1.539999993838137e-05,15,12.538673953082668
insert,5950,40667,1.699999984339229e-05,16,12.538916402464112
insert,5951,415019,1.3000000308238668e-05,13,12.539158811108031
insert,5952,932787,1.5699999948992627e-05,15,12.539401179028113
insert,5953,921654,1.2900000001536682e-05,13,12.539643506238036
insert,5954,347597,1.6399999822169775e-05,16,12.539885792751477
insert,5955,724057,1.3799999578623101e-05,14,12.5401280385821
insert,5956,249120,1.3300000318849925e-05,13,12.540370243743567
insert,5957,51686,2.5499999992462108e-05,16,12.54061240824953
insert,5958,781976,1.2599999990925426e-05,12,12.540854532113636
insert,5959,498303,1.4199999895936344e-05,14,12.541096615349524
insert,5960,965566,1.3899999885325087e-05,12,12.541338657970826
insert,5961,281632,2.4899999971239595e-05,16,12.541580659991169
insert,5962,940606,1.739999970595818e-05,17,12.54182262142417
insert,5963,390533,1.6599999980826396e-05,16,12.542064542283443
insert,5964,21216,1.4600000213249587e-05,14,12.542306422582591
insert,5965,354279,1.6400000276917126e-05,16,12.542548262335213
insert,5966,857092,1.6699999832781032e-05,16,12.5427900615549
insert,5967,832205,1.7800000023271423e-05,17,12.543031820255237
insert,5968,317777,1.7800000023271423e-05,17,12.543273538449803
insert,5969,326054,1.3800000033370452e-05,14,12.543515216152167
insert,5970,293965,1.5100000382517464e-05,15,12.543756853375895
insert,5971,883789,1.2900000001536682e-05,13,12.543998450134541
insert,5972,515501,1.430000020263833e-05,14,12.544240006441658
insert,5973,899925,1.430000020263833e-05,14,12.544481522310791
insert,5974,730001,1.4000000192027073e-05,14,12.544722997755473
insert,5975,718120,1.5300000086426735e-05,15,12.544964432789238
insert,5976,102989,1.2800000149582047e-05,13,12.545205827425605
insert,5977,911108,1.5299999631679384e-05,15,12.545447181678094
insert,5978,239031,1.4900000223860843e-05,15,12.545688495560213
insert,5979,140914,1.3200000012147939e-05,13,12.545929769085468
insert,5980,315077,1.7699999716569437e-05,17,12.54617100226735
insert,5981,779851,1.539999993838137e-05,15,12.546412195119352
insert,5982,464636,1.7500000012660166e-05,17,12.546653347654956
insert,5983,811631,1.2900000001536682e-05,13,12.546894459887637
insert,5984,865939,1.2900000001536682e-05,13,12.547135531830865
insert,5985,336455,1.3999999737279722e-05,14,12.547376563498101
insert,5986,282508,1.2799999694834696e-05,13,12.547617554902802
insert,5987,764202,2.170000016121776e-05,15,12.547858506058416
insert,5988,437018,1.6599999980826396e-05,16,12.548099416978387
insert,5989,634367,1.3899999885325087e-05,14,12.548340287676147
insert,5990,676914,1.4000000192027073e-05,14,12.548581118165128
insert,5991,93625,1.4100000043981709e-05,14,12.548821908458752
insert,5992,197065,1.3299999864102574e-05,13,12.54906265857043
insert,5993,463174,1.560000009703799e-05,15,12.549303368513575
insert,5994,221660,1.6200000118260505e-05,16,12.549544038301587
insert,5995,957804,1.1999999969702912e-05,12,12.54978466794786
insert,5996,863995,1.610000026630587e-05,16,12.550025257465784
insert,5997,426950,1.1799999811046291e-05,12,12.55026580686874
insert,5998,776937,1.2099999821657548e-05,12,12.550506316170104
insert,5999,507994,1.4100000043981709e-05,14,12.550746785383243
insert,6000,796387,1.539999993838137e-05,15,12.55098721452152
insert,6001,541591,1.4000000192027073e-05,14,12.551227603598289
insert,6002,909314,1.5099999927770114e-05,15,12.551467952626897
insert,6003,392074,1.2199999673612183e-05,12,12.55170826162069
insert,6004,860900,1.5900000107649248e-05,16,12.551948530592997
insert,6005,58937,1.4400000054592965e-05,14,12.55218875955715
insert,6006,540300,1.3500000022759195e-05,14,12.55242894852647
insert,6007,829938,1.52000002344721e-05,15,12.552669097514272
insert,6008,166695,1.5300000086426735e-05,15,12.552909206533863
insert,6009,68805,1.3100000160193304e-05,13,12.553149275598548
insert,6010,326237,1.3899999885325087e-05,14,12.553389304721618
insert,6011,744038,1.6899999991437653e-05,17,12.553629293916364
insert,6012,531414,1.3600000329461182e-05,14,12.553869243196068
insert,6013,422980,1.160000010713702e-05,12,12.554109152574004
insert,6014,142240,1.5000000075815478e-05,15,12.55434902206344
insert,6015,818431,1.3900000340072438e-05,14,12.554588851677638
insert,6016,892648,1.3099999705445953e-05,13,12.554828641429854
insert,6017,549754,1.4199999895936344e-05,14,12.555068391333338
insert,6018,922048,1.2800000149582047e-05,13,12.555308101401328
insert,6019,596297,1.5699999948992627e-05,14,12.555547771647065
insert,6020,30355,1.8900000213761814e-05,13,12.555787402083773
insert,6021,182177,1.6800000139483018e-05,16,12.556026992724677
insert,6022,202128,1.3099999705445953e-05,13,12.556266543582993
insert,6023,917694,2.2600000193051528e-05,16,12.556506054671928
insert,6024,873391,1.560000009703799e-05,15,12.556745526004686
insert,6025,210478,1.7300000308750896e-05,17,12.556984957594462
insert,6026,877634,1.6800000139483018e-05,16,12.557224349454447
insert,6027,60427,1.4299999747890979e-05,14,12.557463701597824
insert,6028,261610,1.430000020263833e-05,14,12.557703014037767
insert,6029,34678,1.560000009703799e-05,13,12.557942286787448
insert,6030,478622,1.3200000012147939e-05,13,12.558181519860028
insert,6031,53016,1.539999993838137e-05,15,12.558420713268664
insert,6032,962626,1.3100000160193304e-05,13,12.558659867026508
insert,6033,377881,1.52000002344721e-05,15,12.558898981146703
insert,6034,738863,1.5999999959603883e-05,16,12.559138055642384
insert,6035,208782,1.4900000223860843e-05,15,12.559377090526683
insert,6036,287287,1.650000012887176e-05,16,12.559616085812724
insert,6037,386245,1.609999981155852e-05,16,12.559855041513625
insert,6038,863509,1.1899999663000926e-05,12,12.560093957642495
insert,6039,486769,1.4099999589234358e-05,14,12.560332834212442
insert,6040,529664,1.2299999980314169e-05,12,12.56057167123656
insert,6041,416225,1.3200000012147939e-05,13,12.56081046872794
insert,6042,666276,1.6599999980826396e-05,16,12.561049226699671
insert,6043,967913,1.2299999980314169e-05,12,12.561287945164828
insert,6044,129891,1.3200000012147939e-05,13,12.561526624136485
insert,6045,714264,1.3999999737279722e-05,14,12.561765263627708
insert,6046,32048,1.2900000001536682e-05,13,12.562003863651553
insert,6047,390560,1.6800000139483018e-05,16,12.562242424221072
insert,6048,512531,1.3799999578623101e-05,14,12.562480945349316
insert,6049,622900,1.5900000107649248e-05,16,12.56271942704932
insert,6050,467774,1.560000009703799e-05,16,12.562957869334118
insert,6051,186210,1.5099999927770114e-05,15,12.563196272216738
insert,6052,912766,1.3300000318849925e-05,13,12.563434635710198
insert,6053,497636,1.3899999885325087e-05,14,12.563672959827514
insert,6054,615389,1.5099999927770114e-05,15,12.563911244581691
insert,6055,578116,1.2700000297627412e-05,13,12.564149489985732
insert,6056,366750,1.4100000043981709e-05,14,12.564387696052629
insert,6057,360972,1.4400000054592965e-05,14,12.564625862795372
insert,6058,171457,1.1799999811046291e-05,12,12.564863990226941
insert,6059,878344,1.609999981155852e-05,16,12.565102078360313
insert,6060,937943,1.609999981155852e-05,16,12.565340127208454
insert,6061,271225,1.2800000149582047e-05,13,12.565578136784328
insert,6062,785343,1.44999999065476e-05,14,12.565816107100892
insert,6063,871231,1.5499999790336005e-05,15,12.566054038171092
insert,6064,722313,1.5799999800947262e-05,16,12.566291930007873
insert,6065,94783,1.7299999854003545e-05,17,12.56652978262417
insert,6066,298917,1.3100000160193304e-05,13,12.566767596032916
insert,6067,28784,1.2900000001536682e-05,13,12.567005370247033
insert,6068,405344,1.3200000012147939e-05,13,12.56724310527944
insert,6069,52063,1.4900000223860843e-05,15,12.567480801143045
insert,6070,170821,1.3700000181415817e-05,14,12.567718457850754
insert,6071,895297,1.629999997021514e-05,16,12.567956075415466
insert,6072,600057,1.7699999716569437e-05,15,12.568193653850074
insert,6073,817712,1.6200000118260505e-05,16,12.56843119316746
insert,6074,224730,1.3899999885325087e-05,14,12.568668693380506
insert,6075,898747,1.3699999726668466e-05,14,12.568906154502084
insert,6076,232104,1.5900000107649248e-05,16,12.56914357654506
insert,6077,678828,1.4100000043981709e-05,14,12.569380959522295
insert,6078,236048,1.4100000043981709e-05,14,12.569618303446642
insert,6079,710615,1.3899999885325087e-05,14,12.569855608330947
insert,6080,216774,1.6899999991437653e-05,17,12.570092874188056
insert,6081,282155,1.3999999737279722e-05,14,12.570330101030798
insert,6082,683239,6.309999980658176e-05,15,12.570567288872004
insert,6083,429400,2.480000011928496e-05,13,12.570804437724497
insert,6084,538215,2.009999980145949e-05,13,12.57104154760109
insert,6085,21027,1.990000009755022e-05,14,12.571278618514595
insert,6086,906631,2.3099999907572055e-05,16,12.571515650477815
insert,6087,818208,2.230000018244027e-05,17,12.571752643503546
insert,6088,804859,1.920000022437307e-05,15,12.571989597604578
insert,6089,715339,1.880000036180718e-05,15,12.572226512793694
insert,6090,9331,2.370000038354192e-05,15,12.572463389083676
insert,6091,497127,2.210000002378365e-05,14,12.572700226487292
insert,6092,955794,1.8900000213761814e-05,14,12.572937025017309
insert,6093,138742,1.939999992828234e-05,15,12.573173784686485
insert,6094,678819,3.0700000024808105e-05,16,12.573410505507574
insert,6095,181615,2.0199999653414125e-05,15,12.573647187493322
insert,6096,630344,1.7299999854003545e-05,14,12.573883830656468
insert,6097,839768,2.0500000118772732e-05,16,12.574120435009748
insert,6098,8875,1.6899999991437653e-05,14,12.57435700056589
insert,6099,234640,1.900000006571645e-05,15,12.57459352733761
insert,6100,264651,1.6800000139483018e-05,14,12.57483001533763
insert,6101,637895,1.83000001925393e-05,15,12.575066464578656
insert,6102,844194,1.810000003388268e-05,15,12.57530287507339
insert,6103,988813,1.7300000308750896e-05,14,12.57553924683453
insert,6104,320298,2.1400000150606502e-05,16,12.575775579874765
insert,6105,747363,1.880000036180718e-05,15,12.57601187420678
insert,6106,743827,1.809999957913533e-05,15,12.576248129843252
insert,6107,673963,1.699999984339229e-05,14,12.576484346796851
insert,6108,288756,1.560000009703799e-05,13,12.576720525080246
insert,6109,444394,1.6899999991437653e-05,14,12.576956664706092
insert,6110,938982,1.5800000255694613e-05,13,12.577192765687045
insert,6111,394764,1.6400000276917126e-05,13,12.57742882803575
insert,6112,892953,1.5699999948992627e-05,13,12.577664851764846
insert,6113,365649,1.919999976962572e-05,15,12.57790083688697
insert,6114,264240,1.9100000372418435e-05,14,12.578136783414749
insert,6115,228809,1.6599999980826396e-05,14,12.578372691360805
insert,6116,489369,1.6800000139483018e-05,14,12.578608560737752
insert,6117,316823,1.8500000351195922e-05,15,12.578844391558203
insert,6118,710092,2.119999999194988e-05,17,12.579080183834757
insert,6119,545929,1.6800000139483018e-05,14,12.579315937580015
insert,6120,864353,1.5700000403739978e-05,13,12.579551652806565
insert,6121,653899,1.6699999832781032e-05,14,12.579787329526992
insert,6122,416445,1.7100000150094274e-05,14,12.580022967753875
insert,6123,612880,2.0199999653414125e-05,16,12.580258567499788
insert,6124,107283,1.4400000054592965e-05,12,12.580494128777296
insert,6125,7705,1.8400000044493936e-05,15,12.580729651598958
insert,6126,536362,2.2600000193051528e-05,13,12.58096513597733
insert,6127,694531,2.66000001829525e-05,14,12.581200581924957
insert,6128,884248,2.0700000277429353e-05,17,12.581435989454384
insert,6129,880153,1.9499999780236976e-05,16,12.581671358578143
insert,6130,392409,1.7100000150094274e-05,14,12.581906689308767
insert,6131,588731,1.8400000044493936e-05,15,12.582141981658777
insert,6132,678788,1.9099999917671084e-05,16,12.582377235640692
insert,6133,622616,1.6700000287528383e-05,14,12.58261245126702
insert,6134,638636,1.7899999875226058e-05,15,12.582847628550267
insert,6135,296409,1.8600000203150557e-05,15,12.583082767502933
insert,6136,312975,1.7700000171316788e-05,15,12.58331786813751
insert,6137,717660,2.27999998969608e-05,17,12.583552930466485
insert,6138,113356,1.7899999875226058e-05,15,12.583787954502338
insert,6139,505140,1.7899999875226058e-05,15,12.584022940257542
insert,6140,66939,1.8199999885837315e-05,15,12.584257887744567
insert,6141,352619,1.720000000204891e-05,14,12.584492796975875
insert,6142,289914,1.4999999621068127e-05,13,12.584727667963922
insert,6143,671713,2.1400000150606502e-05,17,12.584962500721156
insert,6144,340931,1.6599999980826396e-05,13,12.585197295260024
insert,6145,903340,1.9799999790848233e-05,15,12.585432051592962
insert,6146,290335,1.539999993838137e-05,13,12.585666769732402
insert,6147,273833,1.6700000287528383e-05,16,12.585901449690772
insert,6148,687992,1.5000000075815478e-05,15,12.586136091480487
insert,6149,745636,1.6800000139483018e-05,17,12.586370695113965
insert,6150,998442,1.5300000086426735e-05,15,12.58660526060361
insert,6151,935722,1.3999999737279722e-05,14,12.586839787961827
insert,6152,683113,1.4000000192027073e-05,14,12.587074277201008
insert,6153,313306,1.7899999875226058e-05,17,12.587308728333545
insert,6154,197510,1.340000017080456e-05,13,12.58754314137182
insert,6155,157213,1.6599999980826396e-05,16,12.58777751632821
insert,6156,542422,1.629999997021514e-05,16,12.588011853215088
insert,6157,802659,2.0399999812070746e-05,16,12.588246152044817
insert,6158,251975,1.8399999589746585e-05,15,12.588480412829758
insert,6159,943391,5.340000006981427e-05,14,12.588714635582264
insert,6160,59533,1.4600000213249587e-05,14,12.58894882031468
insert,6161,844555,1.900000006571645e-05,18,12.589182967039351
insert,6162,898961,1.3099999705445953e-05,13,12.58941707576861
insert,6163,841340,1.7299999854003545e-05,17,12.589651146514786
insert,6164,849377,1.3999999737279722e-05,14,12.589885179290201
insert,6165,629181,1.720000000204891e-05,17,12.590119174107175
insert,6166,423728,1.44999999065476e-05,14,12.590353130978018
insert,6167,692617,1.6200000118260505e-05,16,12.590587049915035
insert,6168,335110,1.6400000276917126e-05,16,12.590820930930525
insert,6169,713825,1.8799999907059828e-05,17,12.591054774036781
insert,6170,146727,1.7099999695346924e-05,16,12.59128857924609
insert,6171,756321,1.5500000245083356e-05,15,12.591522346570734
insert,6172,26692,1.2299999980314169e-05,12,12.59175607602299
insert,6173,687238,1.4000000192027073e-05,14,12.591989767615125
insert,6174,521534,1.3200000012147939e-05,13,12.592223421359403
insert,6175,309964,1.75999998646148e-05,17,12.59245703726808
insert,6176,272029,1.1999999969702912e-05,12,12.59269061535341
insert,6177,950966,1.2999999853491317e-05,13,12.592924155627637
insert,6178,438898,1.5499999790336005e-05,15,12.593157658103003
insert,6179,424253,1.2699999842880061e-05,13,12.593391122791736
insert,6180,407136,1.7300000308750896e-05,17,12.593624549706071
insert,6181,772520,1.4100000043981709e-05,14,12.593857938858223
insert,6182,37035,1.990000009755022e-05,14,12.594091290260412
insert,6183,611345,1.6399999822169775e-05,14,12.594324603924848
insert,6184,742465,1.5000000075815478e-05,15,12.594557879863732
insert,6185,599830,1.4799999917158857e-05,15,12.594791118089265
insert,6186,855654,1.6400000276917126e-05,16,12.595024318613637
insert,6187,199141,1.4600000213249587e-05,14,12.595257481449035
insert,6188,359837,1.5299999631679384e-05,15,12.59549060660764
insert,6189,761843,1.539999993838137e-05,14,12.595723694101627
insert,6190,748022,3.150000020468724e-05,15,12.595956743943162
insert,6191,233165,2.1400000150606502e-05,15,12.59618975614441
insert,6192,719657,1.650000012887176e-05,16,12.596422730717526
insert,6193,560606,1.340000017080456e-05,13,12.596655667674662
insert,6194,669321,1.5000000075815478e-05,15,12.596888567027964
insert,6195,823025,1.560000009703799e-05,15,12.597121428789569
insert,6196,498845,1.2400000287016155e-05,12,12.59735425297161
insert,6197,950562,1.4299999747890979e-05,14,12.597587039586216
insert,6198,986362,1.7099999695346924e-05,16,12.597819788645507
insert,6199,704506,1.900000006571645e-05,16,12.5980525001616
insert,6200,375912,1.75999998646148e-05,13,12.598285174146604
insert,6201,314778,2.6000000161729986e-05,16,12.598517810612622
insert,6202,886487,1.809999957913533e-05,17,12.598750409571753
insert,6203,178244,1.3299999864102574e-05,13,12.59898297103609
insert,6204,881474,1.3800000033370452e-05,14,12.599215495017718
insert,6205,689559,1.740000016070553e-05,17,12.59944798152872
insert,6206,919072,1.3200000012147939e-05,13,12.599680430581166
insert,6207,585366,1.4799999917158857e-05,14,12.599912842187127
insert,6208,189935,1.4600000213249587e-05,14,12.600145216358667
insert,6209,308055,1.2800000149582047e-05,13,12.600377553107844
insert,6210,102345,1.6600000435573747e-05,16,12.600609852446706
insert,6211,493650,1.2999999853491317e-05,13,12.600842114387302
insert,6212,134160,1.650000012887176e-05,16,12.601074338941668
insert,6213,776910,1.3099999705445953e-05,13,12.60130652612184
insert,6214,271217,1.650000012887176e-05,16,12.601538675939848
insert,6215,760414,1.3899999885325087e-05,14,12.60177078840771
insert,6216,847610,1.8600000203150557e-05,18,12.602002863537445
insert,6217,586188,1.6399999822169775e-05,16,12.602234901341063
insert,6218,799978,1.6700000287528383e-05,16,12.60246690183057
insert,6219,956957,1.1900000117748277e-05,12,12.602698865017965
insert,6220,191962,1.2800000149582047e-05,13,12.60293079091524
insert,6221,992922,1.2400000287016155e-05,12,12.603162679534382
insert,6222,712731,1.6399999822169775e-05,16,12.603394530887375
insert,6223,943290,1.4100000043981709e-05,14,12.603626344986193
insert,6224,351937,1.4299999747890979e-05,14,12.603858121842805
insert,6225,686225,1.3899999885325087e-05,14,12.60408986146918
insert,6226,93638,1.720000000204891e-05,17,12.604321563877273
insert,6227,233050,1.2599999990925426e-05,13,12.604553229079038
insert,6228,372542,1.2800000149582047e-05,13,12.60478485708642
insert,6229,234177,1.650000012887176e-05,16,12.605016447911364
insert,6230,780361,1.4099999589234358e-05,14,12.605248001565803
insert,6231,913763,1.340000017080456e-05,13,12.605479518061669
insert,6232,322003,1.629999997021514e-05,16,12.605710997410885
insert,6233,440898,1.5699999948992627e-05,15,12.605942439625368
insert,6234,826373,1.3999999737279722e-05,14,12.606173844717032
insert,6235,929923,1.3899999885325087e-05,14,12.606405212697785
insert,6236,347412,1.7299999854003545e-05,17,12.606636543579526
insert,6237,389738,1.1900000117748277e-05,12,12.606867837374152
insert,6238,273217,1.1900000117748277e-05,12,12.607099094093552
insert,6239,614016,1.5099999927770114e-05,15,12.60733031374961
insert,6240,308335,1.4799999917158857e-05,15,12.607561496354206
insert,6241,486289,1.4100000043981709e-05,14,12.607792641919211
insert,6242,892563,2.0700000277429353e-05,14,12.608023750456491
insert,6243,123503,1.2800000149582047e-05,13,12.608254821977908
insert,6244,493394,1.5099999927770114e-05,15,12.608485856495319
insert,6245,56285,1.6599999980826396e-05,16,12.608716854020573
insert,6246,908480,1.6400000276917126e-05,15,12.608947814565514
insert,6247,665214,2.0399999812070746e-05,16,12.60917873814198
insert,6248,611923,1.359999987471383e-05,14,12.609409624761803
insert,6249,608503,1.4799999917158857e-05,15,12.609640474436812
insert,6250,990172,1.560000009703799e-05,15,12.609871287178827
insert,6251,650804,1.6000000414351234e-05,16,12.610102062999664
insert,6252,74676,1.4400000054592965e-05,14,12.610332801911134
insert,6253,932631,1.5300000086426735e-05,15,12.610563503925041
insert,6254,203994,1.3200000012147939e-05,13,12.610794169053182
insert,6255,524789,1.2999999853491317e-05,13,12.611024797307353
insert,6256,125637,1.4999999621068127e-05,15,12.611255388699337
insert,6257,909638,1.3200000012147939e-05,13,12.611485943240922
insert,6258,713764,1.4799999917158857e-05,15,12.61171646094388
insert,6259,400210,1.3300000318849925e-05,13,12.61194694181998
insert,6260,555576,1.7299999854003545e-05,17,12.612177385880992
insert,6261,312849,1.75999998646148e-05,17,12.61240779313867
insert,6262,433175,1.4400000054592965e-05,14,12.612638163604771
insert,6263,56689,1.3800000033370452e-05,14,12.612868497291041
insert,6264,913152,1.2200000128359534e-05,12,12.613098794209224
insert,6265,895736,1.739999970595818e-05,17,12.613329054371054
insert,6266,158103,1.3000000308238668e-05,13,12.613559277788264
insert,6267,144038,1.2900000001536682e-05,13,12.61378946447258
insert,6268,210027,1.6199999663513154e-05,16,12.61401961443572
insert,6269,359316,1.6700000287528383e-05,16,12.614249727689401
insert,6270,429069,1.539999993838137e-05,15,12.61447980424533
insert,6271,597063,1.5299999631679384e-05,15,12.614709844115207
insert,6272,936216,1.4000000192027073e-05,14,12.614939847310735
insert,6273,950661,1.7099999695346924e-05,17,12.615169813843602
insert,6274,479799,1.4199999895936344e-05,14,12.615399743725497
insert,6275,150182,1.2900000001536682e-05,13,12.615629636968098
insert,6276,331753,1.629999997021514e-05,16,12.61585949358308
insert,6277,904286,1.1899999663000926e-05,12,12.616089313582115
insert,6278,750433,1.5099999927770114e-05,15,12.616319096976865
insert,6279,189118,1.3200000012147939e-05,13,12.61654884377899
insert,6280,816780,1.539999993838137e-05,15,12.61677855400014
insert,6281,84737,1.3200000012147939e-05,13,12.617008227651965
insert,6282,511266,1.649999967412441e-05,16,12.617237864746105
insert,6283,348788,1.650000012887176e-05,16,12.617467465294196
insert,6284,661686,1.6399999822169775e-05,14,12.61769702930787
insert,6285,185414,1.3299999864102574e-05,13,12.617926556798752
insert,6286,328639,1.3899999885325087e-05,14,12.61815604777846
insert,6287,665321,1.700000029813964e-05,17,12.618385502258606
insert,6288,60832,1.3099999705445953e-05,13,12.618614920250803
insert,6289,4943,1.1999999969702912e-05,12,12.618844301766652
insert,6290,474013,1.7100000150094274e-05,17,12.619073646817748
insert,6291,286815,1.6599999980826396e-05,16,12.619302955415687
insert,6292,219554,1.4199999895936344e-05,14,12.619532227572051
insert,6293,798170,1.5300000086426735e-05,15,12.619761463298424
insert,6294,811118,1.2900000001536682e-05,13,12.619990662606378
insert,6295,176796,1.5300000086426735e-05,15,12.620219825507487
insert,6296,604273,1.4900000223860843e-05,15,12.62044895201331
insert,6297,801620,1.3999999737279722e-05,14,12.62067804213541
insert,6298,166132,1.2800000149582047e-05,13,12.620907095885338
insert,6299,513359,1.2599999990925426e-05,13,12.621136113274641
insert,6300,823354,1.3800000033370452e-05,14,12.621365094314863
insert,6301,800661,1.2799999694834696e-05,13,12.62159403901754
insert,6302,817630,1.560000009703799e-05,16,12.621822947394202
insert,6303,92319,1.609999981155852e-05,16,12.622051819456376
insert,6304,135692,1.4200000350683695e-05,14,12.622280655215583
insert,6305,644329,4.170000011072261e-05,15,12.622509454683335
insert,6306,454780,1.3299999864102574e-05,13,12.622738217871143
insert,6307,664260,1.7800000023271423e-05,17,12.62296694479051
insert,6308,450269,1.609999981155852e-05,16,12.623195635452936
insert,6309,422989,2.27999998969608e-05,14,12.623424289869911
insert,6310,449866,1.2700000297627412e-05,13,12.623652908052925
insert,6311,500591,1.4100000043981709e-05,14,12.623881490013458
insert,6312,401937,1.650000012887176e-05,16,12.624110035762989
insert,6313,4896,1.4000000192027073e-05,14,12.624338545312986
insert,6314,39558,1.3200000012147939e-05,13,12.624567018674915
insert,6315,559712,1.650000012887176e-05,16,12.624795455860237
insert,6316,209101,1.75999998646148e-05,17,12.625023856880407
insert,6317,766152,1.5499999790336005e-05,15,12.625252221746873
insert,6318,391226,1.5500000245083356e-05,15,12.62548055047108
insert,6319,996220,1.4100000043981709e-05,14,12.625708843064466
insert,6320,14761,1.4800000371906208e-05,15,12.625937099538461
insert,6321,935337,1.3800000033370452e-05,13,12.626165319904498
insert,6322,337865,1.5499999790336005e-05,15,12.626393504173995
insert,6323,793613,1.6899999991437653e-05,16,12.62662165235837
insert,6324,873704,1.629999997021514e-05,16,12.626849764469036
insert,6325,556830,1.629999997021514e-05,16,12.627077840517394
insert,6326,199835,1.4400000054592965e-05,14,12.627305880514848
insert,6327,18787,1.5100000382517464e-05,12,12.627533884472792
insert,6328,709622,1.4000000192027073e-05,14,12.627761852402616
insert,6329,4325,1.1500000255182385e-05,12,12.627989784315703
insert,6330,657129,1.5099999927770114e-05,15,12.628217680223434
insert,6331,769239,1.359999987471383e-05,14,12.62844554013718
insert,6332,260910,1.7800000023271423e-05,17,12.628673364068312
insert,6333,237257,1.6199999663513154e-05,16,12.62890115202819
insert,6334,727214,1.740000016070553e-05,17,12.629128904028171
insert,6335,919586,1.2800000149582047e-05,13,12.62935662007961
insert,6336,361077,1.4600000213249587e-05,14,12.62958430019385
insert,6337,327253,1.3899999885325087e-05,14,12.629811944382233
insert,6338,135194,1.4900000223860843e-05,15,12.630039552656097
insert,6339,107698,1.3900000340072438e-05,14,12.63026712502677
insert,6340,402182,1.5899999652901897e-05,16,12.630494661505578
insert,6341,527787,1.2999999853491317e-05,13,12.63072216210384
insert,6342,617266,1.6400000276917126e-05,16,12.63094962683287
insert,6343,320985,1.3800000033370452e-05,14,12.63117705570398
insert,6344,175134,1.4100000043981709e-05,14,12.631404448728468
insert,6345,68459,1.2799999694834696e-05,13,12.631631805917637
insert,6346,863863,1.2999999853491317e-05,13,12.63185912728278
insert,6347,47940,1.2999999853491317e-05,13,12.632086412835182
insert,6348,312688,1.629999997021514e-05,16,12.632313662586126
insert,6349,994536,1.920000022437307e-05,16,12.63254087654689
insert,6350,304956,1.4199999895936344e-05,14,12.632768054728746
insert,6351,478074,1.2999999853491317e-05,13,12.632995197142957
insert,6352,763188,1.720000000204891e-05,17,12.633222303800789
insert,6353,545562,1.4100000043981709e-05,14,12.633449374713493
insert,6354,625340,1.5999999959603883e-05,16,12.63367640989232
insert,6355,549578,1.5899999652901897e-05,16,12.63390340934852
insert,6356,354246,1.4100000043981709e-05,14,12.634130373093326
insert,6357,454731,1.4900000223860843e-05,15,12.634357301137976
insert,6358,931109,1.2999999853491317e-05,13,12.6345841934937
insert,6359,720142,1.5799999800947262e-05,16,12.634811050171718
insert,6360,140289,1.3100000160193304e-05,13,12.635037871183252
insert,6361,359382,1.4999999621068127e-05,15,12.635264656539514
insert,6362,945170,1.75999998646148e-05,17,12.635491406251711
insert,6363,513990,1.1999999969702912e-05,12,12.635718120331047
insert,6364,376702,1.5099999927770114e-05,15,12.63594479878872
insert,6365,786554,1.650000012887176e-05,16,12.636171441635922
insert,6366,197580,2.1699999706470408e-05,16,12.636398048883837
insert,6367,172893,1.2599999990925426e-05,13,12.63662462054365
insert,6368,994139,1.6199999663513154e-05,16,12.636851156626534
insert,6369,950948,1.6400000276917126e-05,14,12.637077657143664
insert,6370,962809,1.3099999705445953e-05,13,12.637304122106201
insert,6371,851453,2.27999998969608e-05,16,12.637530551525309
insert,6372,422987,1.5300000086426735e-05,15,12.637756945412145
insert,6373,20054,1.3099999705445953e-05,13,12.637983303777853
insert,6374,239514,1.4799999917158857e-05,15,12.638209626633582
insert,6375,235218,1.4599999758502236e-05,15,12.638435913990472
insert,6376,762492,1.8799999907059828e-05,18,12.638662165859655
insert,6377,137580,1.4400000054592965e-05,14,12.638888382252262
insert,6378,221450,1.3899999885325087e-05,14,12.639114563179414
insert,6379,769736,1.4700000065204222e-05,15,12.639340708652231
insert,6380,618338,1.4900000223860843e-05,15,12.639566818681828
insert,6381,529147,1.4299999747890979e-05,12,12.639792893279312
insert,6382,177194,1.2800000149582047e-05,13,12.640018932455785
insert,6383,129145,1.5000000075815478e-05,15,12.640244936222345
insert,6384,384399,1.4200000350683695e-05,14,12.640470904590087
insert,6385,745653,1.7299999854003545e-05,17,12.640696837570093
insert,6386,682142,1.2800000149582047e-05,13,12.64092273517345
insert,6387,830606,1.5300000086426735e-05,15,12.641148597411233
insert,6388,39179,1.52000002344721e-05,15,12.641374424294513
insert,6389,393418,1.4100000043981709e-05,14,12.641600215834357
insert,6390,919124,1.629999997021514e-05,16,12.641825972041826
insert,6391,671426,1.2900000001536682e-05,13,12.642051692927977
insert,6392,268215,1.430000020263833e-05,14,12.64227737850386
insert,6393,808714,1.4199999895936344e-05,14,12.64250302878052
insert,6394,560709,1.4900000223860843e-05,15,12.642728643768999
insert,6395,653405,1.5999999959603883e-05,16,12.642954223480332
insert,6396,50948,1.5300000086426735e-05,15,12.643179767925549
insert,6397,622775,1.3699999726668466e-05,14,12.643405277115674
insert,6398,50291,1.3500000022759195e-05,14,12.643630751061728
insert,6399,694126,1.5000000075815478e-05,15,12.643856189774725
insert,6400,113366,1.2699999842880061e-05,13,12.644081593265675
insert,6401,685316,1.5099999927770114e-05,15,12.644306961545581
insert,6402,876736,1.75999998646148e-05,17,12.644532294625444
insert,6403,20701,1.160000010713702e-05,12,12.644757592516257
insert,6404,50579,1.340000017080456e-05,14,12.644982855229008
insert,6405,723256,1.2900000001536682e-05,13,12.645208082774683
insert,6406,121415,1.2700000297627412e-05,13,12.64543327516426
insert,6407,437021,1.52000002344721e-05,15,12.64565843240871
insert,6408,465898,1.5999999959603883e-05,16,12.645883554519004
insert,6409,398725,1.2400000287016155e-05,12,12.646108641506103
insert,6410,129599,1.3800000033370452e-05,14,12.646333693380967
insert,6411,573868,1.7099999695346924e-05,17,12.646558710154547
insert,6412,265016,1.9300000076327706e-05,17,12.646783691837793
insert,6413,497441,1.939999992828234e-05,17,12.647008638441648
insert,6414,735963,1.3299999864102574e-05,13,12.647233549977045
insert,6415,160566,1.5299999631679384e-05,15,12.64745842645492
insert,6416,215478,1.849999989644857e-05,18,12.647683267886201
insert,6417,728962,1.629999997021514e-05,16,12.647908074281808
insert,6418,719051,1.4000000192027073e-05,14,12.648132845652658
insert,6419,660930,1.4000000192027073e-05,14,12.648357582009666
insert,6420,9757,1.2900000001536682e-05,13,12.648582283363735
insert,6421,315744,1.5199999779724749e-05,15,12.64880694972577
insert,6422,441316,1.2999999853491317e-05,13,12.649031581106666
insert,6423,693806,1.52000002344721e-05,15,12.649256177517314
insert,6424,105886,1.650000012887176e-05,16,12.649480738968602
insert,6425,694664,1.2699999842880061e-05,13,12.649705265471413
insert,6426,545584,1.6599999980826396e-05,17,12.649929757036618
insert,6427,283092,1.2800000149582047e-05,13,12.650154213675094
insert,6428,653051,2.5899999855028e-05,17,12.650378635397704
insert,6429,635054,2.949999998236308e-05,16,12.650603022215309
insert,6430,143827,2.409999979136046e-05,16,12.650827374138768
insert,6431,439171,1.3700000181415817e-05,13,12.651051691178928
insert,6432,871003,2.5299999833805487e-05,14,12.651275973346639
insert,6433,942274,1.650000012887176e-05,16,12.65150022065274
insert,6434,110011,1.3899999885325087e-05,14,12.651724433108065
insert,6435,536436,1.629999997021514e-05,16,12.651948610723446
insert,6436,753682,1.4400000054592965e-05,14,12.65217275350971
insert,6437,647704,1.649999967412441e-05,16,12.652396861477678
insert,6438,123454,1.3099999705445953e-05,13,12.652620934638165
insert,6439,296440,1.4600000213249587e-05,14,12.65284497300198
insert,6440,119551,1.6400000276917126e-05,16,12.65306897657993
insert,6441,822881,1.5499999790336005e-05,15,12.653292945382814
insert,6442,111426,1.2699999842880061e-05,13,12.653516879421431
insert,6443,521918,1.3999999737279722e-05,14,12.653740778706569
insert,6444,208297,1.2200000128359534e-05,12,12.653964643249013
insert,6445,638585,2.1299999843904516e-05,18,12.654188473059545
insert,6446,209453,1.430000020263833e-05,14,12.65441226814894
insert,6447,815750,1.44999999065476e-05,14,12.654636028527968
insert,6448,275770,1.6599999980826396e-05,16,12.654859754207394
insert,6449,871890,1.4400000054592965e-05,14,12.65508344519798
insert,6450,548559,1.699999984339229e-05,17,12.655307101510479
insert,6451,211470,1.610000026630587e-05,16,12.655530723155643
insert,6452,375309,1.340000017080456e-05,13,12.655754310144218
insert,6453,737607,1.629999997021514e-05,16,12.655977862486942
insert,6454,429661,1.560000009703799e-05,13,12.656201380194553
insert,6455,309699,1.3000000308238668e-05,13,12.656424863277781
insert,6456,168164,1.1999999969702912e-05,12,12.65664831174735
insert,6457,41320,1.3500000022759195e-05,13,12.65687172561398
insert,6458,574766,1.4000000192027073e-05,14,12.65709510488839
insert,6459,520466,1.5000000075815478e-05,15,12.657318449581288
insert,6460,954579,1.5099999927770114e-05,15,12.657541759703378
insert,6461,217783,1.720000000204891e-05,17,12.657765035265363
insert,6462,721635,1.3999999737279722e-05,14,12.657988276277939
insert,6463,978452,1.1499999800435035e-05,11,12.658211482751796
insert,6464,504013,1.5000000075815478e-05,15,12.658434654697617
insert,6465,346664,1.3199999557400588e-05,13,12.658657792126085
insert,6466,245897,1.4000000192027073e-05,14,12.658880895047878
insert,6467,2872,1.2900000001536682e-05,13,12.659103963473662
insert,6468,13369,1.3999999737279722e-05,14,12.659326997414105
insert,6469,704259,1.539999993838137e-05,15,12.65954999687987
insert,6470,93327,1.6800000139483018e-05,16,12.659772961881611
insert,6471,950933,1.5999999959603883e-05,16,12.659995892429977
insert,6472,115796,1.2699999842880061e-05,13,12.660218788535618
insert,6473,875805,1.4400000054592965e-05,14,12.660441650209172
insert,6474,602043,1.7700000171316788e-05,17,12.660664477461278
insert,6475,701521,1.3900000340072438e-05,14,12.660887270302567
insert,6476,518106,1.3799999578623101e-05,14,12.66111002874366
insert,6477,156390,1.2999999853491317e-05,13,12.661332752795186
insert,6478,995567,1.4400000054592965e-05,14,12.661555442467758
insert,6479,94459,1.2800000149582047e-05,13,12.661778097771988
insert,6480,817393,1.3800000033370452e-05,14,12.662000718718481
insert,6481,536562,1.5900000107649248e-05,16,12.662223305317841
insert,6482,78694,1.430000020263833e-05,14,12.662445857580664
insert,6483,758712,1.4199999895936344e-05,14,12.66266837551754
insert,6484,758725,1.6000000414351234e-05,16,12.662890859139061
insert,6485,106211,1.5000000075815478e-05,15,12.663113308455806
insert,6486,948730,1.2200000128359534e-05,12,12.663335723478353
insert,6487,268323,1.6200000118260505e-05,16,12.663558104217273
insert,6488,675637,1.3200000012147939e-05,13,12.663780450683134
insert,6489,242390,1.3800000033370452e-05,14,12.6640027628865
insert,6490,478939,2.0699999822682003e-05,16,12.664225040837929
insert,6491,310402,1.4100000043981709e-05,14,12.664447284547972
insert,6492,276956,1.4700000065204222e-05,15,12.664669494027176
insert,6493,486831,1.52000002344721e-05,15,12.664891669286089
insert,6494,52513,1.4099999589234358e-05,14,12.665113810335244
insert,6495,104658,1.2700000297627412e-05,13,12.665335917185176
insert,6496,852680,1.430000020263833e-05,14,12.665557989846414
insert,6497,183189,1.6600000435573747e-05,13,12.665780028329483
insert,6498,916603,1.2199999673612183e-05,12,12.6660020326449
insert,6499,41361,1.6199999663513154e-05,16,12.66622400280318
insert,6500,893648,1.4199999895936344e-05,14,12.66644593881483
insert,6501,304682,1.720000000204891e-05,17,12.666667840690355
insert,6502,377713,1.52000002344721e-05,15,12.666889708440257
insert,6503,840535,1.5099999927770114e-05,15,12.667111542075027
insert,6504,709642,1.539999993838137e-05,15,12.667333341605158
insert,6505,327898,1.3999999737279722e-05,14,12.667555107041132
insert,6506,446689,1.4000000192027073e-05,14,12.66777683839343
insert,6507,774416,1.4000000192027073e-05,14,12.667998535672528
insert,6508,121532,1.3800000033370452e-05,14,12.668220198888895
insert,6509,99614,0.000829500000236294,15,12.668441828052998
insert,6510,892597,1.8400000044493936e-05,17,12.668663423175296
insert,6511,795035,1.5499999790336005e-05,15,12.668884984266247
insert,6512,933539,1.3299999864102574e-05,13,12.6691065113363
insert,6513,48119,1.609999981155852e-05,16,12.669328004395904
insert,6514,10143,1.739999970595818e-05,13,12.669549463455496
insert,6515,893386,1.9899999642802868e-05,17,12.669770888525518
insert,6516,145118,1.4400000054592965e-05,14,12.669992279616398
insert,6517,695579,1.560000009703799e-05,15,12.670213636738564
insert,6518,678637,1.629999997021514e-05,16,12.670434959902439
insert,6519,178796,1.650000012887176e-05,16,12.67065624911844
insert,6520,344626,1.700000029813964e-05,16,12.67087750439698
insert,6521,374895,1.5500000245083356e-05,15,12.671098725748465
insert,6522,937981,1.6599999980826396e-05,16,12.6713199131833
insert,6523,458977,1.3299999864102574e-05,13,12.671541066711884
insert,6524,652012,1.539999993838137e-05,15,12.671762186344608
insert,6525,281343,1.3200000012147939e-05,13,12.671983272091865
insert,6526,921149,1.3900000340072438e-05,14,12.672204323964033
insert,6527,768678,1.4100000043981709e-05,14,12.672425341971495
insert,6528,97467,1.3899999885325087e-05,14,12.672646326124626
insert,6529,390723,1.2999999853491317e-05,13,12.672867276433793
insert,6530,854552,1.4200000350683695e-05,14,12.673088192909363
insert,6531,359371,1.5099999927770114e-05,15,12.673309075561695
insert,6532,191753,1.3100000160193304e-05,13,12.673529924401144
insert,6533,119362,1.740000016070553e-05,17,12.673750739438063
insert,6534,420246,1.2200000128359534e-05,12,12.673971520682796
insert,6535,419693,1.2400000287016155e-05,13,12.674192268145683
insert,6536,478716,1.5299999631679384e-05,15,12.674412981837063
insert,6537,285038,1.5000000075815478e-05,15,12.674633661767267
insert,6538,876304,1.629999997021514e-05,16,12.67485430794662
insert,6539,404453,1.6200000118260505e-05,14,12.675074920385445
insert,6540,723416,1.3100000160193304e-05,13,12.67529549909406
insert,6541,891994,1.5900000107649248e-05,16,12.675516044082778
insert,6542,501477,1.809999957913533e-05,18,12.675736555361906
insert,6543,838755,1.6399999822169775e-05,16,12.67595703294175
insert,6544,442227,1.539999993838137e-05,15,12.676177476832603
insert,6545,680365,1.4199999895936344e-05,14,12.676397887044763
insert,6546,929169,1.2999999853491317e-05,13,12.67661826358852
insert,6547,835621,1.720000000204891e-05,17,12.676838606474153
insert,6548,174881,1.3899999885325087e-05,14,12.677058915711948
insert,6549,118549,1.5900000107649248e-05,16,12.677279191312175
insert,6550,138949,1.4000000192027073e-05,14,12.677499433285107
insert,6551,729988,1.2800000149582047e-05,13,12.677719641641009
insert,6552,761698,1.3899999885325087e-05,14,12.677939816390142
insert,6553,61496,1.539999993838137e-05,15,12.67815995754276
insert,6554,988249,1.539999993838137e-05,15,12.678380065109117
insert,6555,885365,1.7800000023271423e-05,17,12.678600139099458
insert,6556,167139,1.2999999853491317e-05,13,12.678820179524028
insert,6557,108752,1.6200000118260505e-05,16,12.679040186393062
insert,6558,436237,1.4000000192027073e-05,14,12.67926015971679
insert,6559,955491,1.4200000350683695e-05,14,12.679480099505446
insert,6560,619447,1.3800000033370452e-05,14,12.679700005769249
insert,6561,506122,1.4600000213249587e-05,15,12.67991987851842
insert,6562,841236,1.720000000204891e-05,17,12.680139717763172
insert,6563,596581,3.889999970851932e-05,15,12.680359523513713
insert,6564,711347,2.5299999833805487e-05,13,12.68057929578025
insert,6565,459448,2.3300000066228677e-05,14,12.680799034572981
insert,6566,190066,4.3399999867688166e-05,15,12.681018739902102
insert,6567,641019,4.239999998389976e-05,17,12.681238411777805
insert,6568,398198,3.200000037395512e-05,13,12.681458050210274
insert,6569,817013,3.5600000046542846e-05,14,12.681677655209691
insert,6570,376019,3.749999996216502e-05,15,12.681897226786235
insert,6571,641056,4.6300000121846097e-05,18,12.682116764950074
insert,6572,30217,3.369999967617332e-05,13,12.682336269711378
insert,6573,904477,3.710000009959913e-05,15,12.68255574108031
insert,6574,717713,4.03999997615756e-05,15,12.682775179067027
insert,6575,922695,3.1099999887374e-05,13,12.682994583681683
insert,6576,879270,2.809999978126143e-05,13,12.683213954934427
insert,6577,762607,3.580000020519947e-05,16,12.683433292835403
insert,6578,935082,3.300000025774352e-05,15,12.68365259739475
insert,6579,137003,2.7999999929306796e-05,13,12.683871868622603
insert,6580,506546,2.9999999696883606e-05,14,12.684091106529095
insert,6581,965108,2.790000007735216e-05,13,12.68431031112435
insert,6582,511834,3.429999969739583e-05,15,12.684529482418487
insert,6583,118424,3.4499999856052455e-05,16,12.684748620421626
insert,6584,930710,2.770000037344289e-05,13,12.684967725143876
insert,6585,431263,3.040000001419685e-05,14,12.685186796595348
insert,6586,462095,2.7800000225397525e-05,13,12.685405834786142
insert,6587,48206,3.749999996216502e-05,17,12.685624839726355
insert,6588,66413,3.0000000151630957e-05,14,12.685843811426082
insert,6589,274321,3.220000007786439e-05,15,12.686062749895415
insert,6590,686790,3.2500000088475645e-05,15,12.686281655144432
insert,6591,329503,3.8499999845953425e-05,15,12.686500527183219
insert,6592,12961,3.0000000151630957e-05,14,12.686719366021846
insert,6593,738794,3.130000004603062e-05,14,12.686938171670388
insert,6594,910513,2.790000007735216e-05,13,12.687156944138907
insert,6595,710860,3.199999991920777e-05,15,12.687375683437468
insert,6596,550312,3.620000006776536e-05,17,12.687594389576125
insert,6597,804813,3.500000002532033e-05,16,12.687813062564931
insert,6598,779747,3.220000007786439e-05,15,12.688031702413934
insert,6599,604661,3.220000007786439e-05,15,12.688250309133178
insert,6600,758932,2.97000001410197e-05,14,12.688468882732701
insert,6601,592459,2.9799999992974335e-05,14,12.688687423222536
insert,6602,234866,3.479999986666371e-05,16,12.688905930612714
insert,6603,702383,3.259999994043028e-05,15,12.689124404913258
insert,6604,915558,3.310000010969816e-05,13,12.68934284613419
insert,6605,354734,2.8200000087963417e-05,13,12.689561254285525
insert,6606,544316,3.1799999760551145e-05,15,12.689779629377275
insert,6607,548514,3.880000031131203e-05,18,12.689997971419446
insert,6608,721674,3.659999993033125e-05,17,12.690216280422039
insert,6609,734612,3.710000009959913e-05,17,12.690434556395054
insert,6610,648271,3.670000023703324e-05,17,12.690652799348483
insert,6611,99869,2.989999984492897e-05,14,12.690871009292314
insert,6612,453874,3.690000039568986e-05,17,12.691089186236532
insert,6613,693857,3.4499999856052455e-05,16,12.691307330191115
insert,6614,761950,3.389999983482994e-05,16,12.69152544116604
insert,6615,260652,3.699999979289714e-05,17,12.691743519171276
insert,6616,505340,3.169999990859651e-05,15,12.691961564216788
insert,6617,362545,2.990000029967632e-05,14,12.692179576312538
insert,6618,695952,2.5499999992462108e-05,12,12.692397555468485
insert,6619,709148,2.770000037344289e-05,13,12.69261550169458
insert,6620,672562,3.1800000215298496e-05,13,12.69283341500077
insert,6621,403573,3.040000001419685e-05,14,12.693051295397
insert,6622,155876,3.2699999792384915e-05,15,12.693269142893206
insert,6623,879790,2.9799999992974335e-05,14,12.693486957499324
insert,6624,866583,4.740000031233649e-05,17,12.693704739225286
insert,6625,585467,3.219999962311704e-05,15,12.693922488081014
insert,6626,935395,3.229999992981902e-05,15,12.694140204076431
insert,6627,642687,3.680000008898787e-05,17,12.694357887221452
insert,6628,57217,2.97000001410197e-05,14,12.694575537525989
insert,6629,12211,2.9400000130408444e-05,14,12.69479315499995
insert,6630,674653,2.790000007735216e-05,13,12.695010739653238
insert,6631,979760,2.5800000003073364e-05,12,12.69522829149575
insert,6632,164551,2.519999998185085e-05,12,12.695445810537382
insert,6633,530127,3.620000006776536e-05,17,12.695663296788021
insert,6634,890080,3.199999991920777e-05,15,12.695880750257556
insert,6635,492086,3.429999969739583e-05,16,12.696098170955864
insert,6636,893252,3.949999972974183e-05,17,12.69631555889282
insert,6637,519921,3.189999961250578e-05,15,12.6965329140783
insert,6638,911649,3.41999998454412e-05,16,12.696750236522167
insert,6639,173439,2.969999968627235e-05,14,12.696967526234287
insert,6640,78502,2.990000029967632e-05,14,12.697184783224516
insert,6641,787932,3.49000001733657e-05,16,12.697402007502708
insert,6642,515531,3.4499999856052455e-05,16,12.697619199078714
insert,6643,336209,3.0199999855540227e-05,14,12.697836357962377
insert,6644,252594,3.199999991920777e-05,15,12.698053484163538
insert,6645,346969,2.9799999992974335e-05,14,12.698270577692032
insert,6646,52797,2.9599999834317714e-05,14,12.698487638557692
insert,6647,531554,3.870000000461005e-05,18,12.698704666770345
insert,6648,233525,2.7799999770650174e-05,13,12.698921662339814
insert,6649,577237,3.0399999559449498e-05,13,12.699138625275914
insert,6650,674568,2.7999999929306796e-05,13,12.699355555588463
insert,6651,397031,2.9799999992974335e-05,14,12.699572453287269
insert,6652,422867,2.8499999643827323e-05,13,12.699789318382136
insert,6653,856795,2.569999969637138e-05,12,12.700006150882865
insert,6654,246416,3.1799999760551145e-05,15,12.700222950799255
insert,6655,82660,2.9400000130408444e-05,14,12.700439718141093
insert,6656,481396,2.9799999992974335e-05,14,12.700656452918167
insert,6657,465766,3.400000014153193e-05,16,12.700873155140263
insert,6658,840184,3.210000022590975e-05,15,12.701089824817158
insert,6659,600871,3.1799999760551145e-05,15,12.701306461958625
insert,6660,469866,3.149999974993989e-05,15,12.701523066574435
insert,6661,92296,3.690000039568986e-05,17,12.70173963867435
insert,6662,898199,3.4300000152143184e-05,16,12.701956178268137
insert,6663,522670,2.9799999992974335e-05,14,12.702172685365548
insert,6664,468785,3.150000020468724e-05,15,12.702389159976336
insert,6665,331415,2.969999968627235e-05,14,12.702605602110248
insert,6666,124474,2.969999968627235e-05,14,12.702822011777029
insert,6667,781440,3.749999996216502e-05,15,12.703038388986418
insert,6668,685112,3.4499999856052455e-05,15,12.703254733748146
insert,6669,18633,2.9799999992974335e-05,14,12.703471046071947
insert,6670,107630,2.7399999908084283e-05,13,12.703687325967547
insert,6671,423038,2.7599999611993553e-05,13,12.703903573444663
insert,6672,432369,2.5299999833805487e-05,12,12.704119788513017
insert,6673,37573,2.7499999760038918e-05,13,12.704335971182319
insert,6674,584195,2.9599999834317714e-05,14,12.704552121462278
insert,6675,575772,2.9299999823706457e-05,14,12.704768239362599
insert,6676,178,2.7100000352220377e-05,13,12.70498432489298
insert,6677,866029,3.680000008898787e-05,17,12.705200378063116
insert,6678,95311,3.4300000152143184e-05,16,12.705416398882699
insert,6679,830245,2.990000029967632e-05,14,12.705632387361415
insert,6680,633554,3.72999998035084e-05,16,12.705848343508945
insert,6681,649138,2.97000001410197e-05,14,12.70606426733497
insert,6682,668508,2.7200000204175012e-05,13,12.706280158849161
insert,6683,319395,3.710000009959913e-05,16,12.706496018061188
insert,6684,933349,3.240000023652101e-05,15,12.706711844980715
insert,6685,533031,3.169999990859651e-05,15,12.706927639617403
insert,6686,589649,2.9599999834317714e-05,14,12.70714340198091
insert,6687,216900,3.1600000056641875e-05,15,12.707359132080883
insert,6688,686394,2.7300000056129647e-05,13,12.707574829926973
insert,6689,704092,2.769999991869554e-05,13,12.707790495528823
insert,6690,478369,3.1800000215298496e-05,15,12.708006128896072
insert,6691,996520,2.769999991869554e-05,13,12.708221730038353
insert,6692,357412,3.459999970800709e-05,16,12.708437298965297
insert,6693,380993,2.9999999696883606e-05,14,12.708652835686529
insert,6694,56912,3.659999993033125e-05,17,12.708868340211673
insert,6695,856256,2.7499999760038918e-05,13,12.709083812550343
insert,6696,233747,3.239999978177366e-05,15,12.709299252712155
insert,6697,885332,3.420000030018855e-05,16,12.709514660706716
insert,6698,476536,3.680000008898787e-05,17,12.709730036543629
insert,6699,348099,3.429999969739583e-05,16,12.709945380232497
insert,6700,587361,3.480000032141106e-05,15,12.710160691782914
insert,6701,804695,3.0199999855540227e-05,14,12.71037597120447
insert,6702,649864,2.9600000289065065e-05,14,12.710591218506757
insert,6703,629095,3.670000023703324e-05,17,12.710806433699352
insert,6704,496117,3.199999991920777e-05,15,12.711021616791836
insert,6705,751471,3.0000000151630957e-05,14,12.711236767793784
insert,6706,689090,2.97000001410197e-05,14,12.711451886714766
insert,6707,380942,2.9599999834317714e-05,14,12.711666973564347
insert,6708,750690,3.429999969739583e-05,16,12.711882028352088
insert,6709,474515,3.8499999845953425e-05,17,12.712097051087547
insert,6710,119563,3.2899999951041536e-05,14,12.712312041780276
insert,6711,102171,3.779999997277628e-05,16,12.712527000439824
insert,6712,796205,2.7599999611993553e-05,13,12.712741927075735
insert,6713,690918,3.770000012082164e-05,13,12.71295682169755
insert,6714,232519,3.119999973932863e-05,14,12.713171684314805
insert,6715,2304,3.20999997711624e-05,15,12.71338651493703
insert,6716,357939,3.1799999760551145e-05,15,12.713601313573754
insert,6717,372391,2.790000007735216e-05,13,12.713816080234498
insert,6718,870197,2.7600000066740904e-05,13,12.714030814928783
insert,6719,664442,2.9799999992974335e-05,14,12.714245517666123
insert,6720,838770,3.459999970800709e-05,16,12.714460188456027
insert,6721,306167,2.989999984492897e-05,14,12.714674827308002
insert,6722,574296,2.969999968627235e-05,14,12.71488943423155
insert,6723,547342,3.3799999982875306e-05,16,12.715104009236168
insert,6724,392053,2.7600000066740904e-05,13,12.715318552331349
insert,6725,736202,2.989999984492897e-05,14,12.715533063526584
insert,6726,111487,2.9799999992974335e-05,14,12.715747542831355
insert,6727,48002,3.190000006725313e-05,15,12.715961990255144
insert,6728,940444,3.229999992981902e-05,15,12.716176405807428
insert,6729,172130,2.320000021427404e-05,11,12.71639078949768
insert,6730,516343,3.20999997711624e-05,15,12.716605141335364
insert,6731,147272,2.7600000066740904e-05,13,12.71681946132995
insert,6732,861761,3.4499999856052455e-05,16,12.717033749490891
insert,6733,751679,3.66000003850786e-05,17,12.717248005827646
insert,6734,778580,3.259999994043028e-05,15,12.717462230349666
insert,6735,756610,2.769999991869554e-05,13,12.717676423066397
insert,6736,429089,3.4700000014709076e-05,16,12.71789058398728
insert,6737,112158,3.199999991920777e-05,15,12.718104713121757
insert,6738,266642,3.680000008898787e-05,17,12.71831881047926
insert,6739,640525,3.839999999399879e-05,17,12.71853287606922
insert,6740,205439,2.840000024662004e-05,12,12.718746909901064
insert,6741,196654,2.7499999760038918e-05,13,12.71896091198421
insert,6742,126612,2.969999968627235e-05,14,12.71917488232808
insert,6743,975403,3.41999998454412e-05,12,12.719388820942083
insert,6744,893591,2.9799999992974335e-05,14,12.71960272783563
insert,6745,411982,3.700000024764449e-05,17,12.719816603018126
insert,6746,226062,2.7399999908084283e-05,13,12.720030446498972
insert,6747,479248,3.659999993033125e-05,17,12.720244258287567
insert,6748,864608,3.190000006725313e-05,15,12.720458038393296
insert,6749,819379,3.689999994094251e-05,17,12.720671786825555
insert,6750,199837,3.439999954935047e-05,16,12.720885503593724
insert,6751,751607,3.659999993033125e-05,17,12.721099188707186
insert,6752,354350,3.220000007786439e-05,14,12.721312842175312
insert,6753,113001,2.7399999908084283e-05,13,12.721526464007477
insert,6754,793929,3.500000002532033e-05,16,12.721740054213047
insert,6755,434604,3.240000023652101e-05,15,12.721953612801386
insert,6756,48760,3.200000037395512e-05,15,12.722167139781853
insert,6757,971639,3.0000000151630957e-05,14,12.722380635163802
insert,6758,664001,2.949999998236308e-05,14,12.722594098956584
insert,6759,878147,2.97000001410197e-05,14,12.722807531169547
insert,6760,704792,2.769999991869554e-05,13,12.723020931812032
insert,6761,617414,3.199999991920777e-05,15,12.723234300893377
insert,6762,129205,3.1799999760551145e-05,15,12.723447638422918
insert,6763,809653,2.7600000066740904e-05,13,12.723660944409984
insert,6764,935073,3.239999978177366e-05,15,12.7238742188639
insert,6765,472389,2.97000001410197e-05,14,12.724087461793989
insert,6766,479606,3.440000000409782e-05,15,12.724300673209568
insert,6767,690442,2.949999998236308e-05,14,12.72451385311995
insert,6768,617943,3.190000006725313e-05,15,12.724727001534445
insert,6769,528690,2.9599999834317714e-05,14,12.72494011846236
insert,6770,141177,3.730000025825575e-05,16,12.725153203912992
insert,6771,523060,3.420000030018855e-05,14,12.725366257895642
insert,6772,4549,3.040000001419685e-05,14,12.7255792804196
insert,6773,556128,3.1600000056641875e-05,14,12.725792271494157
insert,6774,771977,3.66000003850786e-05,13,12.726005231128596
insert,6775,50932,3.460000016275444e-05,16,12.726218159332198
insert,6776,980742,3.040000001419685e-05,14,12.72643105611424
insert,6777,453835,3.689999994094251e-05,17,12.726643921483994
insert,6778,879563,2.9999999696883606e-05,14,12.726856755450727
insert,6779,613544,3.680000008898787e-05,17,12.727069558023706
insert,6780,506391,3.1800000215298496e-05,15,12.727282329212189
insert,6781,969274,2.5099999675148865e-05,12,12.72749506902543
insert,6782,533026,3.620000006776536e-05,17,12.727707777472686
insert,6783,819024,3.4499999856052455e-05,16,12.727920454563199
insert,6784,954395,3.2499999633728294e-05,15,12.728133100306216
insert,6785,185811,3.2300000384566374e-05,15,12.728345714710976
insert,6786,725424,2.5499999992462108e-05,12,12.728558297786716
insert,6787,606659,2.97000001410197e-05,14,12.728770849542663
insert,6788,182086,3.220000007786439e-05,15,12.728983369988049
insert,6789,765980,2.7800000225397525e-05,13,12.729195859132094
insert,6790,854846,2.990000029967632e-05,14,12.729408316984019
insert,6791,134619,3.0000000151630957e-05,14,12.729620743553038
insert,6792,108585,2.7499999760038918e-05,13,12.729833138848363
insert,6793,406225,3.210000022590975e-05,15,12.7300455028792
insert,6794,689462,3.259999994043028e-05,14,12.730257835654754
insert,6795,629719,2.9999999696883606e-05,14,12.73047013718422
insert,6796,635606,3.4500000310799805e-05,16,12.730682407476797
insert,6797,925574,3.2500000088475645e-05,15,12.730894646541671
insert,6798,337478,2.7800000225397525e-05,13,12.731106854388033
insert,6799,528598,3.6500000078376615e-05,17,12.731319031025064
insert,6800,924205,3.1399999897985253e-05,13,12.731531176461942
insert,6801,403349,2.789999962260481e-05,13,12.731743290707842
insert,6802,439002,2.790000007735216e-05,13,12.731955373771934
insert,6803,638577,3.620000006776536e-05,17,12.732167425663384
insert,6804,960402,3.6500000078376615e-05,17,12.732379446391358
insert,6805,726156,2.7499999760038918e-05,13,12.73259143596501
insert,6806,799408,2.990000029967632e-05,14,12.732803394393494
insert,6807,260298,2.989999984492897e-05,14,12.733015321685963
insert,6808,286887,3.2300000384566374e-05,15,12.733227217851562
insert,6809,417197,3.7600000268867007e-05,14,12.733439082899434
insert,6810,359514,2.5599999844416743e-05,12,12.733650916838716
insert,6811,308464,2.7600000066740904e-05,13,12.733862719678543
insert,6812,474844,3.9199999719130574e-05,18,12.734074491428045
insert,6813,843891,3.0000000151630957e-05,14,12.734286232096347
insert,6814,139851,3.0000000151630957e-05,14,12.734497941692572
insert,6815,144893,2.9600000289065065e-05,14,12.734709620225837
insert,6816,432795,2.769999991869554e-05,13,12.73492126770526
insert,6817,631793,3.639999977167463e-05,17,12.735132884139947
insert,6818,734019,2.9799999992974335e-05,14,12.735344469539005
insert,6819,929497,2.5499999992462108e-05,12,12.735556023911535
insert,6820,784783,3.459999970800709e-05,16,12.735767547266637
insert,6821,537180,3.1799999760551145e-05,15,12.735979039613404
insert,6822,313434,2.7600000066740904e-05,13,12.736190500960927
insert,6823,884028,3.0000000151630957e-05,14,12.73640193131829
insert,6824,735571,3.220000007786439e-05,15,12.736613330694578
insert,6825,574417,3.640000022642198e-05,17,12.736824699098864
insert,6826,902518,2.769999991869554e-05,13,12.737036036540228
insert,6827,329160,3.0000000151630957e-05,14,12.737247343027738
insert,6828,746455,2.989999984492897e-05,14,12.737458618570459
insert,6829,772611,3.699999979289714e-05,17,12.737669863177453
insert,6830,980956,3.0100000003585592e-05,14,12.737881076857779
insert,6831,580473,3.659999993033125e-05,16,12.73809225962049
insert,6832,663312,3.460000016275444e-05,16,12.738303411474638
insert,6833,227901,3.459999970800709e-05,14,12.738514532429267
insert,6834,210648,3.1800000215298496e-05,15,12.738725622493423
insert,6835,219900,3.670000023703324e-05,17,12.73893668167614
insert,6836,654488,3.199999991920777e-05,15,12.739147709986453
insert,6837,749087,3.2500000088475645e-05,14,12.739358707433395
insert,6838,304695,3.4499999856052455e-05,16,12.73956967402599
insert,6839,719965,2.7499999760038918e-05,13,12.73978060977326
insert,6840,362067,3.479999986666371e-05,16,12.739991514684226
insert,6841,965940,2.8000000384054147e-05,13,12.7402023887679
insert,6842,705035,2.569999969637138e-05,12,12.740413232033294
insert,6843,139117,3.409999999348656e-05,16,12.740624044489413
insert,6844,744905,3.700000024764449e-05,17,12.740834826145262
insert,6845,681665,2.9999999696883606e-05,14,12.741045577009839
insert,6846,186451,3.4300000152143184e-05,16,12.741256297092136
insert,6847,528371,3.41999998454412e-05,16,12.741466986401146
insert,6848,568844,3.440000000409782e-05,16,12.741677644945858
insert,6849,728039,3.210000022590975e-05,15,12.74188827273525
insert,6850,667815,3.440000000409782e-05,16,12.742098869778307
insert,6851,338042,2.97000001410197e-05,14,12.742309436084
insert,6852,744859,3.169999990859651e-05,15,12.742519971661299
insert,6853,121012,3.210000022590975e-05,15,12.742730476519174
insert,6854,797731,2.989999984492897e-05,14,12.742940950666588
insert,6855,369349,2.9999999696883606e-05,14,12.7431513941125
insert,6856,589594,3.190000006725313e-05,15,12.743361806865865
insert,6857,503705,3.1799999760551145e-05,15,12.743572188935634
insert,6858,611117,3.420000030018855e-05,16,12.743782540330756
insert,6859,598358,8.100000013655517e-05,15,12.743992861060175
insert,6860,988465,3.500000002532033e-05,16,12.74420315113283
insert,6861,699566,3.1600000056641875e-05,13,12.744413410557655
insert,6862,744619,3.1799999760551145e-05,15,12.744623639343583
insert,6863,437758,3.4700000014709076e-05,16,12.744833837499545
insert,6864,706996,2.5300000288552837e-05,12,12.745044005034464
insert,6865,784198,3.0000000151630957e-05,14,12.745254141957256
insert,6866,937287,3.200000037395512e-05,15,12.745464248276843
insert,6867,882261,2.5599999844416743e-05,12,12.745674324002135
insert,6868,559838,3.700000024764449e-05,17,12.74588436914204
insert,6869,299818,2.750000021478627e-05,13,12.746094383705463
insert,6870,920102,2.750000021478627e-05,13,12.746304367701304
insert,6871,888460,3.220000007786439e-05,15,12.746514321138463
insert,6872,442905,3.190000006725313e-05,15,12.746724244025831
insert,6873,847569,3.659999993033125e-05,17,12.746934136372298
insert,6874,13391,3.41999998454412e-05,16,12.747143998186747
insert,6875,548123,2.9600000289065065e-05,14,12.747353829478062
insert,6876,111643,3.220000007786439e-05,15,12.747563630255119
insert,6877,26500,3.200000037395512e-05,15,12.74777340052679
insert,6878,399372,3.2500000088475645e-05,15,12.74798314030195
insert,6879,152387,2.9999999696883606e-05,13,12.74819284958946
insert,6880,55643,2.9799999992974335e-05,14,12.748402528398184
insert,6881,702813,2.97000001410197e-05,14,12.748612176736982
insert,6882,59355,3.680000008898787e-05,17,12.748821794614704
insert,6883,209613,3.0000000151630957e-05,14,12.749031382040204
insert,6884,279948,3.1800000215298496e-05,15,12.749240939022327
insert,6885,786627,3.440000000409782e-05,16,12.749450465569916
insert,6886,823691,3.639999977167463e-05,17,12.74965996169181
insert,6887,168753,3.0100000003585592e-05,14,12.749869427396844
insert,6888,300539,3.440000000409782e-05,15,12.750078862693849
insert,6889,716587,3.040000001419685e-05,14,12.750288267591653
insert,6890,262733,3.429999969739583e-05,16,12.75049764209908
insert,6891,153542,4.2099999973288504e-05,14,12.750706986224948
insert,6892,880156,3.440000000409782e-05,16,12.750916299978075
insert,6893,65047,3.49000001733657e-05,16,12.75112558336727
insert,6894,724142,3.479999986666371e-05,16,12.751334836401343
insert,6895,822459,3.440000000409782e-05,16,12.751544059089099
insert,6896,309478,2.5400000140507473e-05,12,12.751753251439336
insert,6897,213911,2.969999968627235e-05,14,12.751962413460854
insert,6898,790201,2.989999984492897e-05,14,12.752171545162444
insert,6899,567461,3.66000003850786e-05,17,12.752380646552893
insert,6900,33876,3.479999986666371e-05,16,12.75258971764099
insert,6901,376106,3.28000000990869e-05,15,12.752798758435516
insert,6902,853569,2.990000029967632e-05,14,12.753007768945245
insert,6903,474580,3.20999997711624e-05,15,12.753216749178955
insert,6904,107459,3.210000022590975e-05,15,12.753425699145414
insert,6905,646037,3.240000023652101e-05,15,12.753634618853386
insert,6906,910202,2.8200000087963417e-05,13,12.753843508311638
insert,6907,708341,2.750000021478627e-05,13,12.754052367528924
insert,6908,775415,3.4499999856052455e-05,16,12.754261196514001
insert,6909,589180,3.1600000056641875e-05,15,12.75446999527562
insert,6910,906853,3.4899999718618346e-05,16,12.754678763822529
insert,6911,235204,2.969999968627235e-05,14,12.754887502163468
insert,6912,778477,2.7499999760038918e-05,13,12.75509621030718
insert,6913,678554,2.9799999992974335e-05,14,12.7553048882624
insert,6914,588535,3.149999974993989e-05,15,12.755513536037856
insert,6915,407778,2.7800000225397525e-05,13,12.755722153642282
insert,6916,249137,3.440000000409782e-05,16,12.755930741084399
insert,6917,535741,3.199999991920777e-05,15,12.756139298372927
insert,6918,822406,3.349999997226405e-05,14,12.756347825516587
insert,6919,835541,4.279999984646565e-05,17,12.756556322524087
insert,6920,837626,3.210000022590975e-05,15,12.756764789404139
insert,6921,729944,3.569999989849748e-05,16,12.756973226165448
insert,6922,301611,3.300000025774352e-05,14,12.757181632816716
insert,6923,726597,3.220000007786439e-05,14,12.757390009366638
insert,6924,696773,3.5399999887886224e-05,16,12.757598355823912
insert,6925,49262,2.989999984492897e-05,14,12.757806672197228
insert,6926,971490,2.570000015111873e-05,12,12.758014958495272
insert,6927,400119,3.0100000003585592e-05,14,12.758223214726724
insert,6928,406381,2.9799999992974335e-05,14,12.758431440900267
insert,6929,436802,3.0000000151630957e-05,14,12.758639637024576
insert,6930,826395,3.4499999856052455e-05,16,12.75884780310832
insert,6931,718431,2.9599999834317714e-05,14,12.75905593916017
insert,6932,327842,3.680000008898787e-05,17,12.759264045188788
insert,6933,578945,3.0100000003585592e-05,14,12.759472121202833
insert,6934,56416,3.670000023703324e-05,17,12.759680167210965
insert,6935,13596,3.680000008898787e-05,17,12.759888183221834
insert,6936,779795,2.97000001410197e-05,14,12.760096169244093
insert,6937,263551,2.969999968627235e-05,14,12.760304125286382
insert,6938,212953,3.229999992981902e-05,15,12.760512051357347
insert,6939,650707,3.699999979289714e-05,17,12.760719947465624
insert,6940,911056,3.0199999855540227e-05,14,12.760927813619846
insert,6941,818860,2.9999999696883606e-05,14,12.761135649828645
insert,6942,902242,2.7799999770650174e-05,13,12.761343456100649
insert,6943,912385,2.769999991869554e-05,13,12.761551232444479
insert,6944,464587,3.409999999348656e-05,16,12.761758978868755
insert,6945,870301,3.640000022642198e-05,16,12.761966695382092
insert,6946,236505,3.4100000448233914e-05,14,12.762174381993102
insert,6947,955763,2.7600000066740904e-05,13,12.762382038710392
insert,6948,664576,3.8300000142044155e-05,15,12.762589665542569
insert,6949,738858,3.220000007786439e-05,15,12.762797262498232
insert,6950,744013,3.210000022590975e-05,15,12.763004829585977
insert,6951,679092,2.7499999760038918e-05,13,12.7632123668144
insert,6952,385605,2.769999991869554e-05,13,12.763419874192088
insert,6953,791788,3.0200000310287578e-05,14,12.763627351727628
insert,6954,616967,2.9799999992974335e-05,14,12.7638347994296
insert,6955,573168,3.9399999877787195e-05,16,12.764042217306587
insert,6956,774321,3.679999963424052e-05,17,12.76424960536716
insert,6957,632698,3.689999994094251e-05,17,12.76445696361989
insert,6958,206013,2.7799999770650174e-05,13,12.764664292073347
insert,6959,813849,3.200000037395512e-05,15,12.76487159073609
insert,6960,760128,3.9600000036443816e-05,14,12.765078859616684
insert,6961,202898,3.440000000409782e-05,16,12.765286098723683
insert,6962,308468,3.190000006725313e-05,15,12.765493308065638
insert,6963,470617,3.189999961250578e-05,15,12.7657004876511
insert,6964,186045,3.670000023703324e-05,15,12.765907637488615
insert,6965,715820,2.9799999992974335e-05,14,12.766114757586722
insert,6966,78087,3.639999977167463e-05,17,12.76632184795396
insert,6967,196060,2.9799999992974335e-05,14,12.766528908598865
insert,6968,182238,2.7300000056129647e-05,13,12.766735939529964
insert,6969,770787,2.7600000066740904e-05,13,12.766942940755785
insert,6970,538808,2.9599999834317714e-05,14,12.767149912284852
insert,6971,125152,2.949999998236308e-05,14,12.767356854125685
insert,6972,395522,2.7399999908084283e-05,13,12.767563766286798
insert,6973,42609,3.409999999348656e-05,16,12.767770648776704
insert,6974,449324,2.9599999834317714e-05,14,12.767977501603912
insert,6975,292671,3.440000000409782e-05,16,12.768184324776927
insert,6976,583636,3.199999991920777e-05,15,12.768391118304248
insert,6977,277076,3.4500000310799805e-05,14,12.768597882194374
insert,6978,136385,2.750000021478627e-05,13,12.7688046164558
insert,6979,168747,3.210000022590975e-05,15,12.769011321097015
insert,6980,612354,3.389999983482994e-05,16,12.769217996126505
insert,6981,887111,3.0200000310287578e-05,14,12.769424641552753
insert,6982,267404,2.949999998236308e-05,14,12.76963125738424
insert,6983,5920,2.7799999770650174e-05,13,12.76983784362944
insert,6984,346621,3.190000006725313e-05,15,12.770044400296825
insert,6985,488984,3.659999993033125e-05,17,12.770250927394864
insert,6986,744164,3.1799999760551145e-05,15,12.770457424932022
insert,6987,983035,3.4700000014709076e-05,16,12.77066389291676
insert,6988,162326,3.0100000003585592e-05,14,12.770870331357534
insert,6989,41881,2.8899999961140566e-05,13,12.7710767402628
insert,6990,161170,3.1600000056641875e-05,14,12.771283119641005
insert,6991,973738,2.5599999844416743e-05,12,12.7714894695006
insert,6992,338303,2.989999984492897e-05,14,12.771695789850023
insert,6993,625875,3.680000008898787e-05,17,12.771902080697716
insert,6994,53326,2.769999991869554e-05,13,12.772108342052116
insert,6995,811243,3.569999989849748e-05,15,12.772314573921653
insert,6996,977674,3.389999983482994e-05,15,12.772520776314757
insert,6997,655745,2.969999968627235e-05,14,12.77272694923985
insert,6998,645513,2.9799999992974335e-05,14,12.772933092705355
insert,6999,884097,3.4700000014709076e-05,16,12.77313920671969
insert,7000,694043,3.4500000310799805e-05,16,12.773345291291271
insert,7001,315784,3.510000033202232e-05,16,12.773551346428505
insert,7002,514380,3.440000000409782e-05,16,12.7737573721398
insert,7003,828279,3.4700000014709076e-05,16,12.773963368433558
insert,7004,600496,3.9199999719130574e-05,18,12.77416933531818
insert,7005,576885,3.4499999856052455e-05,16,12.774375272802063
insert,7006,375480,3.0499999866151484e-05,13,12.774581180893598
insert,7007,76422,4.3700000333046773e-05,14,12.774787059601174
insert,7008,822117,1.5900000107649248e-05,14,12.774992908933175
insert,7009,742058,1.4100000043981709e-05,13,12.775198728897985
insert,7010,333300,1.7500000012660166e-05,16,12.775404519503981
insert,7011,550917,1.8999999610969098e-05,18,12.775610280759539
insert,7012,230647,1.3200000012147939e-05,13,12.775816012673026
insert,7013,192801,1.3500000022759195e-05,13,12.776021715252813
insert,7014,545896,1.919999976962572e-05,18,12.776227388507262
insert,7015,71489,1.3299999864102574e-05,13,12.776433032444732
insert,7016,824452,1.6599999980826396e-05,16,12.776638647073584
insert,7017,529679,1.430000020263833e-05,14,12.776844232402167
insert,7018,167113,1.539999993838137e-05,15,12.77704978843883
insert,7019,436136,1.4799999917158857e-05,14,12.777255315191923
insert,7020,569461,1.6800000139483018e-05,16,12.777460812669785
insert,7021,563124,1.3899999885325087e-05,14,12.777666280880755
insert,7022,423014,1.6699999832781032e-05,16,12.777871719833168
insert,7023,96412,1.6599999980826396e-05,16,12.778077129535358
insert,7024,366376,1.6700000287528383e-05,16,12.77828250999565
insert,7025,231943,1.4000000192027073e-05,14,12.778487861222372
insert,7026,926309,1.6800000139483018e-05,16,12.77869318322384
insert,7027,223718,1.4199999895936344e-05,14,12.778898476008376
insert,7028,695557,1.5300000086426735e-05,15,12.779103739584292
insert,7029,348006,1.649999967412441e-05,16,12.779308973959898
insert,7030,347149,1.3700000181415817e-05,14,12.7795141791435
insert,7031,378324,1.5300000086426735e-05,15,12.779719355143405
insert,7032,307836,1.3299999864102574e-05,13,12.779924501967907
insert,7033,229057,1.5000000075815478e-05,15,12.780129619625306
insert,7034,996471,1.560000009703799e-05,15,12.780334708123895
insert,7035,789217,1.650000012887176e-05,16,12.78053976747196
insert,7036,648315,1.75999998646148e-05,17,12.78074479767779
insert,7037,556269,1.5000000075815478e-05,15,12.780949798749665
insert,7038,497924,1.5199999779724749e-05,15,12.781154770695863
insert,7039,588603,1.739999970595818e-05,17,12.78135971352466
insert,7040,863700,1.7600000319362152e-05,17,12.781564627244327
insert,7041,788670,1.5800000255694613e-05,16,12.781769511863132
insert,7042,680841,1.3200000012147939e-05,13,12.781974367389338
insert,7043,9232,1.2100000276404899e-05,12,12.782179193831208
insert,7044,120295,1.4200000350683695e-05,14,12.782383991197
insert,7045,701433,1.2200000128359534e-05,12,12.782588759494963
insert,7046,362815,1.2900000001536682e-05,13,12.782793498733353
insert,7047,467316,1.610000026630587e-05,16,12.782998208920414
insert,7048,252024,1.4900000223860843e-05,15,12.78320289006439
insert,7049,948434,1.5700000403739978e-05,13,12.783407542173519
insert,7050,673463,1.2900000001536682e-05,13,12.783612165256038
insert,7051,643513,1.720000000204891e-05,17,12.783816759320182
insert,7052,963230,1.4000000192027073e-05,14,12.784021324374178
insert,7053,651304,1.4000000192027073e-05,14,12.784225860426252
insert,7054,255672,1.2900000001536682e-05,13,12.784430367484626
insert,7055,41815,1.3200000012147939e-05,13,12.784634845557521
insert,7056,715707,1.7800000023271423e-05,17,12.78483929465315
insert,7057,928682,1.3299999864102574e-05,13,12.785043714779725
insert,7058,336527,1.6200000118260505e-05,16,12.785248105945454
insert,7059,399899,1.3100000160193304e-05,13,12.785452468158542
insert,7060,960425,5.2400000186025864e-05,16,12.785656801427193
insert,7061,834884,1.990000009755022e-05,15,12.7858611057596
insert,7062,990892,1.4000000192027073e-05,13,12.786065381163962
insert,7063,118882,1.7700000171316788e-05,16,12.786269627648466
insert,7064,404621,4.7699999868200393e-05,17,12.786473845221302
insert,7065,269055,2.880000010918593e-05,16,12.786678033890652
insert,7066,566480,2.9999999696883606e-05,16,12.786882193664699
insert,7067,759144,2.0199999653414125e-05,17,12.787086324551616
insert,7068,296568,1.3699999726668466e-05,13,12.787290426559581
insert,7069,25906,1.3000000308238668e-05,12,12.787494499696761
insert,7070,955605,1.5900000107649248e-05,15,12.787698543971324
insert,7071,541976,1.539999993838137e-05,15,12.787902559391432
insert,7072,862044,1.7800000023271423e-05,17,12.788106545965245
insert,7073,807922,1.44999999065476e-05,14,12.788310503700918
insert,7074,393173,1.5999999959603883e-05,15,12.788514432606608
insert,7075,539293,1.5300000086426735e-05,15,12.788718332690458
insert,7076,533448,1.8699999600357842e-05,18,12.788922203960619
insert,7077,467201,2.1100000139995245e-05,19,12.789126046425231
insert,7078,510452,2.210000002378365e-05,16,12.789329860092431
insert,7079,45982,1.6699999832781032e-05,16,12.78953364497036
insert,7080,310834,1.4299999747890979e-05,14,12.789737401067145
insert,7081,941917,1.629999997021514e-05,16,12.789941128390916
insert,7082,683177,1.339999971605721e-05,13,12.790144826949799
insert,7083,201864,1.340000017080456e-05,13,12.790348496751914
insert,7084,335873,1.4400000054592965e-05,14,12.790552137805381
insert,7085,538858,1.610000026630587e-05,16,12.790755750118313
insert,7086,86346,1.4199999895936344e-05,14,12.790959333698824
insert,7087,994273,1.3300000318849925e-05,13,12.791162888555018
insert,7088,100618,1.6599999980826396e-05,16,12.791366414695004
insert,7089,175527,1.1999999969702912e-05,12,12.791569912126878
insert,7090,810884,1.650000012887176e-05,16,12.791773380858743
insert,7091,564108,1.4199999895936344e-05,14,12.79197682089869
insert,7092,559107,2.010000025620684e-05,17,12.792180232254807
insert,7093,7687,1.5300000086426735e-05,15,12.792383614935188
insert,7094,657387,1.6400000276917126e-05,16,12.792586968947914
insert,7095,68653,1.5199999779724749e-05,15,12.792790294301064
insert,7096,221021,1.539999993838137e-05,15,12.792993591002716
insert,7097,702898,1.4000000192027073e-05,13,12.793196859060945
insert,7098,660094,1.5900000107649248e-05,16,12.793400098483819
insert,7099,811160,1.700000029813964e-05,17,12.793603309279407
insert,7100,223531,1.6400000276917126e-05,16,12.79380649145577
insert,7101,906967,1.2099999821657548e-05,12,12.79400964502097
insert,7102,718700,1.430000020263833e-05,14,12.794212769983066
insert,7103,444816,1.4799999917158857e-05,15,12.794415866350105
insert,7104,876259,1.6399999822169775e-05,16,12.794618934130142
insert,7105,108976,1.4299999747890979e-05,14,12.794821973331223
insert,7106,215566,1.44999999065476e-05,15,12.795024983961387
insert,7107,563877,1.5800000255694613e-05,16,12.795227966028678
insert,7108,869006,1.3700000181415817e-05,14,12.79543091954113
insert,7109,736880,1.3099999705445953e-05,13,12.795633844506778
insert,7110,921318,1.4100000043981709e-05,14,12.795836740933648
insert,7111,777389,1.3099999705445953e-05,13,12.79603960882977
insert,7112,812864,1.7100000150094274e-05,17,12.796242448203165
insert,7113,456380,1.4800000371906208e-05,15,12.79644525906185
insert,7114,677969,1.6599999980826396e-05,14,12.796648041413844
insert,7115,856430,1.3600000329461182e-05,13,12.79685079526716
insert,7116,985401,1.3100000160193304e-05,13,12.797053520629804
insert,7117,75624,1.3899999885325087e-05,14,12.797256217509785
insert,7118,783172,1.5499999790336005e-05,15,12.797458885915104
insert,7119,719369,1.2800000149582047e-05,13,12.79766152585376
insert,7120,161224,1.3200000012147939e-05,13,12.797864137333749
insert,7121,24907,2.3300000066228677e-05,14,12.798066720363062
insert,7122,481533,2.229999972769292e-05,16,12.798269274949691
insert,7123,751691,1.4299999747890979e-05,14,12.798471801101618
insert,7124,347829,1.430000020263833e-05,14,12.798674298826828
insert,7125,39727,1.539999993838137e-05,15,12.798876768133299
insert,7126,91773,1.2999999853491317e-05,13,12.799079209029006
insert,7127,76807,1.3699999726668466e-05,14,12.799281621521923
insert,7128,56905,1.629999997021514e-05,16,12.799484005620014
insert,7129,186639,1.44999999065476e-05,14,12.79968636133125
insert,7130,832795,2.3099999907572055e-05,15,12.799888688663591
insert,7131,264145,1.539999993838137e-05,15,12.800090987624994
insert,7132,585194,1.7500000012660166e-05,17,12.800293258223418
insert,7133,73864,1.6899999991437653e-05,17,12.800495500466813
insert,7134,602892,1.7600000319362152e-05,15,12.800697714363126
insert,7135,861531,1.4199999895936344e-05,14,12.800899899920305
insert,7136,238704,1.4299999747890979e-05,14,12.801102057146291
insert,7137,955239,1.44999999065476e-05,14,12.801304186049023
insert,7138,271213,1.629999997021514e-05,16,12.801506286636435
insert,7139,427434,1.2699999842880061e-05,12,12.801708358916462
insert,7140,406882,1.650000012887176e-05,16,12.80191040289703
insert,7141,473040,1.7100000150094274e-05,17,12.802112418586066
insert,7142,660831,1.3899999885325087e-05,14,12.80231440599149
insert,7143,424095,1.629999997021514e-05,16,12.802516365121223
insert,7144,454060,1.6400000276917126e-05,16,12.802718295983178
insert,7145,331774,1.3899999885325087e-05,14,12.80292019858527
insert,7146,17712,1.539999993838137e-05,13,12.803122072935405
insert,7147,408423,1.5999999959603883e-05,16,12.80332391904149
insert,7148,706005,1.539999993838137e-05,15,12.803525736911427
insert,7149,124053,1.3200000012147939e-05,13,12.803727526553114
insert,7150,560815,1.7600000319362152e-05,17,12.803929287974446
insert,7151,6186,1.3000000308238668e-05,13,12.804131021183318
insert,7152,672581,1.539999993838137e-05,15,12.804332726187615
insert,7153,755275,1.4100000043981709e-05,14,12.804534402995225
insert,7154,648387,1.8700000055105193e-05,18,12.80473605161403
insert,7155,66310,1.5299999631679384e-05,15,12.804937672051908
insert,7156,792683,1.700000029813964e-05,16,12.805139264316736
insert,7157,782187,1.5099999927770114e-05,15,12.805340828416384
insert,7158,614055,1.849999989644857e-05,18,12.805542364358724
insert,7159,47728,1.6599999980826396e-05,16,12.805743872151618
insert,7160,734929,1.4400000054592965e-05,14,12.805945351802933
insert,7161,889456,1.340000017080456e-05,13,12.806146803320525
insert,7162,76116,1.5799999800947262e-05,16,12.80634822671225
insert,7163,375076,1.539999993838137e-05,15,12.806549621985962
insert,7164,973129,1.249999968422344e-05,12,12.806750989149508
insert,7165,527263,1.4199999895936344e-05,14,12.806952328210736
insert,7166,111292,1.4000000192027073e-05,14,12.80715363917749
insert,7167,303916,1.649999967412441e-05,16,12.807354922057604
insert,7168,825116,1.3999999737279722e-05,14,12.80755617685892
insert,7169,719196,1.5099999927770114e-05,15,12.807757403589267
insert,7170,315990,1.4200000350683695e-05,14,12.807958602256477
insert,7171,636031,1.4100000043981709e-05,14,12.808159772868375
insert,7172,90708,1.739999970595818e-05,17,12.808360915432784
insert,7173,295193,1.6899999991437653e-05,16,12.808562029957525
insert,7174,802449,1.430000020263833e-05,14,12.808763116450413
insert,7175,971706,1.4999999621068127e-05,15,12.80896417491926
insert,7176,458937,1.6399999822169775e-05,16,12.809165205371881
insert,7177,399942,1.8700000055105193e-05,15,12.809366207816078
insert,7178,414307,1.849999989644857e-05,14,12.809567182259656
insert,7179,862058,1.7800000023271423e-05,17,12.809768128710413
insert,7180,692819,2.5099999675148865e-05,16,12.80996904717615
insert,7181,32317,2.4200000098062446e-05,13,12.810169937664659
insert,7182,497013,2.0500000118772732e-05,17,12.810370800183728
insert,7183,163918,1.339999971605721e-05,13,12.810571634741146
insert,7184,559382,1.5199999779724749e-05,15,12.8107724413447
insert,7185,230546,2.1099999685247894e-05,15,12.810973220002165
insert,7186,143007,1.939999992828234e-05,15,12.81117397072132
insert,7187,783029,1.2999999853491317e-05,13,12.811374693509942
insert,7188,409986,1.6399999822169775e-05,16,12.811575388375799
insert,7189,835475,1.539999993838137e-05,15,12.81177605532666
insert,7190,836224,1.609999981155852e-05,16,12.811976694370289
insert,7191,890732,1.3100000160193304e-05,13,12.812177305514448
insert,7192,572234,1.6899999991437653e-05,17,12.812377888766893
insert,7193,309308,1.3300000318849925e-05,13,12.81257844413538
insert,7194,664846,1.4400000054592965e-05,14,12.81277897162766
insert,7195,151075,1.539999993838137e-05,15,12.812979471251483
insert,7196,312535,1.5999999959603883e-05,16,12.81317994301459
insert,7197,710190,1.3200000012147939e-05,13,12.813380386924727
insert,7198,930064,1.6599999980826396e-05,16,12.81358080298963
insert,7199,958576,1.5300000086426735e-05,15,12.813781191217037
insert,7200,833636,1.4799999917158857e-05,15,12.813981551614678
insert,7201,909262,1.6200000118260505e-05,16,12.81418188419028
insert,7202,764753,1.3200000012147939e-05,13,12.814382188951573
insert,7203,679415,1.3999999737279722e-05,14,12.814582465906277
insert,7204,391256,1.339999971605721e-05,13,12.81478271506211
insert,7205,995587,1.3299999864102574e-05,13,12.81498293642679
insert,7206,11692,1.52000002344721e-05,15,12.81518313000803
insert,7207,580413,1.7299999854003545e-05,17,12.815383295813538
insert,7208,917260,1.3699999726668466e-05,14,12.815583433851023
insert,7209,582033,5.400000009103678e-05,15,12.815783544128184
insert,7210,148242,1.6399999822169775e-05,13,12.815983626652725
insert,7211,129222,1.4100000043981709e-05,14,12.816183681432342
insert,7212,43803,1.5699999948992627e-05,15,12.816383708474726
insert,7213,5275,1.1900000117748277e-05,12,12.81658370778757
insert,7214,600539,1.52000002344721e-05,15,12.81678367937856
insert,7215,625638,1.4799999917158857e-05,15,12.81698362325538
insert,7216,413225,1.650000012887176e-05,16,12.817183539425713
insert,7217,563245,1.5199999779724749e-05,15,12.817383427897234
insert,7218,574123,1.3800000033370452e-05,14,12.817583288677616
insert,7219,992980,1.9699999938893598e-05,15,12.817783121774534
insert,7220,89262,1.6599999980826396e-05,16,12.817982927195652
insert,7221,319492,1.4500000361294951e-05,14,12.81818270494864
insert,7222,220257,1.4199999895936344e-05,14,12.818382455041155
insert,7223,784646,1.44999999065476e-05,14,12.818582177480858
insert,7224,777447,1.6399999822169775e-05,16,12.818781872275403
insert,7225,947438,1.3200000012147939e-05,13,12.818981539432443
insert,7226,761201,1.4500000361294951e-05,14,12.819181178959626
insert,7227,360555,1.430000020263833e-05,14,12.8193807908646
insert,7228,222023,1.4700000065204222e-05,15,12.819580375155004
insert,7229,432700,1.2399999832268804e-05,12,12.81977993183848
insert,7230,949620,1.4200000350683695e-05,14,12.819979460922664
insert,7231,677309,1.6599999980826396e-05,16,12.820178962415188
insert,7232,892820,1.7500000012660166e-05,17,12.820378436323683
insert,7233,537451,1.5000000075815478e-05,15,12.820577882655774
insert,7234,149376,1.2900000001536682e-05,13,12.820777301419087
insert,7235,168773,1.4400000054592965e-05,14,12.82097669262124
insert,7236,192931,1.2799999694834696e-05,13,12.821176056269854
insert,7237,231513,1.3999999737279722e-05,14,12.82137539237254
insert,7238,646851,1.5500000245083356e-05,15,12.821574700936907
insert,7239,875298,1.740000016070553e-05,13,12.821773981970567
insert,7240,265019,1.5099999927770114e-05,15,12.821973235481124
insert,7241,203766,1.3200000012147939e-05,13,12.822172461476178
insert,7242,120191,1.629999997021514e-05,16,12.822371659963327
insert,7243,190168,1.2900000001536682e-05,13,12.822570830950168
insert,7244,703572,1.9899999642802868e-05,15,12.822769974444292
insert,7245,838505,1.8900000213761814e-05,16,12.822969090453288
insert,7246,594850,1.6399999822169775e-05,16,12.82316817898474
insert,7247,893651,1.2800000149582047e-05,13,12.823367240046235
insert,7248,57031,1.4100000043981709e-05,14,12.82356627364535
insert,7249,892745,1.6899999991437653e-05,17,12.82376527978966
insert,7250,787525,1.2900000001536682e-05,13,12.82396425848674
insert,7251,977661,1.4100000043981709e-05,14,12.824163209744158
insert,7252,575513,1.5699999948992627e-05,16,12.824362133569483
insert,7253,483672,1.4199999895936344e-05,14,12.82456102997028
insert,7254,675991,1.630000042496249e-05,16,12.824759898954106
insert,7255,576366,1.5800000255694613e-05,16,12.824958740528523
insert,7256,76698,1.4099999589234358e-05,14,12.82515755470108
insert,7257,304772,1.7500000012660166e-05,17,12.825356341479335
insert,7258,704314,1.2900000001536682e-05,13,12.82555510087083
insert,7259,70635,1.3100000160193304e-05,13,12.825753832883112
insert,7260,262866,1.3800000033370452e-05,14,12.825952537523726
insert,7261,102973,1.7299999854003545e-05,17,12.826151214800207
insert,7262,207008,1.8599999748403206e-05,16,12.826349864720093
insert,7263,760836,1.5999999959603883e-05,16,12.826548487290914
insert,7264,608799,1.5000000075815478e-05,15,12.826747082520203
insert,7265,510857,1.7299999854003545e-05,17,12.826945650415485
insert,7266,997762,1.5699999948992627e-05,15,12.827144190984281
insert,7267,346923,1.4399999599845614e-05,14,12.827342704234116
insert,7268,374487,1.539999993838137e-05,15,12.827541190172504
insert,7269,134444,1.4000000192027073e-05,14,12.827739648806956
insert,7270,703905,1.2800000149582047e-05,13,12.827938080144989
insert,7271,687314,1.4000000192027073e-05,14,12.828136484194108
insert,7272,245926,1.5099999927770114e-05,15,12.828334860961816
insert,7273,104905,1.5099999927770114e-05,15,12.828533210455618
insert,7274,298988,1.5199999779724749e-05,15,12.828731532683008
insert,7275,649610,1.6400000276917126e-05,16,12.828929827651486
insert,7276,73200,1.2799999694834696e-05,13,12.829128095368542
insert,7277,943843,1.6899999991437653e-05,16,12.829326335841667
insert,7278,333223,1.52000002344721e-05,15,12.829524549078345
insert,7279,509463,1.5999999959603883e-05,16,12.829722735086058
insert,7280,472537,1.7300000308750896e-05,17,12.82992089387229
insert,7281,344296,1.5999999959603883e-05,16,12.830119025444516
insert,7282,646282,1.4800000371906208e-05,15,12.830317129810208
insert,7283,691455,1.3999999737279722e-05,14,12.830515206976838
insert,7284,320524,1.720000000204891e-05,17,12.830713256951874
insert,7285,727144,1.4299999747890979e-05,14,12.830911279742782
insert,7286,612547,1.3800000033370452e-05,14,12.83110927535702
insert,7287,159798,1.4700000065204222e-05,14,12.831307243802051
insert,7288,593025,1.5999999959603883e-05,16,12.831505185085327
insert,7289,594398,1.3699999726668466e-05,14,12.8317030992143
insert,7290,382200,1.6599999980826396e-05,16,12.83190098619642
insert,7291,846935,1.720000000204891e-05,17,12.832098846039134
insert,7292,331700,1.3899999885325087e-05,14,12.832296678749884
insert,7293,449113,1.3800000033370452e-05,14,12.832494484336113
insert,7294,176832,1.6199999663513154e-05,16,12.832692262805253
insert,7295,5067,1.9400000383029692e-05,13,12.832890014164741
insert,7296,328430,2.080000012938399e-05,17,12.833087738422009
insert,7297,258134,1.610000026630587e-05,16,12.833285435584482
insert,7298,823825,1.739999970595818e-05,17,12.833483105659585
insert,7299,232287,1.7500000012660166e-05,14,12.833680748654743
insert,7300,746795,2.0200000108161476e-05,15,12.83387836457737
insert,7301,775754,1.2999999853491317e-05,13,12.834075953434885
insert,7302,671968,1.5000000075815478e-05,15,12.834273515234699
insert,7303,457310,1.5000000075815478e-05,15,12.834471049984222
insert,7304,290120,1.6400000276917126e-05,14,12.834668557690861
insert,7305,880920,1.3099999705445953e-05,13,12.83486603836202
insert,7306,376949,1.2099999821657548e-05,12,12.835063492005094
insert,7307,140830,1.3899999885325087e-05,14,12.835260918627489
insert,7308,712592,1.699999984339229e-05,13,12.835458318236594
insert,7309,768578,1.790000032997341e-05,16,12.8356556908398
insert,7310,347669,1.4100000043981709e-05,14,12.835853036444497
insert,7311,920531,1.6200000118260505e-05,16,12.83605035505807
insert,7312,503269,1.4899999769113492e-05,15,12.8362476466879
insert,7313,485332,1.4899999769113492e-05,15,12.836444911341369
insert,7314,466992,1.7800000023271423e-05,18,12.836642149025849
insert,7315,376168,1.2800000149582047e-05,13,12.836839359748716
insert,7316,812403,1.4199999895936344e-05,14,12.83703654351734
insert,7317,320311,1.700000029813964e-05,17,12.837233700339088
insert,7318,510627,1.4500000361294951e-05,15,12.837430830221322
insert,7319,578470,1.3000000308238668e-05,13,12.837627933171404
insert,7320,114120,1.629999997021514e-05,16,12.837825009196694
insert,7321,184309,1.3200000012147939e-05,13,12.838022058304546
insert,7322,676910,1.5000000075815478e-05,15,12.83821908050231
insert,7323,636096,1.740000016070553e-05,17,12.838416075797337
insert,7324,85956,1.5199999779724749e-05,15,12.838613044196972
insert,7325,882684,1.609999981155852e-05,16,12.83880998570856
insert,7326,294248,1.4000000192027073e-05,14,12.839006900339438
insert,7327,900427,1.539999993838137e-05,15,12.839203788096944
insert,7328,866590,1.52000002344721e-05,15,12.839400648988413
insert,7329,146803,1.52000002344721e-05,15,12.839597483021175
insert,7330,934593,1.6399999822169775e-05,16,12.839794290202557
insert,7331,564782,1.7699999716569437e-05,17,12.839991070539886
insert,7332,205974,1.6200000118260505e-05,16,12.840187824040482
insert,7333,276022,1.4400000054592965e-05,14,12.840384550711667
insert,7334,769178,1.5700000403739978e-05,16,12.840581250560753
insert,7335,929391,1.1900000117748277e-05,12,12.840777923595054
insert,7336,657058,1.629999997021514e-05,16,12.840974569821881
insert,7337,80177,1.4900000223860843e-05,15,12.841171189248543
insert,7338,762761,1.4100000043981709e-05,14,12.84136778188234
insert,7339,79063,1.44999999065476e-05,15,12.841564347730575
insert,7340,935441,1.3900000340072438e-05,14,12.841760886800547
insert,7341,19536,1.3099999705445953e-05,13,12.841957399099547
insert,7342,890857,1.2999999853491317e-05,13,12.842153884634872
insert,7343,531816,1.5900000107649248e-05,16,12.842350343413807
insert,7344,662309,1.4199999895936344e-05,14,12.842546775443642
insert,7345,32710,1.1900000117748277e-05,12,12.842743180731658
insert,7346,852118,1.4200000350683695e-05,14,12.842939559285135
insert,7347,610157,1.8400000044493936e-05,15,12.84313591111135
insert,7348,607022,1.3100000160193304e-05,13,12.843332236217577
insert,7349,424815,1.5199999779724749e-05,15,12.843528534611089
insert,7350,806565,1.4000000192027073e-05,14,12.843724806299154
insert,7351,618698,1.610000026630587e-05,16,12.843921051289035
insert,7352,223096,1.740000016070553e-05,17,12.844117269587995
insert,7353,950329,1.3000000308238668e-05,13,12.844313461203296
insert,7354,38437,1.2100000276404899e-05,12,12.844509626142193
insert,7355,578389,1.359999987471383e-05,14,12.844705764411938
insert,7356,273277,1.5199999779724749e-05,15,12.844901876019783
insert,7357,569869,1.5099999927770114e-05,15,12.845097960972975
insert,7358,937413,1.2900000001536682e-05,13,12.845294019278759
insert,7359,565893,1.4800000371906208e-05,15,12.845490050944376
insert,7360,495037,1.6399999822169775e-05,15,12.845686055977064
insert,7361,685673,1.4099999589234358e-05,14,12.845882034384061
insert,7362,812854,1.900000006571645e-05,15,12.846077986172599
insert,7363,155853,1.4299999747890979e-05,14,12.846273911349906
insert,7364,383589,1.4100000043981709e-05,14,12.846469809923212
insert,7365,411565,1.629999997021514e-05,16,12.846665681899738
insert,7366,234154,1.6400000276917126e-05,16,12.846861527286707
insert,7367,934741,1.2800000149582047e-05,13,12.847057346091336
insert,7368,618242,1.7099999695346924e-05,17,12.84725313832084
insert,7369,768845,1.83000001925393e-05,16,12.847448903982432
insert,7370,898802,1.629999997021514e-05,16,12.84764464308332
insert,7371,305135,1.6200000118260505e-05,16,12.847840355630714
insert,7372,140385,1.4000000192027073e-05,14,12.848036041631811
insert,7373,487275,1.6200000118260505e-05,16,12.848231701093818
insert,7374,525466,1.3899999885325087e-05,14,12.848427334023928
insert,7375,535206,1.5999999959603883e-05,16,12.848622940429339
insert,7376,94953,1.6399999822169775e-05,16,12.848818520317238
insert,7377,416060,1.2999999853491317e-05,13,12.84901407369482
insert,7378,381541,1.720000000204891e-05,17,12.849209600569264
insert,7379,526561,1.610000026630587e-05,16,12.849405100947758
insert,7380,11107,1.5199999779724749e-05,15,12.849600574837481
insert,7381,694869,1.3100000160193304e-05,13,12.84979602224561
insert,7382,250485,1.6200000118260505e-05,16,12.849991443179317
insert,7383,889174,1.740000016070553e-05,17,12.850186837645774
insert,7384,845719,1.4100000043981709e-05,14,12.850382205652151
insert,7385,643864,1.849999989644857e-05,18,12.850577547205614
insert,7386,717396,1.4000000192027073e-05,14,12.850772862313322
insert,7387,173900,1.5300000086426735e-05,15,12.850968150982439
insert,7388,793989,1.3299999864102574e-05,13,12.851163413220117
insert,7389,539112,1.920000022437307e-05,15,12.851358649033513
insert,7390,147190,1.610000026630587e-05,16,12.851553858429778
insert,7391,467897,1.8400000044493936e-05,18,12.851749041416058
insert,7392,166957,1.340000017080456e-05,13,12.851944197999499
insert,7393,187848,1.5499999790336005e-05,15,12.852139328187244
insert,7394,593869,1.9099999917671084e-05,16,12.85233443198643
insert,7395,994797,2.949999998236308e-05,16,12.852529509404196
insert,7396,593298,1.8199999885837315e-05,17,12.852724560447674
insert,7397,691445,1.5699999948992627e-05,15,12.852919585123995
insert,7398,914563,1.5699999948992627e-05,15,12.853114583440288
insert,7399,153301,1.3100000160193304e-05,13,12.853309555403674
insert,7400,771668,1.2900000001536682e-05,13,12.853504501021279
insert,7401,767563,1.829999973779195e-05,14,12.85369942030022
insert,7402,506991,1.7500000012660166e-05,17,12.853894313247615
insert,7403,984797,1.3800000033370452e-05,14,12.854089179870574
insert,7404,376225,1.359999987471383e-05,13,12.85428402017621
insert,7405,42384,1.4400000054592965e-05,14,12.85447883417163
insert,7406,229449,1.4199999895936344e-05,14,12.854673621863938
insert,7407,798462,1.6699999832781032e-05,16,12.854868383260236
insert,7408,511330,1.810000003388268e-05,18,12.855063118367624
insert,7409,243008,1.609999981155852e-05,16,12.855257827193196
insert,7410,65915,1.340000017080456e-05,13,12.855452509744048
insert,7411,277199,2.860000040527666e-05,17,12.855647166027266
insert,7412,387381,1.810000003388268e-05,16,12.85584179604994
insert,7413,245387,2.1800000013172394e-05,15,12.856036399819155
insert,7414,44888,2.6700000034907134e-05,15,12.856230977341992
insert,7415,701063,2.410000024610781e-05,13,12.85642552862553
insert,7416,216819,3.150000020468724e-05,17,12.856620053676846
insert,7417,543043,3.680000008898787e-05,16,12.85681455250301
insert,7418,951820,2.2900000203662785e-05,13,12.857009025111093
insert,7419,829907,2.6499999876250513e-05,14,12.857203471508166
insert,7420,378800,2.6500000330997864e-05,14,12.85739789170129
insert,7421,406946,2.189999986512703e-05,18,12.857592285697526
insert,7422,492490,1.5000000075815478e-05,14,12.857786653503934
insert,7423,962490,1.75999998646148e-05,16,12.857980995127573
insert,7424,476729,1.6800000139483018e-05,16,12.85817531057549
insert,7425,924375,1.3100000160193304e-05,13,12.85836959985474
insert,7426,48694,1.4400000054592965e-05,14,12.85856386297237
insert,7427,41844,1.44999999065476e-05,14,12.858758099935422
insert,7428,680028,1.4799999917158857e-05,14,12.858952310750938
insert,7429,339814,1.339999971605721e-05,13,12.859146495425959
insert,7430,108240,1.5799999800947262e-05,15,12.85934065396752
insert,7431,737921,1.75999998646148e-05,17,12.859534786382653
insert,7432,546700,2.27999998969608e-05,18,12.85972889267839
insert,7433,664344,2.0799999674636638e-05,16,12.859922972861758
insert,7434,869949,1.44999999065476e-05,14,12.86011702693978
insert,7435,286781,1.250000013897079e-05,12,12.860311054919482
insert,7436,875428,1.2999999853491317e-05,13,12.86050505680788
insert,7437,777949,1.3700000181415817e-05,13,12.860699032611988
insert,7438,276107,1.2100000276404899e-05,12,12.860892982338823
insert,7439,606740,1.629999997021514e-05,16,12.861086905995395
insert,7440,570793,1.8700000055105193e-05,18,12.86128080358871
insert,7441,597857,1.720000000204891e-05,17,12.861474675125773
insert,7442,182295,1.3500000022759195e-05,13,12.861668520613588
insert,7443,394957,1.8199999885837315e-05,17,12.861862340059151
insert,7444,685429,1.4000000192027073e-05,14,12.862056133469462
insert,7445,396906,1.5000000075815478e-05,15,12.862249900851513
insert,7446,383042,1.6200000118260505e-05,16,12.862443642212295
insert,7447,616226,1.4199999895936344e-05,14,12.862637357558794
insert,7448,685074,1.3800000033370452e-05,14,12.862831046897997
insert,7449,941859,1.6800000139483018e-05,16,12.863024710236886
insert,7450,876053,1.5699999948992627e-05,16,12.86321834758244
insert,7451,81619,1.7500000012660166e-05,17,12.863411958941638
insert,7452,541761,1.4900000223860843e-05,15,12.86360554432145
insert,7453,263808,1.3899999885325087e-05,14,12.86379910372885
insert,7454,394610,1.6800000139483018e-05,17,12.863992637170805
insert,7455,951313,1.629999997021514e-05,16,12.86418614465428
insert,7456,233727,1.5799999800947262e-05,15,12.864379626186238
insert,7457,541456,1.7899999875226058e-05,18,12.864573081773642
insert,7458,425557,1.75999998646148e-05,17,12.864766511423444
insert,7459,370041,1.4700000065204222e-05,14,12.8649599151426
insert,7460,856935,1.700000029813964e-05,16,12.865153292938063
insert,7461,909870,1.560000009703799e-05,15,12.86534664481678
insert,7462,361793,1.539999993838137e-05,15,12.865539970785697
insert,7463,510512,1.8700000055105193e-05,18,12.86573327085176
insert,7464,831162,1.5300000086426735e-05,15,12.865926545021903
insert,7465,505530,2.080000012938399e-05,18,12.86611979330307
insert,7466,930268,1.340000017080456e-05,13,12.866313015702191
insert,7467,633562,1.629999997021514e-05,16,12.866506212226202
insert,7468,6919,1.339999971605721e-05,13,12.866699382882029
insert,7469,526215,1.539999993838137e-05,15,12.8668925276766
insert,7470,924880,2.5999999706982635e-05,16,12.867085646616836
insert,7471,145719,7.049999976516119e-05,14,12.867278739709661
insert,7472,461268,3.349999997226405e-05,14,12.867471806961992
insert,7473,173651,2.8299999939918052e-05,13,12.867664848380745
insert,7474,241163,3.670000023703324e-05,15,12.86785786397283
insert,7475,80833,3.769999966607429e-05,17,12.868050853745158
insert,7476,539536,3.229999992981902e-05,15,12.868243817704636
insert,7477,674735,3.0299999707494862e-05,14,12.868436755858168
insert,7478,294451,3.990000004705507e-05,17,12.868629668212657
insert,7479,221792,3.710000009959913e-05,14,12.868822554774999
insert,7480,157539,2.7799999770650174e-05,13,12.869015415552091
insert,7481,195985,2.9999999696883606e-05,14,12.869208250550827
insert,7482,165002,2.7499999760038918e-05,13,12.869401059778095
insert,7483,379819,3.220000007786439e-05,15,12.869593843240784
insert,7484,631265,3.4499999856052455e-05,16,12.86978660094578
insert,7485,752147,3.699999979289714e-05,17,12.869979332899963
insert,7486,856640,2.7999999929306796e-05,13,12.870172039110212
insert,7487,124079,3.0200000310287578e-05,14,12.870364719583405
insert,7488,693224,3.259999994043028e-05,15,12.870557374326415
insert,7489,241536,2.9799999992974335e-05,14,12.870750003346114
insert,7490,434754,3.479999986666371e-05,16,12.870942606649368
insert,7491,850577,2.7799999770650174e-05,13,12.871135184243045
insert,7492,346266,3.0100000003585592e-05,14,12.871327736134008
insert,7493,755243,3.440000000409782e-05,16,12.871520262329113
insert,7494,118845,3.689999994094251e-05,17,12.871712762835221
insert,7495,504907,3.199999991920777e-05,15,12.871905237659186
insert,7496,708030,3.220000007786439e-05,15,12.87209768680786
insert,7497,502074,3.189999961250578e-05,15,12.872290110288091
insert,7498,502291,3.860000015265541e-05,18,12.872482508106724
insert,7499,220940,3.770000012082164e-05,16,12.872674880270605
insert,7500,619490,3.190000006725313e-05,15,12.872867226786575
insert,7501,169079,3.130000004603062e-05,14,12.87305954766147
insert,7502,678701,2.9799999992974335e-05,14,12.873251842902127
insert,7503,873847,2.9999999696883606e-05,14,12.873444112515376
insert,7504,430860,3.4499999856052455e-05,16,12.873636356508051
insert,7505,23537,2.769999991869554e-05,13,12.873828574886977
insert,7506,255507,2.550000044720946e-05,12,12.874020767658976
insert,7507,45241,3.5200000183976954e-05,16,12.874212934830874
insert,7508,134098,3.0199999855540227e-05,14,12.874405076409488
insert,7509,601345,3.749999996216502e-05,17,12.874597192401634
insert,7510,621122,2.9600000289065065e-05,14,12.874789282814126
insert,7511,168957,3.2699999792384915e-05,15,12.874981347653774
insert,7512,141269,2.949999998236308e-05,14,12.875173386927388
insert,7513,660121,3.240000023652101e-05,15,12.87536540064177
insert,7514,537545,3.659999993033125e-05,17,12.875557388803728
insert,7515,41095,2.750000021478627e-05,13,12.875749351420055
insert,7516,934070,3.710000009959913e-05,17,12.875941288497554
insert,7517,600068,4.0100000205711694e-05,16,12.876133200043016
insert,7518,154000,3.239999978177366e-05,15,12.876325086063236
insert,7519,58628,3.229999992981902e-05,15,12.876516946565
insert,7520,174422,3.2700000247132266e-05,15,12.876708781555095
insert,7521,270805,2.550000044720946e-05,12,12.876900591040306
insert,7522,967256,3.440000000409782e-05,16,12.877092375027413
insert,7523,188784,2.7799999770650174e-05,13,12.877284133523196
insert,7524,541738,3.399999968678458e-05,16,12.877475866534427
insert,7525,425152,2.9799999992974335e-05,14,12.877667574067882
insert,7526,628472,3.1799999760551145e-05,15,12.877859256130328
insert,7527,590983,3.6499999623629265e-05,17,12.878050912728536
insert,7528,668596,3.4499999856052455e-05,15,12.87824254386927
insert,7529,19525,3.5200000183976954e-05,16,12.87843414955929
insert,7530,921184,3.4700000014709076e-05,16,12.878625729805357
insert,7531,754501,3.730000025825575e-05,17,12.878817284614229
insert,7532,763337,2.9799999992974335e-05,14,12.879008813992655
insert,7533,693890,2.989999984492897e-05,14,12.879200317947392
insert,7534,861199,3.480000032141106e-05,16,12.879391796485187
insert,7535,297224,3.730000025825575e-05,17,12.879583249612784
insert,7536,993268,2.9799999992974335e-05,14,12.879774677336927
insert,7537,89914,3.730000025825575e-05,17,12.879966079664356
insert,7538,227115,2.7600000066740904e-05,13,12.880157456601811
insert,7539,471024,3.6500000078376615e-05,17,12.880348808156027
insert,7540,635989,2.950000043711043e-05,14,12.880540134333735
insert,7541,494313,2.989999984492897e-05,14,12.880731435141664
insert,7542,909433,3.530000003593159e-05,16,12.880922710586542
insert,7543,505066,3.8499999845953425e-05,18,12.881113960675096
insert,7544,178853,3.259999994043028e-05,15,12.881305185414046
insert,7545,230020,3.200000037395512e-05,15,12.88149638481011
insert,7546,870700,3.1800000215298496e-05,15,12.881687558870006
insert,7547,430721,2.790000007735216e-05,13,12.881878707600446
insert,7548,630026,3.409999999348656e-05,16,12.882069831008142
insert,7549,149645,3.220000007786439e-05,15,12.882260929099804
insert,7550,833216,3.9399999877787195e-05,18,12.882452001882136
insert,7551,610949,2.9999999696883606e-05,14,12.88264304936184
insert,7552,860308,2.969999968627235e-05,14,12.882834071545622
insert,7553,804772,2.9599999834317714e-05,14,12.883025068440173
insert,7554,190720,2.5600000299164094e-05,12,12.883216040052192
insert,7555,653485,3.190000006725313e-05,15,12.88340698638837
insert,7556,691692,2.789999962260481e-05,13,12.883597907455398
insert,7557,535618,3.789999982473091e-05,16,12.88378880325996
insert,7558,175869,2.989999984492897e-05,14,12.883979673808748
insert,7559,759365,7.499999992433004e-05,14,12.884170519108435
insert,7560,718895,2.969999968627235e-05,14,12.884361339165705
insert,7561,359317,3.0200000310287578e-05,14,12.884552133987235
insert,7562,967157,3.199999991920777e-05,15,12.884742903579696
insert,7563,475498,3.440000000409782e-05,16,12.884933647949762
insert,7564,625511,3.4700000014709076e-05,15,12.8851243671041
insert,7565,619285,3.779999997277628e-05,15,12.885315061049376
insert,7566,72188,3.2499999633728294e-05,15,12.885505729792254
insert,7567,240978,2.97000001410197e-05,14,12.885696373339396
insert,7568,396584,3.0100000003585592e-05,14,12.885886991697456
insert,7569,404187,3.210000022590975e-05,15,12.886077584873094
insert,7570,138636,3.240000023652101e-05,15,12.88626815287296
insert,7571,113845,3.190000006725313e-05,15,12.886458695703706
insert,7572,17368,2.5299999833805487e-05,12,12.886649213371976
insert,7573,212178,2.7600000066740904e-05,13,12.88683970588442
insert,7574,548103,3.420000030018855e-05,16,12.887030173247675
insert,7575,901348,3.4899999718618346e-05,16,12.887220615468385
insert,7576,953512,2.5599999844416743e-05,12,12.887411032553185
insert,7577,528860,3.229999992981902e-05,15,12.88760142450871
insert,7578,717612,2.9599999834317714e-05,14,12.887791791341588
insert,7579,440187,3.72999998035084e-05,17,12.887982133058454
insert,7580,866663,3.679999963424052e-05,17,12.888172449665932
insert,7581,156827,2.7799999770650174e-05,13,12.888362741170644
insert,7582,634925,2.769999991869554e-05,13,12.888553007579214
insert,7583,100977,4.510000007940107e-05,17,12.888743248898258
insert,7584,186041,3.440000000409782e-05,16,12.888933465134397
insert,7585,498986,4.560000024866895e-05,17,12.889123656294238
insert,7586,945405,3.0100000003585592e-05,14,12.889313822384395
insert,7587,644611,3.1800000215298496e-05,15,12.889503963411476
insert,7588,628951,3.169999990859651e-05,15,12.889694079382085
insert,7589,40933,2.7599999611993553e-05,12,12.889884170302828
insert,7590,920391,2.9799999992974335e-05,14,12.890074236180304
insert,7591,821946,3.0100000003585592e-05,14,12.89026427702111
insert,7592,557245,2.769999991869554e-05,13,12.89045429283184
insert,7593,527779,3.679999963424052e-05,17,12.890644283619089
insert,7594,788931,2.770000037344289e-05,13,12.890834249389446
insert,7595,123225,2.969999968627235e-05,14,12.891024190149498
insert,7596,97717,2.769999991869554e-05,13,12.89121410590583
insert,7597,505667,3.6299999919719994e-05,17,12.891403996665023
insert,7598,691424,3.0100000003585592e-05,14,12.891593862433657
insert,7599,136660,2.7599999611993553e-05,13,12.89178370321831
insert,7600,945800,2.519999998185085e-05,12,12.891973519025555
insert,7601,632790,3.169999990859651e-05,15,12.892163309861965
insert,7602,565483,3.670000023703324e-05,16,12.892353075734109
insert,7603,867720,2.9799999992974335e-05,14,12.892542816648552
insert,7604,1259,3.190000006725313e-05,15,12.89273253261186
insert,7605,940541,3.259999994043028e-05,15,12.892922223630592
insert,7606,983287,3.670000023703324e-05,17,12.893111889711307
insert,7607,812511,3.639999977167463e-05,17,12.893301530860564
insert,7608,711522,2.769999991869554e-05,13,12.893491147084914
insert,7609,680769,3.7400000110210385e-05,17,12.893680738390907
insert,7610,452458,3.1800000215298496e-05,15,12.893870304785095
insert,7611,547404,3.1600000056641875e-05,15,12.894059846274022
insert,7612,441120,3.239999978177366e-05,15,12.894249362864231
insert,7613,388369,2.770000037344289e-05,13,12.894438854562262
insert,7614,917320,3.2300000384566374e-05,14,12.894628321374654
insert,7615,45549,3.599999990910874e-05,15,12.894817763307943
insert,7616,731532,3.569999989849748e-05,14,12.895007180368662
insert,7617,555553,3.7399999655463034e-05,17,12.89519657256334
insert,7618,449794,3.1800000215298496e-05,15,12.895385939898507
insert,7619,240634,2.9799999992974335e-05,14,12.895575282380685
insert,7620,984007,4.5700000100623583e-05,17,12.895764600016399
insert,7621,841273,3.9399999877787195e-05,18,12.895953892812168
insert,7622,505544,3.190000006725313e-05,15,12.89614316077451
insert,7623,827910,2.9999999696883606e-05,14,12.896332403909941
insert,7624,806011,3.299999980299617e-05,14,12.896521622224974
insert,7625,399756,3.4700000014709076e-05,16,12.896710815726115
insert,7626,367545,3.49000001733657e-05,16,12.896899984419875
insert,7627,617662,3.500000002532033e-05,16,12.897089128312757
insert,7628,843707,3.229999992981902e-05,15,12.897278247411263
insert,7629,777408,3.499999957057298e-05,16,12.897467341721892
insert,7630,951960,3.479999986666371e-05,16,12.897656411251145
insert,7631,798532,2.989999984492897e-05,14,12.897845456005511
insert,7632,877858,2.7999999929306796e-05,13,12.898034475991487
insert,7633,730551,2.7599999611993553e-05,13,12.898223471215559
insert,7634,604107,2.789999962260481e-05,13,12.898412441684213
insert,7635,102464,3.7400000110210385e-05,17,12.898601387403938
insert,7636,446158,3.170000036334386e-05,15,12.898790308381212
insert,7637,140387,3.440000000409782e-05,16,12.898979204622513
insert,7638,266882,2.9999999696883606e-05,14,12.899168076134323
insert,7639,500319,3.890000016326667e-05,18,12.899356922923111
insert,7640,803062,3.399999968678458e-05,16,12.89954574499535
insert,7641,243808,3.4700000014709076e-05,16,12.89973454235751
insert,7642,954294,2.989999984492897e-05,14,12.899923315016059
insert,7643,900783,3.229999992981902e-05,15,12.900112062977456
insert,7644,87890,3.5599999591795495e-05,14,12.900300786248167
insert,7645,297027,3.220000007786439e-05,15,12.90048948483465
insert,7646,627355,3.440000000409782e-05,14,12.900678158743357
insert,7647,919357,3.210000022590975e-05,15,12.900866807980748
insert,7648,570144,3.699999979289714e-05,17,12.901055432553273
insert,7649,428498,3.730000025825575e-05,17,12.901244032467376
insert,7650,270329,2.5299999833805487e-05,12,12.90143260772951
insert,7651,198203,2.809999978126143e-05,13,12.901621158346112
insert,7652,5736,2.7499999760038918e-05,13,12.901809684323629
insert,7653,743597,3.0199999855540227e-05,14,12.901998185668496
insert,7654,779770,2.989999984492897e-05,14,12.90218666238715
insert,7655,827770,3.66000003850786e-05,17,12.902375114486025
insert,7656,7460,3.199999991920777e-05,14,12.902563541971553
insert,7657,606064,3.659999993033125e-05,17,12.902751944850161
insert,7658,547924,3.6500000078376615e-05,17,12.902940323128275
insert,7659,123553,2.97000001410197e-05,14,12.903128676812319
insert,7660,545010,3.680000008898787e-05,17,12.903317005908715
insert,7661,7544,2.9399999675661093e-05,14,12.90350531042388
insert,7662,393248,3.0100000003585592e-05,14,12.903693590364231
insert,7663,686342,3.2500000088475645e-05,15,12.90388184573618
insert,7664,215398,2.989999984492897e-05,14,12.90407007654614
insert,7665,721176,3.0100000003585592e-05,14,12.904258282800518
insert,7666,843357,3.890000016326667e-05,18,12.904446464505721
insert,7667,331247,3.409999999348656e-05,16,12.904634621668151
insert,7668,428706,2.750000021478627e-05,13,12.90482275429421
insert,7669,379868,3.890000016326667e-05,18,12.905010862390295
insert,7670,111761,2.97000001410197e-05,14,12.905198945962805
insert,7671,162298,2.9799999992974335e-05,14,12.905387005018131
insert,7672,446769,3.1600000056641875e-05,15,12.905575039562663
insert,7673,683227,3.749999996216502e-05,16,12.905763049602793
insert,7674,613806,3.639999977167463e-05,17,12.905951035144904
insert,7675,265954,2.97000001410197e-05,14,12.90613899619538
insert,7676,273996,2.7399999908084283e-05,13,12.906326932760603
insert,7677,896509,3.479999986666371e-05,16,12.90651484484695
insert,7678,562147,3.440000000409782e-05,16,12.906702732460797
insert,7679,444137,3.41999998454412e-05,16,12.906890595608518
insert,7680,592100,2.989999984492897e-05,14,12.907078434296485
insert,7681,383406,3.700000024764449e-05,17,12.907266248531066
insert,7682,641604,3.659999993033125e-05,17,12.907454038318624
insert,7683,288947,2.949999998236308e-05,14,12.907641803665527
insert,7684,713667,3.390000028957729e-05,16,12.907829544578133
insert,7685,416761,3.190000006725313e-05,15,12.908017261062803
insert,7686,791646,3.6699999782285886e-05,17,12.90820495312589
insert,7687,213589,3.040000001419685e-05,13,12.90839262077375
insert,7688,433302,3.220000007786439e-05,14,12.908580264012734
insert,7689,578924,3.440000000409782e-05,16,12.908767882849189
insert,7690,821862,2.7800000225397525e-05,13,12.908955477289462
insert,7691,584647,3.190000006725313e-05,15,12.909143047339898
insert,7692,505905,3.6500000078376615e-05,17,12.909330593006835
insert,7693,187402,2.9999999696883606e-05,14,12.909518114296615
insert,7694,388197,2.97000001410197e-05,14,12.909705611215573
insert,7695,586253,3.400000014153193e-05,16,12.909893083770042
insert,7696,581867,3.1599999601894524e-05,15,12.910080531966354
insert,7697,507260,3.389999983482994e-05,16,12.91026795581084
insert,7698,266106,2.9599999834317714e-05,14,12.910455355309821
insert,7699,321550,3.199999991920777e-05,15,12.910642730469625
insert,7700,605712,2.949999998236308e-05,14,12.910830081296574
insert,7701,361084,3.4499999856052455e-05,16,12.911017407796985
insert,7702,811802,3.409999999348656e-05,15,12.911204709977175
insert,7703,739765,2.7999999929306796e-05,13,12.911391987843459
insert,7704,417470,3.1800000215298496e-05,15,12.911579241402148
insert,7705,771524,3.040000001419685e-05,13,12.91176647065955
insert,7706,144776,3.0100000003585592e-05,14,12.911953675621973
insert,7707,896532,3.689999994094251e-05,17,12.912140856295721
insert,7708,905792,3.0000000151630957e-05,14,12.912328012687096
insert,7709,691309,2.9799999992974335e-05,14,12.912515144802397
insert,7710,124871,3.389999983482994e-05,16,12.91270225264792
insert,7711,784141,2.97000001410197e-05,14,12.912889336229961
insert,7712,240933,3.389999983482994e-05,16,12.913076395554812
insert,7713,468289,3.6100000215810724e-05,17,12.913263430628762
insert,7714,821150,3.229999992981902e-05,15,12.913450441458098
insert,7715,733282,2.9799999992974335e-05,14,12.913637428049103
insert,7716,995356,3.0000000151630957e-05,14,12.913824390408063
insert,7717,169655,2.750000021478627e-05,13,12.914011328541255
insert,7718,105150,3.190000006725313e-05,15,12.914198242454956
insert,7719,224876,3.220000007786439e-05,15,12.914385132155443
insert,7720,533037,0.00030180000021573505,15,12.914571997648986
insert,7721,420019,3.819999983534217e-05,16,12.914758838941857
insert,7722,824266,3.0000000151630957e-05,14,12.914945656040324
insert,7723,354878,3.0000000151630957e-05,14,12.91513244895065
insert,7724,839757,3.5399999887886224e-05,15,12.9153192176791
insert,7725,577322,3.259999994043028e-05,14,12.915505962231931
insert,7726,643853,4.340000032243552e-05,18,12.915692682615404
insert,7727,730918,3.0299999707494862e-05,13,12.915879378835774
insert,7728,717818,3.479999986666371e-05,15,12.91606605089929
insert,7729,741123,3.839999999399879e-05,14,12.91625269881221
insert,7730,54582,3.509999987727497e-05,15,12.916439322580777
insert,7731,168547,2.569999969637138e-05,12,12.916625922211235
insert,7732,408005,3.9199999719130574e-05,18,12.916812497709833
insert,7733,666765,2.7999999929306796e-05,13,12.916999049082808
insert,7734,5548,3.500000002532033e-05,16,12.917185576336397
insert,7735,843443,3.699999979289714e-05,17,12.917372079476841
insert,7736,95514,3.4700000014709076e-05,16,12.91755855851037
insert,7737,863246,3.2500000088475645e-05,15,12.917745013443216
insert,7738,152388,3.229999992981902e-05,15,12.917931444281608
insert,7739,494581,3.9600000036443816e-05,18,12.918117851031772
insert,7740,970837,3.0200000310287578e-05,14,12.918304233699933
insert,7741,629403,3.440000000409782e-05,16,12.918490592292311
insert,7742,456527,3.4899999718618346e-05,16,12.918676926815126
insert,7743,92423,2.7600000066740904e-05,13,12.918863237274595
insert,7744,67194,3.219999962311704e-05,15,12.91904952367693
insert,7745,275872,3.509999987727497e-05,16,12.919235786028347
insert,7746,232543,3.4699999559961725e-05,16,12.919422024335052
insert,7747,388849,3.4700000014709076e-05,16,12.919608238603253
insert,7748,83928,3.459999970800709e-05,16,12.919794428839156
insert,7749,638614,3.9200000173877925e-05,18,12.919980595048962
insert,7750,39590,2.769999991869554e-05,13,12.92016673723887
insert,7751,759688,2.989999984492897e-05,14,12.92035285541508
insert,7752,402996,3.3399999665562063e-05,14,12.920538949583786
insert,7753,975894,4.0299999909620965e-05,16,12.920725019751181
insert,7754,420107,3.0300000162242213e-05,14,12.920911065923454
insert,7755,643790,3.479999986666371e-05,16,12.921097088106793
insert,7756,688050,3.700000024764449e-05,17,12.921283086307383
insert,7757,546314,3.220000007786439e-05,15,12.921469060531411
insert,7758,300385,3.0100000003585592e-05,14,12.921655010785052
insert,7759,746173,3.239999978177366e-05,15,12.92184093707449
insert,7760,626496,2.7400000362831634e-05,13,12.922026839405897
insert,7761,60255,3.72999998035084e-05,17,12.922212717785449
insert,7762,991655,2.809999978126143e-05,13,12.922398572219315
insert,7763,811188,3.680000008898787e-05,17,12.922584402713664
insert,7764,860073,3.4499999856052455e-05,16,12.922770209274663
insert,7765,183786,3.259999994043028e-05,15,12.922955991908477
insert,7766,671395,3.4500000310799805e-05,16,12.923141750621268
insert,7767,518383,2.9799999992974335e-05,14,12.923327485419192
insert,7768,460296,3.1799999760551145e-05,15,12.92351319630841
insert,7769,11231,3.220000007786439e-05,15,12.923698883295073
insert,7770,211506,3.500000002532033e-05,16,12.923884546385334
insert,7771,891885,3.550000019458821e-05,16,12.924070185585345
insert,7772,688794,3.259999994043028e-05,14,12.92425580090125
insert,7773,975971,3.190000006725313e-05,15,12.924441392339197
insert,7774,842961,2.989999984492897e-05,14,12.924626959905327
insert,7775,543324,3.2500000088475645e-05,14,12.92481250360578
insert,7776,299900,3.769999966607429e-05,16,12.924998023446696
insert,7777,204207,2.8199999633216066e-05,13,12.925183519434208
insert,7778,35242,2.769999991869554e-05,13,12.925368991574452
insert,7779,822042,3.710000009959913e-05,17,12.925554439873554
insert,7780,628637,3.639999977167463e-05,17,12.925739864337647
insert,7781,535349,3.860000015265541e-05,16,12.925925264972856
insert,7782,540870,3.440000000409782e-05,16,12.926110641785304
insert,7783,732378,3.0300000162242213e-05,14,12.926295994781112
insert,7784,242925,3.059999971810612e-05,14,12.9264813239664
insert,7785,645074,2.990000029967632e-05,14,12.926666629347283
insert,7786,177716,3.2500000088475645e-05,15,12.926851910929878
insert,7787,706766,2.5399999685760122e-05,12,12.927037168720295
insert,7788,37813,2.7300000056129647e-05,13,12.927222402724643
insert,7789,377215,3.0100000003585592e-05,14,12.92740761294903
insert,7790,250879,2.7999999929306796e-05,13,12.927592799399564
insert,7791,686838,3.500000002532033e-05,16,12.927777962082342
insert,7792,302,3.41999998454412e-05,16,12.927963101003467
insert,7793,165093,3.220000007786439e-05,15,12.928148216169037
insert,7794,91062,3.0000000151630957e-05,14,12.928333307585147
insert,7795,289341,2.949999998236308e-05,14,12.92851837525789
insert,7796,817547,3.479999986666371e-05,16,12.928703419193356
insert,7797,418837,3.4300000152143184e-05,16,12.928888439397635
insert,7798,370282,3.4300000152143184e-05,16,12.929073435876813
insert,7799,702192,3.040000001419685e-05,14,12.929258408636972
insert,7800,414338,3.9199999719130574e-05,18,12.929443357684196
insert,7801,425147,3.659999993033125e-05,17,12.929628283024563
insert,7802,614550,3.659999993033125e-05,17,12.929813184664148
insert,7803,210041,3.500000002532033e-05,16,12.929998062609027
insert,7804,542893,3.169999990859651e-05,15,12.930182916865272
insert,7805,16113,3.220000007786439e-05,15,12.930367747438952
insert,7806,772723,3.41999998454412e-05,16,12.930552554336135
insert,7807,737802,3.229999992981902e-05,15,12.930737337562887
insert,7808,71951,3.4700000014709076e-05,16,12.930922097125269
insert,7809,963828,2.7999999929306796e-05,13,12.931106833029341
insert,7810,94546,3.210000022590975e-05,15,12.931291545281164
insert,7811,576290,3.040000001419685e-05,14,12.931476233886793
insert,7812,298314,3.51999997292296e-05,14,12.931660898852277
insert,7813,761412,3.870000000461005e-05,16,12.931845540183673
insert,7814,870072,3.569999989849748e-05,14,12.932030157887027
insert,7815,586274,3.8300000142044155e-05,17,12.932214751968385
insert,7816,959457,3.28000000990869e-05,14,12.932399322433792
insert,7817,611249,4.069999977218686e-05,17,12.93258386928929
insert,7818,365005,3.0500000320898835e-05,14,12.932768392540918
insert,7819,364355,3.2899999951041536e-05,15,12.932952892194715
insert,7820,855130,3.420000030018855e-05,14,12.933137368256713
insert,7821,289940,3.9200000173877925e-05,16,12.933321820732946
insert,7822,237289,4.079999962414149e-05,16,12.933506249629444
insert,7823,635819,3.5799999750452116e-05,14,12.933690654952233
insert,7824,203975,3.779999997277628e-05,15,12.933875036707343
insert,7825,476850,4.0500000068277586e-05,16,12.934059394900794
insert,7826,974876,4.0100000205711694e-05,16,12.934243729538608
insert,7827,423580,3.4700000014709076e-05,15,12.934428040626804
insert,7828,602834,3.5600000046542846e-05,16,12.934612328171397
insert,7829,4878,2.790000007735216e-05,13,12.934796592178403
insert,7830,273792,3.550000019458821e-05,16,12.934980832653832
insert,7831,183538,4.059999992023222e-05,16,12.935165049603695
insert,7832,426912,3.969999988839845e-05,17,12.935349243033999
insert,7833,530830,3.990000004705507e-05,18,12.935533412950747
insert,7834,111637,2.990000029967632e-05,14,12.935717559359944
insert,7835,585767,3.440000000409782e-05,14,12.935901682267588
insert,7836,75903,3.999999989900971e-05,16,12.936085781679678
insert,7837,527612,3.999999989900971e-05,16,12.936269857602209
insert,7838,308546,3.3399999665562063e-05,13,12.936453910041177
insert,7839,356481,3.259999994043028e-05,13,12.936637939002571
insert,7840,993018,4.42000000475673e-05,17,12.93682194449238
insert,7841,122693,3.550000019458821e-05,14,12.937005926516589
insert,7842,841946,3.879999985656468e-05,15,12.937189885081185
insert,7843,538221,4.0500000068277586e-05,16,12.93737382019215
insert,7844,270212,3.369999967617332e-05,13,12.93755773185546
insert,7845,918672,4.109999963475275e-05,16,12.937741620077096
insert,7846,564033,3.969999988839845e-05,16,12.937925484863031
insert,7847,852647,3.6699999782285886e-05,14,12.938109326219239
insert,7848,831929,3.950000018448918e-05,15,12.93829314415169
insert,7849,602820,3.28000000990869e-05,13,12.938476938666351
insert,7850,262293,3.2500000088475645e-05,13,12.938660709769191
insert,7851,727913,4.080000007888884e-05,16,12.938844457466171
insert,7852,464277,4.5700000100623583e-05,19,12.939028181763254
insert,7853,395398,3.120000019407598e-05,14,12.939211882666397
insert,7854,590526,3.259999994043028e-05,15,12.93939556018156
insert,7855,507123,4.3000000005122274e-05,18,12.939579214314692
insert,7856,807370,4.269999999451102e-05,17,12.939762845071753
insert,7857,255091,3.72999998035084e-05,13,12.939946452458686
insert,7858,794269,3.3799999982875306e-05,15,12.940130036481444
insert,7859,356161,3.709999964485178e-05,16,12.94031359714597
insert,7860,813275,3.389999983482994e-05,14,12.940497134458205
insert,7861,481138,3.3799999982875306e-05,15,12.940680648424093
insert,7862,714704,3.169999990859651e-05,13,12.940864139049573
insert,7863,483101,3.51999997292296e-05,14,12.94104760634058
insert,7864,940074,3.329999981360743e-05,14,12.941231050303049
insert,7865,615333,3.319999996165279e-05,15,12.941414470942911
insert,7866,903897,2.8199999633216066e-05,13,12.941597868266095
insert,7867,28680,2.790000007735216e-05,12,12.94178124227853
insert,7868,505383,4.579999995257822e-05,18,12.94196459298614
insert,7869,121917,5.0799999826267594e-05,14,12.942147920394849
insert,7870,270344,3.3400000120309414e-05,13,12.942331224510577
insert,7871,70836,3.5200000183976954e-05,14,12.94251450533924
insert,7872,401262,4.7699999868200393e-05,14,12.942697762886757
insert,7873,664443,3.4700000014709076e-05,14,12.94288099715904
insert,7874,826966,4.0500000068277586e-05,16,12.943064208162003
insert,7875,231088,3.300000025774352e-05,13,12.943247395901553
insert,7876,709795,3.8500000300700776e-05,15,12.943430560383598
insert,7877,735237,3.4500000310799805e-05,14,12.943613701614042
insert,7878,241100,4.439999975147657e-05,17,12.94379681959879
insert,7879,839031,4.350000017439015e-05,14,12.943979914343739
insert,7880,331068,4.489999992074445e-05,17,12.944162985854788
insert,7881,432460,3.5399999887886224e-05,14,12.944346034137833
insert,7882,370249,4.1199999941454735e-05,16,12.94452905919877
insert,7883,541594,4.0299999909620965e-05,16,12.944712061043486
insert,7884,561672,3.779999997277628e-05,15,12.944895039677872
insert,7885,10196,3.9399999877787195e-05,15,12.945077995107816
insert,7886,734862,3.879999985656468e-05,14,12.945260927339202
insert,7887,872601,3.580000020519947e-05,14,12.945443836377912
insert,7888,276143,3.319999996165279e-05,13,12.945626722229825
insert,7889,260317,4.2300000131945126e-05,16,12.945809584900822
insert,7890,301245,3.789999982473091e-05,15,12.945992424396774
insert,7891,97528,4.350000017439015e-05,17,12.946175240723559
insert,7892,418310,3.479999986666371e-05,14,12.946358033887046
insert,7893,706424,3.550000019458821e-05,12,12.946540803893104
insert,7894,785162,3.510000033202232e-05,14,12.946723550747599
insert,7895,860960,4.1199999941454735e-05,16,12.946906274456397
insert,7896,358606,3.600000036385609e-05,14,12.94708897502536
insert,7897,79722,3.819999983534217e-05,15,12.947271652460348
insert,7898,581490,3.7599999814119656e-05,15,12.947454306767218
insert,7899,976640,4.3200000163778896e-05,14,12.947636937951827
insert,7900,187156,4.959999978382257e-05,14,12.947819546020028
insert,7901,499705,4.650000028050272e-05,18,12.94800213097767
insert,7902,329120,4.530000023805769e-05,17,12.948184692830605
insert,7903,370712,3.5399999887886224e-05,14,12.948367231584678
insert,7904,229184,3.5400000342633575e-05,14,12.948549747245734
insert,7905,937759,3.1099999887374e-05,12,12.948732239819613
insert,7906,601582,4.450000005817856e-05,17,12.94891470931216
insert,7907,282147,3.909999986717594e-05,15,12.949097155729207
insert,7908,191664,4.1900000269379234e-05,16,12.949279579076595
insert,7909,993126,0.00012310000010984368,14,12.949461979360155
insert,7910,782402,3.659999993033125e-05,14,12.949644356585717
insert,7911,716290,6.010000015521655e-05,17,12.949826710759112
insert,7912,975444,4.099999978279811e-05,16,12.950009041886164
insert,7913,954129,3.9200000173877925e-05,15,12.950191349972702
insert,7914,199406,3.389999983482994e-05,13,12.950373635024544
insert,7915,523239,3.5600000046542846e-05,14,12.950555897047511
insert,7916,772919,3.4700000014709076e-05,14,12.950738136047425
insert,7917,209366,3.219999962311704e-05,13,12.950920352030098
insert,7918,246270,3.4700000014709076e-05,14,12.951102545001342
insert,7919,771154,3.5600000046542846e-05,14,12.951284714966972
insert,7920,253815,4.070000022693421e-05,16,12.951466861932795
insert,7921,915137,3.2899999951041536e-05,13,12.951648985904619
insert,7922,278298,3.9400000332534546e-05,15,12.95183108688825
insert,7923,216824,4.219999982524314e-05,17,12.952013164889486
insert,7924,240342,3.639999977167463e-05,15,12.952195219914133
insert,7925,212617,3.110000034212135e-05,13,12.952377251967985
insert,7926,875499,3.9399999877787195e-05,16,12.952559261056837
insert,7927,261825,3.150000020468724e-05,13,12.952741247186488
insert,7928,876961,3.409999999348656e-05,14,12.952923210362727
insert,7929,648646,3.41999998454412e-05,14,12.953105150591341
insert,7930,373322,3.90000000152213e-05,16,12.95328706787812
insert,7931,163574,4.040000021632295e-05,16,12.953468962228849
insert,7932,816777,3.699999979289714e-05,15,12.953650833649307
insert,7933,111872,3.7599999814119656e-05,14,12.953832682145281
insert,7934,125702,3.689999994094251e-05,15,12.954014507722544
insert,7935,964888,4.450000005817856e-05,16,12.954196310386875
insert,7936,82301,3.4700000014709076e-05,14,12.954378090144047
insert,7937,708641,3.670000023703324e-05,15,12.954559846999834
insert,7938,695651,3.130000004603062e-05,13,12.95474158096
insert,7939,516597,3.599999990910874e-05,15,12.95492329203032
insert,7940,643645,3.349999997226405e-05,14,12.955104980216555
insert,7941,6946,3.300000025774352e-05,14,12.955286645524469
insert,7942,801369,3.90000000152213e-05,14,12.955468287959821
insert,7943,898724,0.0003212000001440174,15,12.955649907528374
insert,7944,567777,4.360000002634479e-05,15,12.955831504235881
insert,7945,44317,4.199999966658652e-05,15,12.956013078088098
insert,7946,889204,4.250000029060175e-05,16,12.956194629090778
insert,7947,505720,5.340000006981427e-05,18,12.95637615724967
insert,7948,389228,4.7700000322947744e-05,14,12.956557662570521
insert,7949,650818,4.239999998389976e-05,15,12.95673914505908
insert,7950,330739,3.819999983534217e-05,15,12.956920604721088
insert,7951,516257,4.8100000185513636e-05,18,12.957102041562287
insert,7952,941749,3.979999974035309e-05,15,12.957283455588415
insert,7953,923783,3.310000010969816e-05,13,12.95746484680521
insert,7954,940573,3.90000000152213e-05,15,12.95764621521841
insert,7955,602428,3.5399999887886224e-05,14,12.957827560833744
insert,7956,910971,3.3599999824218685e-05,13,12.958008883656944
insert,7957,288079,3.0899999728717376e-05,12,12.958190183693738
insert,7958,514647,3.4700000014709076e-05,14,12.958371460949852
insert,7959,191756,3.3400000120309414e-05,13,12.958552715431011
insert,7960,801388,4.489999992074445e-05,17,12.958733947142937
insert,7961,960503,4.3900000036956044e-05,17,12.958915156091349
insert,7962,535963,4.099999978279811e-05,16,12.959096342281967
insert,7963,293881,3.700000024764449e-05,14,12.959277505720502
insert,7964,417207,4.4299999899521936e-05,17,12.959458646412672
insert,7965,232882,3.330000026835478e-05,13,12.959639764364185
insert,7966,786610,4.5199999931355705e-05,17,12.959820859580754
insert,7967,604678,3.530000003593159e-05,14,12.960001932068081
insert,7968,134476,4.4800000068789814e-05,16,12.960182981831874
insert,7969,56779,3.820000029008952e-05,15,12.960364008877834
insert,7970,551274,3.710000009959913e-05,15,12.960545013211663
insert,7971,838096,3.689999994094251e-05,15,12.960725994839057
insert,7972,443733,3.3400000120309414e-05,14,12.960906953765717
insert,7973,501555,3.859999969790806e-05,16,12.96108788999733
insert,7974,985300,5.909999981668079e-05,14,12.961268803539594
insert,7975,567037,4.4299999899521936e-05,15,12.961449694398196
insert,7976,34145,3.9400000332534546e-05,14,12.961630562578824
insert,7977,526884,4.3000000005122274e-05,17,12.961811408087163
insert,7978,364159,3.66000003850786e-05,15,12.961992230928898
insert,7979,412843,3.6100000215810724e-05,15,12.962173031109709
insert,7980,902195,3.6500000078376615e-05,14,12.962353808635275
insert,7981,719679,3.5600000046542846e-05,14,12.962534563511271
insert,7982,813595,4.0299999909620965e-05,16,12.962715295743376
insert,7983,183292,3.5200000183976954e-05,14,12.96289600533726
insert,7984,479405,4.430000035426929e-05,15,12.963076692298594
insert,7985,126216,4.620000026989146e-05,17,12.963257356633047
insert,7986,732163,3.680000008898787e-05,14,12.963437998346286
insert,7987,543378,4.03999997615756e-05,16,12.963618617443974
insert,7988,482419,4.380000018500141e-05,17,12.96379921393177
insert,7989,330985,4.0299999909620965e-05,16,12.963979787815338
insert,7990,722690,3.49000001733657e-05,14,12.964160339100337
insert,7991,8828,3.1399999897985253e-05,13,12.96434086779242
insert,7992,12395,4.070000022693421e-05,17,12.964521373897238
insert,7993,706849,2.610000001368462e-05,12,12.964701857420447
insert,7994,220990,4.369999987829942e-05,17,12.964882318367694
insert,7995,397860,3.28000000990869e-05,15,12.965062756744627
insert,7996,609232,3.300000025774352e-05,15,12.965243172556892
insert,7997,105642,3.3400000120309414e-05,15,12.965423565810129
insert,7998,341245,3.6300000374467345e-05,14,12.965603936509982
insert,7999,379168,3.040000001419685e-05,14,12.965784284662087
insert,8000,642545,3.2500000088475645e-05,15,12.965964610272083
insert,8001,903707,3.2500000088475645e-05,15,12.966144913345602
insert,8002,272316,3.509999987727497e-05,14,12.966325193888277
insert,8003,196244,3.079999987676274e-05,14,12.966505451905741
insert,8004,575211,3.0000000151630957e-05,14,12.966685687403618
insert,8005,275618,2.7799999770650174e-05,13,12.966865900387539
insert,8006,248659,2.7999999929306796e-05,13,12.967046090863123
insert,8007,282496,3.569999989849748e-05,16,12.967226258835993
insert,8008,494242,3.749999996216502e-05,17,12.96740640431177
insert,8009,642866,3.170000036334386e-05,15,12.967586527296072
insert,8010,359763,2.769999991869554e-05,13,12.967766627794514
insert,8011,383700,2.8000000384054147e-05,13,12.967946705812707
insert,8012,192848,2.9799999992974335e-05,14,12.968126761356267
insert,8013,522999,3.680000008898787e-05,17,12.968306794430799
insert,8014,444537,3.659999993033125e-05,17,12.96848680504191
insert,8015,220760,3.639999977167463e-05,17,12.968666793195208
insert,8016,439451,3.040000001419685e-05,14,12.968846758896294
insert,8017,734751,3.41999998454412e-05,16,12.96902670215077
insert,8018,788735,3.309999965495081e-05,15,12.969206622964235
insert,8019,390395,3.749999996216502e-05,17,12.969386521342283
insert,8020,382813,2.97000001410197e-05,14,12.96956639729051
insert,8021,895826,3.8300000142044155e-05,17,12.96974625081451
insert,8022,420052,3.66000003850786e-05,17,12.96992608191987
insert,8023,293213,3.0299999707494862e-05,14,12.970105890612182
insert,8024,472624,3.440000000409782e-05,16,12.970285676897028
insert,8025,188628,3.20999997711624e-05,15,12.970465440779995
insert,8026,599167,3.229999992981902e-05,15,12.970645182266665
insert,8027,137510,3.8300000142044155e-05,14,12.970824901362617
insert,8028,603868,3.0300000162242213e-05,14,12.97100459807343
insert,8029,719336,3.0900000183464726e-05,14,12.971184272404678
insert,8030,239670,3.189999961250578e-05,13,12.971363924361935
insert,8031,853741,3.6299999919719994e-05,16,12.971543553950772
insert,8032,104722,3.5200000183976954e-05,16,12.97172316117676
insert,8033,755830,3.730000025825575e-05,17,12.971902746045467
insert,8034,283063,3.390000028957729e-05,14,12.972082308562456
insert,8035,843147,3.8499999845953425e-05,14,12.972261848733291
insert,8036,247260,2.790000007735216e-05,13,12.972441366563535
insert,8037,582317,3.20999997711624e-05,15,12.972620862058745
insert,8038,453215,2.989999984492897e-05,14,12.972800335224479
insert,8039,897905,3.569999989849748e-05,16,12.972979786066292
insert,8040,399386,3.2500000088475645e-05,15,12.973159214589735
insert,8041,205588,2.790000007735216e-05,13,12.97333862080036
insert,8042,152929,2.790000007735216e-05,13,12.973518004703717
insert,8043,838901,3.2699999792384915e-05,15,12.973697366305352
insert,8044,774418,3.530000003593159e-05,16,12.97387670561081
insert,8045,156813,3.219999962311704e-05,15,12.97405602262563
insert,8046,495963,3.220000007786439e-05,15,12.974235317355356
insert,8047,844805,3.0300000162242213e-05,14,12.974414589805527
insert,8048,10216,2.750000021478627e-05,13,12.974593839981678
insert,8049,185187,3.0700000024808105e-05,14,12.974773067889341
insert,8050,441997,3.0199999855540227e-05,14,12.974952273534052
insert,8051,523867,3.28000000990869e-05,15,12.97513145692134
insert,8052,141004,3.0500000320898835e-05,14,12.975310618056731
insert,8053,936662,2.8299999939918052e-05,13,12.975489756945754
insert,8054,890650,3.0299999707494862e-05,14,12.97566887359393
insert,8055,661287,3.259999994043028e-05,15,12.975847968006784
insert,8056,542122,3.429999969739583e-05,16,12.976027040189834
insert,8057,559922,3.689999994094251e-05,16,12.9762060901486
insert,8058,755563,3.749999996216502e-05,17,12.976385117888592
insert,8059,331065,4.529999978331034e-05,17,12.97656412341533
insert,8060,823482,3.7199999951553764e-05,17,12.976743106734322
insert,8061,510259,3.199999991920777e-05,15,12.97692206785108
insert,8062,314609,3.0500000320898835e-05,14,12.97710100677111
insert,8063,263166,3.229999992981902e-05,15,12.977279923499916
insert,8064,589445,3.659999993033125e-05,17,12.977458818043004
insert,8065,900205,2.5400000140507473e-05,12,12.977637690405876
insert,8066,595418,3.0700000024808105e-05,14,12.977816540594029
insert,8067,50027,3.0900000183464726e-05,14,12.977995368612962
insert,8068,417755,3.0000000151630957e-05,14,12.978174174468169
insert,8069,103783,3.2699999792384915e-05,14,12.978352958165143
insert,8070,724088,3.259999994043028e-05,15,12.978531719709377
insert,8071,171277,3.0499999866151484e-05,14,12.978710459106358
insert,8072,62953,3.0700000024808105e-05,14,12.978889176361573
insert,8073,225934,2.569999969637138e-05,12,12.97906787148051
insert,8074,853351,3.420000030018855e-05,16,12.97924654446865
insert,8075,266643,3.0700000024808105e-05,14,12.979425195331473
insert,8076,499688,3.950000018448918e-05,18,12.97960382407446
insert,8077,879726,3.819999983534217e-05,17,12.979782430703086
insert,8078,660459,3.210000022590975e-05,15,12.979961015222829
insert,8079,100980,3.4499999856052455e-05,16,12.980139577639157
insert,8080,471707,3.220000007786439e-05,15,12.980318117957545
insert,8081,780763,3.220000007786439e-05,15,12.98049663618346
insert,8082,350913,2.7999999929306796e-05,13,12.980675132322368
insert,8083,272388,2.750000021478627e-05,13,12.980853606379736
insert,8084,378497,3.6699999782285886e-05,17,12.981032058361023
insert,8085,377809,3.989999959230772e-05,17,12.981210488271694
insert,8086,587570,3.4700000014709076e-05,16,12.981388896117206
insert,8087,584573,3.640000022642198e-05,17,12.981567281903015
insert,8088,977110,3.0500000320898835e-05,14,12.981745645634575
insert,8089,849364,3.509999987727497e-05,16,12.981923987317339
insert,8090,270234,3.239999978177366e-05,15,12.98210230695676
insert,8091,360858,3.500000002532033e-05,16,12.982280604558284
insert,8092,20799,3.3200000416400144e-05,15,12.982458880127357
insert,8093,431763,3.459999970800709e-05,16,12.982637133669424
insert,8094,127127,2.97000001410197e-05,14,12.982815365189929
insert,8095,368146,3.239999978177366e-05,15,12.98299357469431
insert,8096,909502,3.2499999633728294e-05,15,12.983171762188007
insert,8097,712598,3.229999992981902e-05,15,12.983349927676457
insert,8098,634993,3.7199999951553764e-05,17,12.983528071165095
insert,8099,208623,2.790000007735216e-05,13,12.98370619265935
insert,8100,604876,2.750000021478627e-05,13,12.983884292164655
insert,8101,603870,3.3600000278966036e-05,16,12.984062369686436
insert,8102,681434,3.749999996216502e-05,17,12.984240425230123
insert,8103,680664,3.0100000003585592e-05,14,12.984418458801137
insert,8104,564594,3.220000007786439e-05,15,12.984596470404904
insert,8105,183018,2.9999999696883606e-05,14,12.984774460046841
insert,8106,818214,3.0199999855540227e-05,14,12.984952427732367
insert,8107,298434,3.440000000409782e-05,16,12.985130373466898
insert,8108,372359,3.689999994094251e-05,17,12.985308297255852
insert,8109,340882,3.4499999856052455e-05,16,12.985486199104635
insert,8110,705894,3.2699999792384915e-05,15,12.985664079018662
insert,8111,535240,3.909999986717594e-05,18,12.98584193700334
insert,8112,511175,3.41999998454412e-05,15,12.986019773064076
insert,8113,812379,3.1800000215298496e-05,15,12.986197587206274
insert,8114,772304,3.709999964485178e-05,16,12.986375379435334
insert,8115,468641,3.440000000409782e-05,16,12.98655314975666
insert,8116,932848,3.2700000247132266e-05,15,12.986730898175647
insert,8117,82217,4.130000024815672e-05,16,12.986908624697694
insert,8118,399582,3.6500000078376615e-05,17,12.987086329328193
insert,8119,643474,3.699999979289714e-05,17,12.987264012072538
insert,8120,300442,3.689999994094251e-05,17,12.98744167293612
insert,8121,486280,3.9200000173877925e-05,18,12.987619311924325
insert,8122,662399,3.51999997292296e-05,16,12.987796929042542
insert,8123,151885,3.199999991920777e-05,15,12.987974524296153
insert,8124,910435,3.529999958118424e-05,16,12.988152097690541
insert,8125,175716,2.809999978126143e-05,13,12.988329649231089
insert,8126,671698,2.989999984492897e-05,14,12.98850717892317
insert,8127,846953,3.5600000046542846e-05,16,12.988684686772165
insert,8128,973673,3.2500000088475645e-05,15,12.988862172783449
insert,8129,353778,3.2899999951041536e-05,15,12.98903963696239
insert,8130,442307,3.690000039568986e-05,17,12.989217079314361
insert,8131,661939,2.7200000204175012e-05,13,12.989394499844732
insert,8132,642054,2.949999998236308e-05,14,12.989571898558868
insert,8133,599406,3.169999990859651e-05,15,12.989749275462133
insert,8134,424435,0.0003139000000373926,16,12.989926630559891
insert,8135,890137,4.3000000005122274e-05,16,12.9901039638575
insert,8136,951136,3.880000031131203e-05,16,12.99028127536032
insert,8137,74810,3.6299999919719994e-05,15,12.99045856507371
insert,8138,82955,3.3599999824218685e-05,14,12.990635833003022
insert,8139,169869,2.7999999929306796e-05,13,12.99081307915361
insert,8140,360318,4.6999999995023245e-05,14,12.990990303530822
insert,8141,239304,2.790000007735216e-05,13,12.99116750614001
insert,8142,328710,3.7199999951553764e-05,17,12.991344686986519
insert,8143,332271,3.0199999855540227e-05,14,12.991521846075695
insert,8144,684734,3.0299999707494862e-05,14,12.99169898341288
insert,8145,305510,3.2899999951041536e-05,15,12.991876099003415
insert,8146,744944,3.279999964433955e-05,15,12.992053192852639
insert,8147,280466,2.610000001368462e-05,12,12.992230264965889
insert,8148,634793,3.9600000036443816e-05,18,12.992407315348498
insert,8149,675959,3.0000000151630957e-05,14,12.992584344005802
insert,8150,414665,3.0199999855540227e-05,14,12.99276135094313
insert,8151,284425,2.7799999770650174e-05,13,12.992938336165814
insert,8152,930813,3.299999980299617e-05,15,12.993115299679177
insert,8153,466510,3.49000001733657e-05,16,12.993292241488547
insert,8154,818911,3.689999994094251e-05,16,12.993469161599247
insert,8155,904719,3.59000000571541e-05,16,12.993646060016596
insert,8156,984372,3.0100000003585592e-05,14,12.993822936745916
insert,8157,380806,3.680000008898787e-05,17,12.993999791792524
insert,8158,784226,3.890000016326667e-05,18,12.994176625161732
insert,8159,615430,3.9399999877787195e-05,18,12.994353436858859
insert,8160,546241,3.4300000152143184e-05,16,12.99453022688921
insert,8161,472162,3.400000014153193e-05,16,12.9947069952581
insert,8162,434099,3.7400000110210385e-05,15,12.994883741970835
insert,8163,175446,3.599999990910874e-05,13,12.995060467032719
insert,8164,192819,3.580000020519947e-05,16,12.995237170449057
insert,8165,895707,3.440000000409782e-05,14,12.99541385222515
insert,8166,24224,3.219999962311704e-05,13,12.995590512366299
insert,8167,131114,2.990000029967632e-05,14,12.995767150877802
insert,8168,763125,3.20999997711624e-05,14,12.995943767764953
insert,8169,246025,3.549999973984086e-05,16,12.996120363033047
insert,8170,694181,2.8200000087963417e-05,13,12.996296936687374
insert,8171,263872,3.549999973984086e-05,16,12.996473488733228
insert,8172,986121,3.969999988839845e-05,13,12.996650019175894
insert,8173,780010,3.949999972974183e-05,18,12.996826528020659
insert,8174,734734,3.4700000014709076e-05,16,12.997003015272806
insert,8175,786160,3.41999998454412e-05,16,12.997179480937621
insert,8176,83954,3.0100000003585592e-05,14,12.997355925020381
insert,8177,220801,3.700000024764449e-05,17,12.997532347526366
insert,8178,175019,2.789999962260481e-05,13,12.99770874846085
insert,8179,416333,3.0299999707494862e-05,14,12.997885127829111
insert,8180,108014,2.790000007735216e-05,13,12.99806148563642
insert,8181,100196,3.440000000409782e-05,16,12.998237821888047
insert,8182,66892,3.240000023652101e-05,15,12.998414136589261
insert,8183,982300,3.260000039517763e-05,15,12.99859042974533
insert,8184,921375,3.260000039517763e-05,15,12.998766701361516
insert,8185,575075,3.4499999856052455e-05,16,12.998942951443086
insert,8186,56441,2.8199999633216066e-05,13,12.999119179995297
insert,8187,27646,2.5499999992462108e-05,12,12.99929538702341
insert,8188,808383,3.4700000014709076e-05,16,12.999471572532684
insert,8189,416298,3.150000020468724e-05,15,12.99964773652837
insert,8190,549436,3.2500000088475645e-05,15,12.999823879015725
insert,8191,802157,3.319999996165279e-05,14,13.0
insert,8192,87296,3.0000000151630957e-05,14,13.000176099486442
insert,8193,108977,3.4700000014709076e-05,16,13.0003521774803
insert,8194,275202,2.6000000161729986e-05,12,13.000528233986822
insert,8195,648128,3.969999988839845e-05,18,13.000704269011246
insert,8196,162817,3.040000001419685e-05,14,13.00088028255882
insert,8197,88407,3.28000000990869e-05,14,13.001056274634779
insert,8198,686642,3.299999980299617e-05,14,13.001232245244363
insert,8199,976843,3.229999992981902e-05,15,13.001408194392809
insert,8200,928484,2.7999999929306796e-05,13,13.00158412208535
insert,8201,408784,3.2699999792384915e-05,15,13.001760028327217
insert,8202,324399,3.709999964485178e-05,17,13.001935913123642
insert,8203,240498,2.9799999992974335e-05,14,13.002111776479852
insert,8204,259415,2.8200000087963417e-05,13,13.002287618401075
insert,8205,773423,3.9200000173877925e-05,18,13.002463438892535
insert,8206,297980,3.0100000003585592e-05,14,13.002639237959455
insert,8207,464688,3.41999998454412e-05,16,13.002815015607053
insert,8208,656913,3.0100000003585592e-05,14,13.002990771840553
insert,8209,132553,2.9799999992974335e-05,14,13.003166506665167
insert,8210,137655,2.9799999992974335e-05,14,13.003342220086113
insert,8211,552330,3.460000016275444e-05,16,13.003517912108602
insert,8212,879250,3.4499999856052455e-05,16,13.003693582737847
insert,8213,178896,3.460000016275444e-05,16,13.003869231979056
insert,8214,29960,2.8399999791872688e-05,13,13.004044859837437
insert,8215,36863,2.769999991869554e-05,13,13.004220466318195
insert,8216,695782,3.479999986666371e-05,16,13.004396051426534
insert,8217,374176,3.690000039568986e-05,17,13.004571615167656
insert,8218,902163,2.750000021478627e-05,13,13.004747157546761
insert,8219,959733,2.7799999770650174e-05,13,13.004922678569045
insert,8220,340999,3.399999968678458e-05,16,13.005098178239706
insert,8221,906223,2.880000010918593e-05,12,13.005273656563938
insert,8222,499285,3.41999998454412e-05,16,13.00544911354693
insert,8223,489888,4.220000027999049e-05,17,13.005624549193879
insert,8224,913204,2.809999978126143e-05,13,13.005799963509967
insert,8225,566844,3.4500000310799805e-05,16,13.005975356500382
insert,8226,980270,3.259999994043028e-05,15,13.00615072817031
insert,8227,285648,2.5499999992462108e-05,12,13.006326078524934
insert,8228,575192,3.6299999919719994e-05,17,13.006501407569434
insert,8229,466454,3.8099999983387534e-05,18,13.006676715308988
insert,8230,141679,3.299999980299617e-05,14,13.006852001748774
insert,8231,994560,3.0199999855540227e-05,14,13.007027266893969
insert,8232,731511,3.040000001419685e-05,14,13.007202510749742
insert,8233,565485,3.229999992981902e-05,15,13.007377733321269
insert,8234,185637,2.989999984492897e-05,14,13.007552934613717
insert,8235,619532,3.950000018448918e-05,18,13.007728114632254
insert,8236,626613,3.0000000151630957e-05,14,13.007903273382047
insert,8237,478721,3.699999979289714e-05,17,13.008078410868256
insert,8238,661702,3.220000007786439e-05,15,13.008253527096048
insert,8239,785291,3.870000000461005e-05,17,13.00842862207058
insert,8240,666739,2.9799999992974335e-05,14,13.008603695797012
insert,8241,919910,3.0100000003585592e-05,14,13.0087787482805
insert,8242,591381,3.2500000088475645e-05,15,13.008953779526196
insert,8243,456107,3.4300000152143184e-05,16,13.009128789539256
insert,8244,548888,3.9200000173877925e-05,18,13.00930377832483
insert,8245,670865,3.459999970800709e-05,16,13.009478745888066
insert,8246,670594,3.4300000152143184e-05,16,13.00965369223411
insert,8247,559714,3.190000006725313e-05,15,13.00982861736811
insert,8248,324704,3.190000006725313e-05,15,13.010003521295205
insert,8249,953076,3.529999958118424e-05,15,13.010178404020541
insert,8250,364033,3.509999987727497e-05,16,13.010353265549254
insert,8251,505049,3.409999999348656e-05,16,13.010528105886484
insert,8252,565884,4.189999981463188e-05,17,13.010702925037366
insert,8253,238162,3.220000007786439e-05,15,13.010877723007034
insert,8254,843798,2.809999978126143e-05,13,13.01105249980062
insert,8255,93905,3.0499999866151484e-05,14,13.011227255423254
insert,8256,463325,3.6299999919719994e-05,17,13.011401989880063
insert,8257,322824,3.2699999792384915e-05,15,13.011576703176177
insert,8258,383552,3.749999996216502e-05,17,13.011751395316717
insert,8259,432228,7.709999999860884e-05,16,13.011926066306808
insert,8260,272428,3.20999997711624e-05,15,13.012100716151568
insert,8261,163282,3.199999991920777e-05,15,13.01227534485612
insert,8262,318320,3.0199999855540227e-05,14,13.012449952425579
insert,8263,11069,2.7600000066740904e-05,13,13.01262453886506
insert,8264,97,2.9299999823706457e-05,14,13.012799104179676
insert,8265,548737,3.599999990910874e-05,17,13.01297364837454
insert,8266,854988,3.440000000409782e-05,16,13.01314817145476
insert,8267,795129,3.0199999855540227e-05,14,13.013322673425447
insert,8268,889137,3.41999998454412e-05,16,13.013497154291704
insert,8269,142922,3.1800000215298496e-05,15,13.013671614058637
insert,8270,360590,2.7800000225397525e-05,13,13.013846052731347
insert,8271,300693,3.679999963424052e-05,17,13.014020470314934
insert,8272,491990,3.689999994094251e-05,17,13.014194866814499
insert,8273,561092,3.730000025825575e-05,17,13.014369242235137
insert,8274,8722,3.210000022590975e-05,15,13.014543596581943
insert,8275,721180,3.7600000268867007e-05,17,13.014717929860009
insert,8276,966880,3.2899999951041536e-05,15,13.01489224207443
insert,8277,515828,3.49000001733657e-05,15,13.015066533230291
insert,8278,992957,3.680000008898787e-05,17,13.01524080333268
insert,8279,792171,3.4499999856052455e-05,14,13.015415052386688
insert,8280,500242,3.620000006776536e-05,17,13.015589280397393
insert,8281,314165,3.28000000990869e-05,15,13.01576348736988
insert,8282,9577,3.349999997226405e-05,13,13.015937673309226
insert,8283,803073,3.220000007786439e-05,15,13.016111838220512
insert,8284,451345,3.4700000014709076e-05,16,13.016285982108814
insert,8285,836727,3.040000001419685e-05,14,13.016460104979208
insert,8286,307152,2.790000007735216e-05,13,13.016634206836763
insert,8287,626004,3.700000024764449e-05,17,13.016808287686555
insert,8288,242447,3.28000000990869e-05,15,13.016982347533649
insert,8289,835472,3.460000016275444e-05,16,13.017156386383112
insert,8290,7569,3.689999994094251e-05,17,13.017330404240013
insert,8291,574843,2.9600000289065065e-05,14,13.017504401109415
insert,8292,391795,3.500000002532033e-05,16,13.017678376996377
insert,8293,197732,2.769999991869554e-05,13,13.017852331905962
insert,8294,431737,3.710000009959913e-05,17,13.018026265843226
insert,8295,925014,3.4899999718618346e-05,16,13.018200178813226
insert,8296,587784,3.20999997711624e-05,15,13.018374070821016
insert,8297,458340,3.0199999855540227e-05,14,13.01854794187165
insert,8298,413928,3.190000006725313e-05,15,13.018721791970178
insert,8299,262036,2.769999991869554e-05,13,13.018895621121649
insert,8300,171201,3.239999978177366e-05,15,13.019069429331111
insert,8301,749667,3.060000017285347e-05,14,13.019243216603607
insert,8302,772925,3.639999977167463e-05,17,13.019416982944184
insert,8303,677371,3.51999997292296e-05,16,13.019590728357882
insert,8304,408655,3.639999977167463e-05,17,13.019764452849738
insert,8305,868669,3.6500000078376615e-05,15,13.019938156424795
insert,8306,396738,3.969999988839845e-05,16,13.020111839088086
insert,8307,231308,3.240000023652101e-05,15,13.020285500844647
insert,8308,275755,3.0200000310287578e-05,14,13.020459141699511
insert,8309,83058,4.239999998389976e-05,16,13.020632761657707
insert,8310,442751,3.220000007786439e-05,15,13.020806360724265
insert,8311,655699,3.409999999348656e-05,16,13.020979938904212
insert,8312,251199,3.0300000162242213e-05,14,13.021153496202572
insert,8313,541705,3.870000000461005e-05,18,13.021327032624372
insert,8314,801677,3.440000000409782e-05,16,13.02150054817463
insert,8315,838818,3.680000008898787e-05,17,13.02167404285837
insert,8316,954157,2.769999991869554e-05,13,13.021847516680607
insert,8317,643004,3.670000023703324e-05,17,13.022020969646356
insert,8318,846804,2.750000021478627e-05,13,13.022194401760634
insert,8319,727633,3.309999965495081e-05,15,13.022367813028454
insert,8320,717898,3.0199999855540227e-05,14,13.022541203454827
insert,8321,285072,3.0300000162242213e-05,14,13.022714573044759
insert,8322,298506,3.200000037395512e-05,15,13.02288792180326
insert,8323,679957,3.460000016275444e-05,16,13.023061249735335
insert,8324,779016,3.420000030018855e-05,15,13.023234556845987
insert,8325,557784,2.9999999696883606e-05,14,13.023407843140218
insert,8326,848098,3.259999994043028e-05,15,13.023581108623029
insert,8327,281881,2.809999978126143e-05,13,13.023754353299417
insert,8328,432962,3.689999994094251e-05,17,13.02392757717438
insert,8329,197133,4.020000005766633e-05,14,13.02410078025291
insert,8330,894941,3.7199999951553764e-05,17,13.024273962540002
insert,8331,71790,3.0499999866151484e-05,14,13.024447124040647
insert,8332,191268,3.790000027947826e-05,16,13.024620264759832
insert,8333,143261,3.609999976106337e-05,15,13.024793384702548
insert,8334,303663,3.310000010969816e-05,13,13.02496648387378
insert,8335,115718,3.229999992981902e-05,15,13.025139562278508
insert,8336,667831,3.49000001733657e-05,16,13.025312619921719
insert,8337,477462,3.239999978177366e-05,15,13.025485656808389
insert,8338,647737,3.680000008898787e-05,17,13.0256586729435
insert,8339,474761,3.689999994094251e-05,17,13.025831668332026
insert,8340,285354,2.8899999961140566e-05,13,13.026004642978943
insert,8341,734499,3.749999996216502e-05,15,13.026177596889225
insert,8342,653005,3.779999997277628e-05,17,13.026350530067843
insert,8343,515896,3.640000022642198e-05,17,13.026523442519766
insert,8344,196912,2.9300000278453808e-05,14,13.02669633424996
insert,8345,336220,3.060000017285347e-05,14,13.026869205263395
insert,8346,20338,2.8100000236008782e-05,13,13.027042055565033
insert,8347,159541,3.0200000310287578e-05,14,13.027214885159834
insert,8348,52043,2.790000007735216e-05,13,13.027387694052763
insert,8349,560958,3.870000000461005e-05,18,13.027560482248777
insert,8350,23206,3.190000006725313e-05,15,13.027733249752831
insert,8351,194970,2.790000007735216e-05,13,13.027905996569885
insert,8352,107242,3.429999969739583e-05,16,13.028078722704887
insert,8353,295819,3.040000001419685e-05,14,13.028251428162793
insert,8354,282272,3.199999991920777e-05,15,13.02842411294855
insert,8355,749938,3.220000007786439e-05,15,13.028596777067108
insert,8356,459714,3.509999987727497e-05,16,13.028769420523412
insert,8357,762428,3.7599999814119656e-05,17,13.02894204332241
insert,8358,8603,3.210000022590975e-05,15,13.02911464546904
insert,8359,244120,2.860000040527666e-05,13,13.029287226968245
insert,8360,94579,3.0100000003585592e-05,14,13.029459787824965
insert,8361,158004,2.990000029967632e-05,14,13.029632328044137
insert,8362,15441,3.28000000990869e-05,14,13.029804847630697
insert,8363,517556,3.0000000151630957e-05,14,13.029977346589579
insert,8364,227739,2.790000007735216e-05,13,13.030149824925715
insert,8365,358522,3.41999998454412e-05,16,13.030322282644034
insert,8366,440657,3.680000008898787e-05,17,13.030494719749468
insert,8367,326712,4.2300000131945126e-05,17,13.030667136246942
insert,8368,823893,3.0100000003585592e-05,14,13.03083953214138
insert,8369,838298,3.0100000003585592e-05,14,13.031011907437707
insert,8370,522606,3.659999993033125e-05,17,13.031184262140842
insert,8371,389439,2.9799999992974335e-05,14,13.031356596255709
insert,8372,486209,3.9399999877787195e-05,18,13.031528909787223
insert,8373,730790,4.3000000005122274e-05,14,13.031701202740303
insert,8374,829869,2.0699999822682003e-05,17,13.031873475119859
insert,8375,33279,1.7500000012660166e-05,12,13.032045726930809
insert,8376,346291,1.8599999748403206e-05,15,13.03221795817806
insert,8377,84121,1.5900000107649248e-05,14,13.032390168866524
insert,8378,884523,1.8500000351195922e-05,14,13.032562359001107
insert,8379,787030,3.199999991920777e-05,17,13.032734528586714
insert,8380,997872,1.650000012887176e-05,14,13.032906677628251
insert,8381,153185,2.5400000140507473e-05,16,13.03307880613062
insert,8382,58761,2.429999995001708e-05,13,13.03325091409872
insert,8383,279450,1.9699999938893598e-05,12,13.03342300153745
insert,8384,813332,2.2700000045006163e-05,14,13.033595068451708
insert,8385,411485,2.8200000087963417e-05,16,13.03376711484639
insert,8386,74853,2.6000000161729986e-05,15,13.033939140726387
insert,8387,569579,2.6700000034907134e-05,16,13.034111146096592
insert,8388,492985,4.149999995206599e-05,16,13.034283130961896
insert,8389,190426,3.6299999919719994e-05,15,13.034455095327186
insert,8390,201529,2.499999982319423e-05,13,13.034627039197348
insert,8391,939209,2.3800000235496555e-05,12,13.034798962577268
insert,8392,882418,2.2700000045006163e-05,13,13.034970865471827
insert,8393,262228,2.2000000171829015e-05,13,13.03514274788591
insert,8394,856950,2.8000000384054147e-05,16,13.035314609824393
insert,8395,400113,5.109999983687885e-05,17,13.035486451292154
insert,8396,868486,2.679999988686177e-05,15,13.035658272294071
insert,8397,13229,2.6700000034907134e-05,14,13.035830072835017
insert,8398,127886,2.9100000119797187e-05,15,13.036001852919865
insert,8399,805460,2.7200000204175012e-05,14,13.036173612553485
insert,8400,749399,2.6700000034907134e-05,15,13.036345351740747
insert,8401,261056,2.190000031987438e-05,13,13.036517070486518
insert,8402,403490,2.7499999760038918e-05,16,13.036688768795663
insert,8403,808689,2.990000029967632e-05,17,13.036860446673046
insert,8404,464479,2.6599999728205148e-05,19,13.03703210412353
insert,8405,259169,1.3600000329461182e-05,13,13.037203741151973
insert,8406,773450,1.5899999652901897e-05,15,13.037375357763239
insert,8407,35139,1.539999993838137e-05,14,13.037546953962178
insert,8408,208856,1.5199999779724749e-05,14,13.03771852975365
insert,8409,483221,1.900000006571645e-05,16,13.037890085142507
insert,8410,771042,1.5300000086426735e-05,14,13.0380616201336
insert,8411,808448,1.560000009703799e-05,15,13.03823313473178
insert,8412,98525,1.4599999758502236e-05,14,13.038404628941894
insert,8413,546454,1.5800000255694613e-05,15,13.03857610276879
insert,8414,698360,1.7500000012660166e-05,16,13.038747556217311
insert,8415,218573,1.3600000329461182e-05,13,13.038918989292302
insert,8416,495794,1.5499999790336005e-05,15,13.039090401998603
insert,8417,408025,1.559999964229064e-05,15,13.039261794341055
insert,8418,714545,1.7100000150094274e-05,16,13.039433166324494
insert,8419,327271,1.8400000044493936e-05,17,13.039604517953759
insert,8420,981693,1.6599999980826396e-05,15,13.039775849233681
insert,8421,338757,1.990000009755022e-05,16,13.039947160169094
insert,8422,166317,1.7500000012660166e-05,16,13.04011845076483
insert,8423,659727,1.8400000044493936e-05,17,13.040289721025717
insert,8424,763612,1.4799999917158857e-05,14,13.040460970956584
insert,8425,44236,1.4700000065204222e-05,14,13.040632200562253
insert,8426,780901,1.5300000086426735e-05,15,13.040803409847555
insert,8427,982958,1.2900000001536682e-05,13,13.040974598817305
insert,8428,576277,1.6600000435573747e-05,16,13.04114576747633
insert,8429,546231,1.7899999875226058e-05,18,13.041316915829444
insert,8430,128075,1.560000009703799e-05,15,13.041488043881468
insert,8431,265618,1.8199999885837315e-05,17,13.041659151637214
insert,8432,504606,1.7999999727180693e-05,17,13.041830239101499
insert,8433,669537,1.739999970595818e-05,16,13.042001306279133
insert,8434,313329,1.7300000308750896e-05,16,13.042172353174928
insert,8435,208377,1.340000017080456e-05,13,13.042343379793692
insert,8436,377935,1.4199999895936344e-05,14,13.042514386140232
insert,8437,930632,9.060000002136803e-05,15,13.042685372219351
insert,8438,54618,3.229999992981902e-05,12,13.042856338035856
insert,8439,905611,4.399999988891068e-05,13,13.043027283594547
insert,8440,699081,2.8899999961140566e-05,13,13.043198208900225
insert,8441,228368,3.500000002532033e-05,15,13.04336911395769
insert,8442,118415,3.999999989900971e-05,17,13.043539998771735
insert,8443,247429,3.6500000078376615e-05,16,13.043710863347156
insert,8444,663654,3.170000036334386e-05,14,13.043881707688747
insert,8445,455252,3.0900000183464726e-05,14,13.044052531801302
insert,8446,340278,3.529999958118424e-05,16,13.044223335689608
insert,8447,15800,3.889999970851932e-05,15,13.044394119358454
insert,8448,175491,3.400000014153193e-05,15,13.044564882812626
insert,8449,832979,3.860000015265541e-05,14,13.044735626056909
insert,8450,289512,3.0899999728717376e-05,14,13.044906349096086
insert,8451,613100,4.000000035375706e-05,18,13.04507705193494
insert,8452,125462,3.4300000152143184e-05,14,13.04524773457825
insert,8453,415036,3.400000014153193e-05,14,13.045418397030792
insert,8454,827478,3.079999987676274e-05,14,13.045589039297345
insert,8455,254898,2.7999999929306796e-05,13,13.045759661382682
insert,8456,9364,3.240000023652101e-05,15,13.045930263291577
insert,8457,44034,3.0100000003585592e-05,14,13.046100845028802
insert,8458,609304,3.969999988839845e-05,18,13.046271406599123
insert,8459,821534,3.0299999707494862e-05,14,13.046441948007311
insert,8460,724306,2.570000015111873e-05,12,13.046612469258132
insert,8461,498358,3.5200000183976954e-05,16,13.04678297035635
insert,8462,721847,3.790000027947826e-05,17,13.046953451306727
insert,8463,625174,3.820000029008952e-05,17,13.047123912114026
insert,8464,162521,3.040000001419685e-05,14,13.047294352783004
insert,8465,389440,3.4499999856052455e-05,16,13.04746477331842
insert,8466,808240,3.259999994043028e-05,15,13.04763517372503
insert,8467,93827,3.420000030018855e-05,16,13.047805554007589
insert,8468,260805,3.229999992981902e-05,13,13.047975914170848
insert,8469,165359,2.9600000289065065e-05,12,13.04814625421956
insert,8470,524204,3.59000000571541e-05,15,13.048316574158473
insert,8471,95842,3.779999997277628e-05,14,13.048486873992337
insert,8472,719266,3.7399999655463034e-05,17,13.048657153725893
insert,8473,648697,3.709999964485178e-05,17,13.04882741336389
insert,8474,354862,3.509999987727497e-05,16,13.04899765291107
insert,8475,976066,3.2699999792384915e-05,15,13.04916787237217
insert,8476,796457,3.0299999707494862e-05,14,13.049338071751933
insert,8477,655499,3.479999986666371e-05,16,13.049508251055096
insert,8478,62970,3.4499999856052455e-05,16,13.049678410286393
insert,8479,62679,3.6699999782285886e-05,17,13.049848549450562
insert,8480,372788,3.459999970800709e-05,16,13.050018668552331
insert,8481,675886,3.079999987676274e-05,14,13.050188767596435
insert,8482,161396,3.2700000247132266e-05,15,13.0503588465876
insert,8483,735396,2.880000010918593e-05,13,13.050528905530555
insert,8484,562408,3.789999982473091e-05,17,13.050698944430026
insert,8485,829913,4.1399999645364005e-05,17,13.050868963290736
insert,8486,112609,2.8700000257231295e-05,13,13.051038962117408
insert,8487,131940,3.100000003541936e-05,14,13.051208940914766
insert,8488,511541,3.770000012082164e-05,17,13.051378899687522
insert,8489,243978,3.0700000024808105e-05,14,13.0515488384404
insert,8490,332126,3.820000029008952e-05,17,13.051718757178115
insert,8491,585473,3.890000016326667e-05,17,13.051888655905378
insert,8492,826868,3.5600000046542846e-05,16,13.052058534626903
insert,8493,675961,3.689999994094251e-05,17,13.052228393347402
insert,8494,793455,4.189999981463188e-05,15,13.052398232071583
insert,8495,364190,3.8499999845953425e-05,17,13.052568050804153
insert,8496,844655,3.0499999866151484e-05,14,13.05273784954982
insert,8497,935116,2.859999995052931e-05,13,13.052907628313287
insert,8498,460031,2.97000001410197e-05,14,13.053077387099254
insert,8499,768805,3.819999983534217e-05,17,13.053247125912426
insert,8500,202339,2.840000024662004e-05,13,13.0534168447575
insert,8501,22391,2.7400000362831634e-05,13,13.053586543639174
insert,8502,722731,3.700000024764449e-05,17,13.053756222562145
insert,8503,396120,3.4700000014709076e-05,16,13.053925881531105
insert,8504,375566,3.4899999718618346e-05,16,13.054095520550748
insert,8505,759588,3.239999978177366e-05,14,13.054265139625764
insert,8506,141277,4.149999995206599e-05,17,13.054434738760843
insert,8507,262875,3.51999997292296e-05,16,13.054604317960672
insert,8508,942317,3.49000001733657e-05,16,13.054773877229938
insert,8509,41407,4.42000000475673e-05,16,13.054943416573325
insert,8510,508877,3.279999964433955e-05,15,13.055112935995515
insert,8511,740952,3.479999986666371e-05,16,13.055282435501189
insert,8512,458753,3.0200000310287578e-05,14,13.055451915095027
insert,8513,586180,3.710000009959913e-05,17,13.055621374781708
insert,8514,309031,3.259999994043028e-05,15,13.055790814565905
insert,8515,569098,3.2500000088475645e-05,15,13.055960234452295
insert,8516,730898,3.680000008898787e-05,17,13.056129634445547
insert,8517,513899,3.040000001419685e-05,14,13.056299014550337
insert,8518,198995,3.060000017285347e-05,14,13.056468374771333
insert,8519,594230,3.279999964433955e-05,15,13.056637715113201
insert,8520,195693,3.040000001419685e-05,14,13.056807035580608
insert,8521,570028,3.480000032141106e-05,16,13.05697633617822
insert,8522,364553,3.9199999719130574e-05,18,13.057145616910697
insert,8523,339404,3.169999990859651e-05,14,13.057314877782703
insert,8524,767980,3.0199999855540227e-05,13,13.057484118798897
insert,8525,491148,3.210000022590975e-05,15,13.057653339963936
insert,8526,288699,3.710000009959913e-05,17,13.057822541282478
insert,8527,909810,3.059999971810612e-05,14,13.057991722759176
insert,8528,871734,3.0700000024808105e-05,14,13.058160884398683
insert,8529,627762,3.479999986666371e-05,16,13.058330026205653
insert,8530,958896,3.689999994094251e-05,16,13.058499148184733
insert,8531,902364,3.460000016275444e-05,14,13.058668250340572
insert,8532,581457,3.190000006725313e-05,15,13.058837332677816
insert,8533,168133,2.5800000003073364e-05,12,13.059006395201111
insert,8534,72223,3.749999996216502e-05,17,13.059175437915101
insert,8535,556938,3.229999992981902e-05,14,13.059344460824425
insert,8536,162556,3.870000000461005e-05,17,13.059513463933724
insert,8537,471214,4.310000031182426e-05,18,13.059682447247638
insert,8538,310036,3.459999970800709e-05,14,13.059851410770802
insert,8539,859223,3.119999973932863e-05,14,13.060020354507852
insert,8540,276142,3.820000029008952e-05,16,13.060189278463422
insert,8541,567916,3.299999980299617e-05,15,13.060358182642142
insert,8542,384946,3.2700000247132266e-05,15,13.060527067048643
insert,8543,476137,3.460000016275444e-05,16,13.060695931687555
insert,8544,755,3.079999987676274e-05,14,13.060864776563502
insert,8545,813609,3.20999997711624e-05,15,13.061033601681112
insert,8546,669019,3.1799999760551145e-05,15,13.061202407045007
insert,8547,530536,3.4700000014709076e-05,16,13.061371192659811
insert,8548,397456,3.28000000990869e-05,15,13.061539958530144
insert,8549,769296,2.9999999696883606e-05,14,13.061708704660623
insert,8550,194547,2.7999999929306796e-05,13,13.061877431055866
insert,8551,925822,3.330000026835478e-05,15,13.06204613772049
insert,8552,19630,3.779999997277628e-05,15,13.062214824659108
insert,8553,649839,3.040000001419685e-05,14,13.062383491876334
insert,8554,898451,3.500000002532033e-05,15,13.062552139376775
insert,8555,381761,3.969999988839845e-05,18,13.062720767165045
insert,8556,813713,3.299999980299617e-05,15,13.062889375245748
insert,8557,650325,2.949999998236308e-05,14,13.06305796362349
insert,8558,250386,2.809999978126143e-05,13,13.063226532302876
insert,8559,336273,3.0500000320898835e-05,14,13.06339508128851
insert,8560,756028,3.0499999866151484e-05,14,13.06356361058499
insert,8561,66419,3.2899999951041536e-05,15,13.063732120196919
insert,8562,690267,3.1099999887374e-05,14,13.063900610128893
insert,8563,565137,3.220000007786439e-05,15,13.06406908038551
insert,8564,858836,3.2700000247132266e-05,15,13.064237530971361
insert,8565,406314,2.9199999971751822e-05,13,13.064405961891042
insert,8566,199093,2.9999999696883606e-05,14,13.064574373149144
insert,8567,549527,3.509999987727497e-05,15,13.064742764750257
insert,8568,716413,4.170000011072261e-05,17,13.064911136698967
insert,8569,521719,3.1800000215298496e-05,14,13.065079488999862
insert,8570,802931,3.1600000056641875e-05,13,13.065247821657529
insert,8571,578256,4.799999987881165e-05,16,13.065416134676548
insert,8572,161619,3.980000019510044e-05,16,13.065584428061502
insert,8573,642819,4.3399999867688166e-05,18,13.065752701816972
insert,8574,296883,3.299999980299617e-05,15,13.065920955947536
insert,8575,338271,3.779999997277628e-05,17,13.066089190457772
insert,8576,429712,3.390000028957729e-05,15,13.066257405352255
insert,8577,672037,3.060000017285347e-05,14,13.066425600635556
insert,8578,337667,3.2500000088475645e-05,15,13.066593776312251
insert,8579,115831,3.509999987727497e-05,15,13.066761932386909
insert,8580,100933,6.889999986015027e-05,14,13.066930068864098
insert,8581,548616,4.579999995257822e-05,17,13.067098185748385
insert,8582,690898,2.3399999918183312e-05,13,13.06726628304434
insert,8583,69919,3.770000012082164e-05,17,13.067434360756522
insert,8584,45904,1.7600000319362152e-05,13,13.067602418889496
insert,8585,875764,1.919999976962572e-05,14,13.067770457447823
insert,8586,983355,3.119999973932863e-05,15,13.067938476436064
insert,8587,136079,2.1099999685247894e-05,14,13.068106475858773
insert,8588,187317,1.8799999907059828e-05,14,13.068274455720509
insert,8589,915924,2.3099999907572055e-05,16,13.068442416025826
insert,8590,32793,2.029999996011611e-05,15,13.068610356779276
insert,8591,211896,1.8400000044493936e-05,14,13.068778277985412
insert,8592,112256,1.560000009703799e-05,13,13.068946179648783
insert,8593,508948,1.8600000203150557e-05,15,13.069114061773938
insert,8594,200925,1.5899999652901897e-05,13,13.069281924365423
insert,8595,103551,2.300000005561742e-05,17,13.069449767427784
insert,8596,33363,1.83000001925393e-05,15,13.069617590965562
insert,8597,598750,1.8600000203150557e-05,14,13.069785394983302
insert,8598,672926,1.6799999684735667e-05,13,13.069953179485543
insert,8599,876924,2.210000002378365e-05,17,13.070120944476823
insert,8600,407476,1.810000003388268e-05,14,13.07028868996168
insert,8601,689881,1.9099999917671084e-05,15,13.07045641594465
insert,8602,513708,1.939999992828234e-05,16,13.070624122430266
insert,8603,551364,1.83000001925393e-05,15,13.070791809423062
insert,8604,654281,2.3499999770137947e-05,18,13.070959476927566
insert,8605,735382,1.8199999885837315e-05,14,13.07112712494831
insert,8606,618976,1.8699999600357842e-05,15,13.07129475348982
insert,8607,268372,1.6599999980826396e-05,13,13.071462362556623
insert,8608,51471,1.7300000308750896e-05,14,13.071629952153245
insert,8609,384151,6.759999996575061e-05,15,13.071797522284207
insert,8610,231445,1.9600000086938962e-05,15,13.071965072954029
insert,8611,635389,2.369999992879457e-05,18,13.072132604167233
insert,8612,752716,2.119999999194988e-05,16,13.072300115928337
insert,8613,74317,1.8000000181928044e-05,14,13.072467608241858
insert,8614,13722,2.2400000034394907e-05,17,13.07263508111231
insert,8615,975397,1.900000006571645e-05,15,13.072802534544207
insert,8616,965776,1.560000009703799e-05,13,13.072969968542061
insert,8617,218878,1.5000000075815478e-05,15,13.073137383110383
insert,8618,687604,1.44999999065476e-05,14,13.07330477825368
insert,8619,515277,1.9300000076327706e-05,15,13.07347215397646
insert,8620,973502,1.5800000255694613e-05,15,13.07363951028323
insert,8621,932989,1.7299999854003545e-05,16,13.073806847178492
insert,8622,872497,1.720000000204891e-05,14,13.073974164666751
insert,8623,83841,1.4199999895936344e-05,14,13.074141462752506
insert,8624,490796,1.5300000086426735e-05,15,13.074308741440255
insert,8625,839931,1.359999987471383e-05,13,13.074476000734501
insert,8626,669953,1.3499999568011845e-05,13,13.074643240639736
insert,8627,63649,1.7100000150094274e-05,16,13.074810461160453
insert,8628,378459,1.5300000086426735e-05,15,13.074977662301151
insert,8629,585127,1.6199999663513154e-05,15,13.075144844066317
insert,8630,779593,1.5800000255694613e-05,15,13.075312006460443
insert,8631,983820,1.7100000150094274e-05,16,13.075479149488016
insert,8632,933685,1.699999984339229e-05,16,13.075646273153525
insert,8633,436159,1.8400000044493936e-05,17,13.075813377461454
insert,8634,861958,1.810000003388268e-05,17,13.075980462416286
insert,8635,386997,1.6399999822169775e-05,16,13.076147528022505
insert,8636,832832,1.7999999727180693e-05,17,13.076314574284591
insert,8637,742847,1.4599999758502236e-05,14,13.076481601207021
insert,8638,61133,1.4800000371906208e-05,14,13.076648608794276
insert,8639,863653,1.5199999779724749e-05,15,13.076815597050832
insert,8640,646902,1.810000003388268e-05,17,13.076982565981158
insert,8641,278728,1.560000009703799e-05,15,13.077149515589733
insert,8642,554719,1.6800000139483018e-05,16,13.077316445881026
insert,8643,42628,1.4799999917158857e-05,14,13.077483356859508
insert,8644,769970,1.5900000107649248e-05,13,13.077650248529643
insert,8645,73808,1.4700000065204222e-05,14,13.077817120895904
insert,8646,874992,1.4899999769113492e-05,14,13.077983973962752
insert,8647,318668,1.5999999959603883e-05,15,13.07815080773465
insert,8648,81722,1.430000020263833e-05,14,13.078317622216062
insert,8649,990489,1.8799999907059828e-05,17,13.078484417411449
insert,8650,226388,1.5699999948992627e-05,15,13.07865119332527
insert,8651,544720,1.539999993838137e-05,15,13.078817949961978
insert,8652,101837,1.5499999790336005e-05,15,13.078984687326034
insert,8653,106143,1.4600000213249587e-05,14,13.079151405421891
insert,8654,760398,1.430000020263833e-05,14,13.079318104254002
insert,8655,242240,1.4199999895936344e-05,14,13.079484783826816
insert,8656,557488,1.4500000361294951e-05,14,13.079651444144783
insert,8657,404049,1.699999984339229e-05,16,13.079818085212354
insert,8658,198664,1.8400000044493936e-05,17,13.079984707033974
insert,8659,202501,1.4199999895936344e-05,14,13.080151309614088
insert,8660,551753,1.6700000287528383e-05,16,13.080317892957138
insert,8661,688785,1.810000003388268e-05,17,13.080484457067568
insert,8662,260847,1.6800000139483018e-05,16,13.080651001949818
insert,8663,597718,1.539999993838137e-05,15,13.080817527608327
insert,8664,655701,1.8799999907059828e-05,16,13.080984034047532
insert,8665,993530,1.829999973779195e-05,16,13.08115052127187
insert,8666,187589,1.900000006571645e-05,17,13.08131698928577
insert,8667,585550,1.5300000086426735e-05,15,13.081483438093674
insert,8668,785588,1.5300000086426735e-05,15,13.081649867700005
insert,8669,585254,1.430000020263833e-05,14,13.081816278109198
insert,8670,435353,1.8799999907059828e-05,17,13.081982669325678
insert,8671,782352,1.4900000223860843e-05,15,13.08214904135387
insert,8672,110640,1.7099999695346924e-05,16,13.082315394198206
insert,8673,803507,1.44999999065476e-05,14,13.082481727863103
insert,8674,669647,1.4199999895936344e-05,14,13.082648042352986
insert,8675,604571,1.649999967412441e-05,16,13.082814337672273
insert,8676,375352,1.7899999875226058e-05,15,13.082980613825388
insert,8677,707257,1.2699999842880061e-05,12,13.083146870816742
insert,8678,481004,3.0500000320898835e-05,17,13.083313108650756
insert,8679,736678,3.0700000024808105e-05,16,13.083479327331842
insert,8680,697558,1.4599999758502236e-05,14,13.083645526864412
insert,8681,447821,1.4900000223860843e-05,14,13.083811707252881
insert,8682,925709,1.3500000022759195e-05,13,13.083977868501655
insert,8683,109160,1.4799999917158857e-05,13,13.084144010615145
insert,8684,174913,2.2200000330485636e-05,13,13.084310133597755
insert,8685,830957,1.9600000086938962e-05,14,13.084476237453893
insert,8686,189160,1.609999981155852e-05,15,13.08464232218796
insert,8687,576681,1.5699999948992627e-05,15,13.084808387804362
insert,8688,421064,1.5500000245083356e-05,14,13.084974434307496
insert,8689,529209,1.4599999758502236e-05,14,13.085140461701762
insert,8690,353908,1.3500000022759195e-05,13,13.08530646999156
insert,8691,689473,1.8199999885837315e-05,17,13.085472459181283
insert,8692,165861,1.2399999832268804e-05,12,13.085638429275328
insert,8693,559836,1.7500000012660166e-05,17,13.085804380278086
insert,8694,629058,1.939999992828234e-05,18,13.08597031219395
insert,8695,464532,1.990000009755022e-05,19,13.086136225027309
insert,8696,978867,1.610000026630587e-05,15,13.086302118782553
insert,8697,369439,1.44999999065476e-05,14,13.086467993464069
insert,8698,946325,1.4100000043981709e-05,13,13.08663384907624
insert,8699,330464,1.9099999917671084e-05,18,13.086799685623452
insert,8700,576803,1.4700000065204222e-05,15,13.08696550311009
insert,8701,340425,1.52000002344721e-05,15,13.087131301540529
insert,8702,885894,1.5300000086426735e-05,14,13.087297080919154
insert,8703,389777,1.5699999948992627e-05,15,13.087462841250339
insert,8704,432374,1.4199999895936344e-05,14,13.087628582538464
insert,8705,801306,1.7699999716569437e-05,17,13.0877943047879
insert,8706,664002,1.5999999959603883e-05,15,13.087960008003025
insert,8707,451505,1.8900000213761814e-05,15,13.088125692188207
insert,8708,866287,1.849999989644857e-05,15,13.088291357347817
insert,8709,761128,1.609999981155852e-05,15,13.088457003486226
insert,8710,339163,1.430000020263833e-05,14,13.088622630607802
insert,8711,637968,1.720000000204891e-05,16,13.088788238716907
insert,8712,252416,1.44999999065476e-05,14,13.088953827817909
insert,8713,590501,1.8899999759014463e-05,18,13.089119397915168
insert,8714,572131,1.6200000118260505e-05,15,13.089284949013047
insert,8715,224320,1.4199999895936344e-05,13,13.089450481115907
insert,8716,393283,1.699999984339229e-05,16,13.089615994228105
insert,8717,802904,1.3999999737279722e-05,14,13.089781488353998
insert,8718,576968,1.609999981155852e-05,16,13.08994696349794
insert,8719,971136,1.4100000043981709e-05,14,13.090112419664289
insert,8720,780747,1.5000000075815478e-05,15,13.090277856857394
insert,8721,266432,1.44999999065476e-05,14,13.090443275081606
insert,8722,377497,1.4199999895936344e-05,14,13.090608674341276
insert,8723,474380,1.539999993838137e-05,15,13.09077405464075
insert,8724,469238,1.610000026630587e-05,16,13.090939415984376
insert,8725,416380,1.810000003388268e-05,17,13.091104758376499
insert,8726,206,1.4100000043981709e-05,14,13.091270081821463
insert,8727,761595,1.5100000382517464e-05,15,13.091435386323607
insert,8728,36347,1.6599999980826396e-05,16,13.091600671887274
insert,8729,298302,1.539999993838137e-05,15,13.091765938516803
insert,8730,624703,1.7899999875226058e-05,17,13.091931186216529
insert,8731,17095,1.340000017080456e-05,13,13.092096414990792
insert,8732,542753,1.720000000204891e-05,17,13.092261624843921
insert,8733,141648,1.4199999895936344e-05,14,13.092426815780255
insert,8734,933573,1.7500000012660166e-05,17,13.092591987804122
insert,8735,316504,2.119999999194988e-05,15,13.092757140919852
insert,8736,6888,1.3999999737279722e-05,14,13.092922275131775
insert,8737,314923,1.4100000043981709e-05,14,13.093087390444218
insert,8738,232666,1.5699999948992627e-05,15,13.093252486861505
insert,8739,225259,1.700000029813964e-05,16,13.093417564387961
insert,8740,897288,3.189999961250578e-05,16,13.093582623027908
insert,8741,330202,1.83000001925393e-05,18,13.093747662785669
insert,8742,22756,1.3100000160193304e-05,13,13.093912683665561
insert,8743,809001,1.4199999895936344e-05,14,13.094077685671905
insert,8744,861867,1.5000000075815478e-05,15,13.094242668809015
insert,8745,989172,1.3899999885325087e-05,13,13.094407633081207
insert,8746,723223,1.7100000150094274e-05,16,13.094572578492796
insert,8747,862284,1.4599999758502236e-05,15,13.094737505048093
insert,8748,289363,1.6200000118260505e-05,16,13.09490241275141
insert,8749,963759,1.5799999800947262e-05,13,13.095067301607054
insert,8750,580558,1.9300000076327706e-05,18,13.095232171619333
insert,8751,536108,1.609999981155852e-05,16,13.095397022792557
insert,8752,583348,1.6699999832781032e-05,16,13.095561855131027
insert,8753,598389,1.4899999769113492e-05,15,13.095726668639047
insert,8754,970901,1.720000000204891e-05,17,13.09589146332092
insert,8755,599379,1.810000003388268e-05,18,13.096056239180946
insert,8756,162231,1.4600000213249587e-05,14,13.096220996223424
insert,8757,98868,1.5499999790336005e-05,15,13.096385734452651
insert,8758,39570,1.340000017080456e-05,13,13.096550453872924
insert,8759,482733,1.5100000382517464e-05,15,13.096715154488535
insert,8760,372933,1.3899999885325087e-05,14,13.096879836303781
insert,8761,163691,1.609999981155852e-05,15,13.097044499322951
insert,8762,145132,1.5000000075815478e-05,14,13.097209143550335
insert,8763,277861,1.5300000086426735e-05,14,13.097373768990222
insert,8764,384915,1.810000003388268e-05,18,13.0975383756469
insert,8765,932840,1.4100000043981709e-05,14,13.097702963524654
insert,8766,610435,1.5199999779724749e-05,15,13.097867532627768
insert,8767,261994,1.6199999663513154e-05,16,13.098032082960527
insert,8768,244313,1.540000039312872e-05,15,13.09819661452721
insert,8769,268692,1.4700000065204222e-05,14,13.098361127332096
insert,8770,850473,1.5999999959603883e-05,15,13.098525621379464
insert,8771,314890,1.340000017080456e-05,14,13.098690096673593
insert,8772,96370,1.6800000139483018e-05,16,13.098854553218757
insert,8773,598200,1.4700000065204222e-05,15,13.09901899101923
insert,8774,419219,1.4100000043981709e-05,14,13.099183410079286
insert,8775,596708,1.6800000139483018e-05,16,13.099347810403193
insert,8776,962469,1.359999987471383e-05,13,13.099512191995222
insert,8777,228000,1.52000002344721e-05,15,13.099676554859643
insert,8778,769934,1.52000002344721e-05,15,13.099840899000721
insert,8779,80952,1.5699999948992627e-05,15,13.10000522442272
insert,8780,758730,1.559999964229064e-05,15,13.100169531129907
insert,8781,340465,1.609999981155852e-05,16,13.100333819126542
insert,8782,831421,1.6400000276917126e-05,16,13.100498088416886
insert,8783,505973,1.75999998646148e-05,17,13.100662339005199
insert,8784,181302,1.6399999822169775e-05,15,13.10082657089574
insert,8785,511995,1.8900000213761814e-05,18,13.100990784092762
insert,8786,865815,1.5899999652901897e-05,15,13.101154978600523
insert,8787,942696,1.2599999990925426e-05,12,13.101319154423276
insert,8788,723093,1.3800000033370452e-05,14,13.101483311565275
insert,8789,736990,1.44999999065476e-05,14,13.101647450030766
insert,8790,604224,1.609999981155852e-05,16,13.101811569824003
insert,8791,859325,1.7100000150094274e-05,17,13.101975670949232
insert,8792,951746,1.7700000171316788e-05,15,13.102139753410698
insert,8793,99997,1.4199999895936344e-05,14,13.102303817212647
insert,8794,624146,1.7800000023271423e-05,15,13.102467862359322
insert,8795,673453,1.6599999980826396e-05,16,13.102631888854969
insert,8796,314986,1.7100000150094274e-05,17,13.102795896703823
insert,8797,39187,1.6399999822169775e-05,15,13.102959885910124
insert,8798,766289,1.4799999917158857e-05,14,13.103123856478112
insert,8799,847608,1.5900000107649248e-05,15,13.103287808412022
insert,8800,604278,1.359999987471383e-05,14,13.10345174171609
insert,8801,400081,1.7100000150094274e-05,17,13.103615656394545
insert,8802,82290,1.5000000075815478e-05,15,13.103779552451625
insert,8803,818018,1.4400000054592965e-05,14,13.103943429891558
insert,8804,58640,1.4700000065204222e-05,14,13.10410728871857
insert,8805,966653,1.2999999853491317e-05,13,13.104271128936894
insert,8806,808349,1.4899999769113492e-05,15,13.10443495055075
insert,8807,350633,1.3299999864102574e-05,13,13.10459875356437
insert,8808,364832,1.5199999779724749e-05,15,13.10476253798197
insert,8809,922530,1.6799999684735667e-05,16,13.104926303807776
insert,8810,856836,1.5100000382517464e-05,15,13.105090051046007
insert,8811,455402,1.4400000054592965e-05,14,13.105253779700883
insert,8812,436755,1.5699999948992627e-05,15,13.10541748977662
insert,8813,975434,1.4999999621068127e-05,15,13.105581181277437
insert,8814,909987,1.430000020263833e-05,14,13.105744854207543
insert,8815,126396,1.6699999832781032e-05,16,13.105908508571158
insert,8816,912038,1.3099999705445953e-05,13,13.106072144372488
insert,8817,807813,1.44999999065476e-05,15,13.106235761615748
insert,8818,237731,1.8700000055105193e-05,18,13.106399360305144
insert,8819,783998,1.649999967412441e-05,16,13.106562940444883
insert,8820,684489,1.4600000213249587e-05,14,13.106726502039173
insert,8821,890743,1.6599999980826396e-05,16,13.106890045092218
insert,8822,631560,1.5499999790336005e-05,15,13.10705356960822
insert,8823,973764,1.4999999621068127e-05,15,13.107217075591382
insert,8824,11990,1.5699999948992627e-05,15,13.107380563045904
insert,8825,664679,1.3299999864102574e-05,13,13.107544031975987
insert,8826,815183,1.560000009703799e-05,15,13.107707482385823
insert,8827,662904,1.3200000012147939e-05,13,13.107870914279614
insert,8828,401067,1.5000000075815478e-05,15,13.108034327661551
insert,8829,56758,1.539999993838137e-05,15,13.108197722535829
insert,8830,319589,1.6400000276917126e-05,16,13.108361098906638
insert,8831,549856,1.539999993838137e-05,15,13.108524456778168
insert,8832,43183,1.430000020263833e-05,14,13.108687796154612
insert,8833,566158,1.560000009703799e-05,15,13.108851117040153
insert,8834,592355,2.2400000034394907e-05,17,13.10901441943898
insert,8835,156847,1.4999999621068127e-05,14,13.109177703355275
insert,8836,342708,1.4699999610456871e-05,14,13.109340968793223
insert,8837,526807,1.539999993838137e-05,15,13.109504215757006
insert,8838,731664,1.810000003388268e-05,17,13.109667444250803
insert,8839,231523,1.4199999895936344e-05,14,13.109830654278793
insert,8840,160640,1.3200000012147939e-05,13,13.109993845845157
insert,8841,52974,1.6799999684735667e-05,16,13.110157018954066
insert,8842,706358,1.44999999065476e-05,14,13.110320173609699
insert,8843,767116,1.5100000382517464e-05,15,13.110483309816226
insert,8844,411968,1.4100000043981709e-05,14,13.110646427577821
insert,8845,467263,1.919999976962572e-05,18,13.110809526898654
insert,8846,789411,1.5800000255694613e-05,15,13.110972607782893
insert,8847,624042,1.7899999875226058e-05,18,13.111135670234708
insert,8848,603199,1.4500000361294951e-05,14,13.111298714258261
insert,8849,529248,1.5999999959603883e-05,16,13.111461739857722
insert,8850,232874,1.539999993838137e-05,15,13.11162474703725
insert,8851,452918,1.4700000065204222e-05,15,13.11178773580101
insert,8852,303860,1.5799999800947262e-05,15,13.111950706153163
insert,8853,824567,1.44999999065476e-05,14,13.112113658097865
insert,8854,413478,1.5499999790336005e-05,15,13.112276591639276
insert,8855,155203,2.009999980145949e-05,15,13.112439506781552
insert,8856,138611,1.699999984339229e-05,16,13.112602403528848
insert,8857,352498,1.75999998646148e-05,17,13.112765281885316
insert,8858,86555,1.430000020263833e-05,14,13.112928141855111
insert,8859,498970,2.3799999780749204e-05,18,13.113090983442381
insert,8860,599199,1.83000001925393e-05,17,13.113253806651276
insert,8861,781520,1.8000000181928044e-05,17,13.113416611485945
insert,8862,51707,1.3899999885325087e-05,14,13.113579397950534
insert,8863,574780,1.7099999695346924e-05,17,13.113742166049189
insert,8864,418583,1.44999999065476e-05,14,13.113904915786051
insert,8865,275312,1.5099999927770114e-05,14,13.114067647165264
insert,8866,89212,1.810000003388268e-05,17,13.11423036019097
insert,8867,417886,1.3500000022759195e-05,14,13.114393054867307
insert,8868,526200,1.9499999780236976e-05,18,13.114555731198413
insert,8869,455597,1.3200000012147939e-05,13,13.114718389188425
insert,8870,811415,1.5299999631679384e-05,15,13.11488102884148
insert,8871,731771,1.609999981155852e-05,16,13.11504365016171
insert,8872,136709,1.560000009703799e-05,15,13.115206253153248
insert,8873,799050,1.5900000107649248e-05,15,13.115368837820224
insert,8874,141423,1.610000026630587e-05,16,13.115531404166768
insert,8875,504284,1.5900000107649248e-05,16,13.115693952197011
insert,8876,586465,1.4999999621068127e-05,15,13.115856481915078
insert,8877,207732,1.5999999959603883e-05,13,13.116018993325094
insert,8878,511560,1.3800000033370452e-05,14,13.116181486431183
insert,8879,414522,1.5000000075815478e-05,15,13.116343961237469
insert,8880,683933,1.359999987471383e-05,14,13.116506417748072
insert,8881,599084,1.6599999980826396e-05,17,13.116668855967113
insert,8882,205626,1.52000002344721e-05,15,13.11683127589871
insert,8883,588427,1.4599999758502236e-05,15,13.116993677546981
insert,8884,645920,1.699999984339229e-05,16,13.11715606091604
insert,8885,771404,1.75999998646148e-05,17,13.117318426010003
insert,8886,549714,1.8600000203150557e-05,17,13.117480772832984
insert,8887,258208,2.3999999939405825e-05,13,13.117643101389092
insert,8888,254086,1.5500000245083356e-05,15,13.117805411682438
insert,8889,75125,1.2999999853491317e-05,13,13.117967703717133
insert,8890,279191,1.5299999631679384e-05,15,13.118129977497281
insert,8891,814505,1.4900000223860843e-05,15,13.11829223302699
insert,8892,450957,1.6400000276917126e-05,15,13.118454470310365
insert,8893,339122,1.610000026630587e-05,16,13.118616689351509
insert,8894,718000,1.4400000054592965e-05,14,13.118778890154521
insert,8895,969030,1.699999984339229e-05,16,13.118941072723507
insert,8896,603999,1.740000016070553e-05,17,13.119103237062562
insert,8897,93947,1.740000016070553e-05,17,13.119265383175787
insert,8898,117997,1.539999993838137e-05,15,13.119427511067276
insert,8899,704379,1.5999999959603883e-05,13,13.119589620741122
insert,8900,433673,2.0799999674636638e-05,15,13.119751712201424
insert,8901,444115,1.6899999991437653e-05,16,13.119913785452269
insert,8902,383011,1.7800000023271423e-05,17,13.120075840497751
insert,8903,365228,1.52000002344721e-05,15,13.12023787734196
insert,8904,199743,1.6800000139483018e-05,16,13.120399895988982
insert,8905,336319,1.5199999779724749e-05,15,13.120561896442904
insert,8906,361261,1.3800000033370452e-05,14,13.120723878707812
insert,8907,622726,1.7999999727180693e-05,17,13.12088584278779
insert,8908,687248,1.3900000340072438e-05,14,13.121047788686921
insert,8909,25383,1.3500000022759195e-05,13,13.121209716409284
insert,8910,807070,1.44999999065476e-05,14,13.121371625958963
insert,8911,319626,1.5800000255694613e-05,16,13.121533517340032
insert,8912,177478,1.6200000118260505e-05,15,13.121695390556571
insert,8913,366705,1.8900000213761814e-05,15,13.121857245612654
insert,8914,646155,1.7100000150094274e-05,17,13.122019082512358
insert,8915,861494,1.4400000054592965e-05,14,13.122180901259753
insert,8916,841793,1.4400000054592965e-05,14,13.122342701858912
insert,8917,463691,1.6200000118260505e-05,15,13.122504484313904
insert,8918,653454,2.2700000045006163e-05,17,13.1226662486288
insert,8919,152902,1.6599999980826396e-05,14,13.122827994807666
insert,8920,461860,1.4599999758502236e-05,14,13.12298972285457
insert,8921,47058,1.3600000329461182e-05,13,13.123151432773575
insert,8922,969108,1.4000000192027073e-05,14,13.123313124568744
insert,8923,857916,1.6200000118260505e-05,16,13.12347479824414
insert,8924,244832,1.4599999758502236e-05,14,13.123636453803824
insert,8925,209386,1.2999999853491317e-05,13,13.123798091251855
insert,8926,718652,1.6200000118260505e-05,16,13.12395971059229
insert,8927,391980,1.7800000023271423e-05,17,13.124121311829187
insert,8928,163569,1.4100000043981709e-05,14,13.124282894966601
insert,8929,794542,1.6200000118260505e-05,16,13.124444460008585
insert,8930,763874,1.650000012887176e-05,16,13.124606006959192
insert,8931,894189,1.5999999959603883e-05,13,13.124767535822473
insert,8932,89983,1.6699999832781032e-05,16,13.124929046602478
insert,8933,117831,1.3800000033370452e-05,14,13.125090539303256
insert,8934,775508,1.8899999759014463e-05,18,13.125252013928852
insert,8935,57188,1.4000000192027073e-05,14,13.125413470483315
insert,8936,254855,1.4900000223860843e-05,15,13.125574908970686
insert,8937,995037,1.3800000033370452e-05,13,13.12573632939501
insert,8938,651169,1.5800000255694613e-05,15,13.125897731760327
insert,8939,971747,1.4899999769113492e-05,15,13.12605911607068
insert,8940,154851,1.2900000001536682e-05,13,13.126220482330105
insert,8941,910953,1.6200000118260505e-05,16,13.126381830542641
insert,8942,872882,1.6200000118260505e-05,15,13.126543160712325
insert,8943,859973,1.609999981155852e-05,16,13.12670447284319
insert,8944,301660,1.75999998646148e-05,17,13.12686576693927
insert,8945,14401,1.4199999895936344e-05,14,13.127027043004599
insert,8946,359947,1.3299999864102574e-05,13,13.127188301043205
insert,8947,727498,1.4899999769113492e-05,14,13.127349541059118
insert,8948,843350,1.4799999917158857e-05,14,13.12751076305637
insert,8949,116684,1.4199999895936344e-05,14,13.127671967038982
insert,8950,319940,1.7100000150094274e-05,16,13.127833153010982
insert,8951,471924,1.5000000075815478e-05,15,13.127994320976393
insert,8952,494079,1.6399999822169775e-05,16,13.128155470939241
insert,8953,23854,1.5099999927770114e-05,15,13.128316602903544
insert,8954,347998,1.8199999885837315e-05,17,13.128477716873324
insert,8955,219163,1.4199999895936344e-05,14,13.128638812852598
insert,8956,775960,1.8400000044493936e-05,18,13.128799890845384
insert,8957,564140,1.5699999948992627e-05,15,13.128960950855697
insert,8958,222168,1.6700000287528383e-05,16,13.129121992887555
insert,8959,213702,5.2600000344682485e-05,15,13.129283016944967
insert,8960,572968,1.8400000044493936e-05,17,13.129444023031947
insert,8961,548685,1.699999984339229e-05,17,13.129605011152504
insert,8962,786805,1.9600000086938962e-05,17,13.129765981310651
insert,8963,271223,1.4600000213249587e-05,12,13.129926933510394
insert,8964,575459,1.7899999875226058e-05,17,13.130087867755737
insert,8965,506490,1.7500000012660166e-05,17,13.13024878405069
insert,8966,653307,1.44999999065476e-05,14,13.13040968239925
insert,8967,765381,1.4299999747890979e-05,14,13.130570562805426
insert,8968,148214,1.4599999758502236e-05,13,13.130731425273218
insert,8969,728835,1.5999999959603883e-05,15,13.130892269806624
insert,8970,732698,2.4599999960628338e-05,13,13.131053096409643
insert,8971,700723,2.9200000426499173e-05,16,13.131213905086272
insert,8972,19282,5.2999999752501026e-05,14,13.131374695840508
insert,8973,394901,2.8299999939918052e-05,15,13.131535468676345
insert,8974,611325,3.119999973932863e-05,16,13.131696223597777
insert,8975,950053,3.219999962311704e-05,16,13.131856960608793
insert,8976,695760,1.8799999907059828e-05,15,13.132017679713385
insert,8977,552389,1.939999992828234e-05,18,13.132178380915544
insert,8978,45595,1.609999981155852e-05,15,13.132339064219257
insert,8979,267866,1.5000000075815478e-05,14,13.13249972962851
insert,8980,178594,1.3800000033370452e-05,13,13.132660377147287
insert,8981,63030,1.7899999875226058e-05,17,13.132821006779572
insert,8982,297810,1.790000032997341e-05,17,13.132981618529351
insert,8983,210446,1.5300000086426735e-05,14,13.133142212400601
insert,8984,827525,1.7100000150094274e-05,16,13.133302788397303
insert,8985,730362,1.4000000192027073e-05,13,13.133463346523438
insert,8986,647984,1.560000009703799e-05,15,13.133623886782981
insert,8987,284460,1.249999968422344e-05,12,13.133784409179908
insert,8988,55664,1.560000009703799e-05,15,13.133944913718192
insert,8989,487547,1.44999999065476e-05,14,13.13410540040181
insert,8990,686564,1.4199999895936344e-05,14,13.134265869234731
insert,8991,991090,1.430000020263833e-05,14,13.134426320220927
insert,8992,8740,1.340000017080456e-05,13,13.134586753364365
insert,8993,69833,1.6800000139483018e-05,16,13.134747168669016
insert,8994,407524,1.4900000223860843e-05,14,13.134907566138844
insert,8995,692452,2.1500000002561137e-05,15,13.135067945777816
insert,8996,284490,2.1699999706470408e-05,15,13.135228307589896
insert,8997,695187,1.8000000181928044e-05,13,13.135388651579046
insert,8998,893474,1.560000009703799e-05,13,13.135548977749227
insert,8999,957213,1.2599999990925426e-05,12,13.1357092861044
insert,9000,692166,1.5199999779724749e-05,15,13.135869576648522
insert,9001,377718,1.8000000181928044e-05,17,13.136029849385551
insert,9002,906266,1.5699999948992627e-05,14,13.136190104319445
insert,9003,113133,1.4900000223860843e-05,14,13.136350341454156
insert,9004,20006,1.939999992828234e-05,16,13.136510560793639
insert,9005,306704,1.3500000022759195e-05,13,13.136670762341845
insert,9006,909546,1.6799999684735667e-05,16,13.136830946102725
insert,9007,926315,1.7899999875226058e-05,16,13.13699111208023
insert,9008,680957,1.8400000044493936e-05,17,13.137151260278307
insert,9009,405299,1.6599999980826396e-05,16,13.137311390700901
insert,9010,242398,1.2099999821657548e-05,12,13.13747150335196
insert,9011,399195,1.5099999927770114e-05,15,13.137631598235428
insert,9012,533244,1.8199999885837315e-05,17,13.137791675355247
insert,9013,744163,1.8900000213761814e-05,18,13.137951734715358
insert,9014,104443,1.829999973779195e-05,17,13.138111776319704
insert,9015,947779,1.3500000022759195e-05,12,13.138271800172221
insert,9016,330780,1.4199999895936344e-05,14,13.138431806276849
insert,9017,508206,1.810000003388268e-05,17,13.13859179463752
insert,9018,908878,1.2900000001536682e-05,13,13.138751765258174
insert,9019,626112,1.7800000023271423e-05,17,13.138911718142744
insert,9020,557382,2.3499999770137947e-05,17,13.13907165329516
insert,9021,92297,1.649999967412441e-05,15,13.139231570719353
insert,9022,195473,1.44999999065476e-05,14,13.139391470419255
insert,9023,208536,1.340000017080456e-05,13,13.139551352398794
insert,9024,524971,1.44999999065476e-05,14,13.139711216661896
insert,9025,480234,1.6599999980826396e-05,16,13.139871063212487
insert,9026,587924,1.8500000351195922e-05,18,13.140030892054494
insert,9027,971349,1.6800000139483018e-05,16,13.140190703191836
insert,9028,747079,1.5900000107649248e-05,15,13.140350496628438
insert,9029,22533,1.6400000276917126e-05,16,13.140510272368221
insert,9030,41684,1.44999999065476e-05,14,13.140670030415102
insert,9031,259410,1.5099999927770114e-05,15,13.140829770773001
insert,9032,967071,1.3200000012147939e-05,13,13.140989493445833
insert,9033,555133,1.44999999065476e-05,14,13.141149198437516
insert,9034,319740,1.7299999854003545e-05,17,13.141308885751961
insert,9035,349774,1.4199999895936344e-05,14,13.141468555393084
insert,9036,513732,1.75999998646148e-05,17,13.141628207364795
insert,9037,412510,1.7299999854003545e-05,17,13.141787841671004
insert,9038,780551,1.7500000012660166e-05,17,13.14194745831562
insert,9039,164632,1.339999971605721e-05,13,13.14210705730255
insert,9040,19265,1.7100000150094274e-05,17,13.142266638635702
insert,9041,363626,1.44999999065476e-05,14,13.14242620231898
insert,9042,717553,1.650000012887176e-05,16,13.142585748356288
insert,9043,369008,1.6599999980826396e-05,15,13.14274527675153
insert,9044,372641,1.359999987471383e-05,14,13.142904787508604
insert,9045,655603,1.6400000276917126e-05,16,13.14306428063141
insert,9046,317013,1.430000020263833e-05,14,13.14322375612385
insert,9047,247679,1.629999997021514e-05,13,13.14338321398982
insert,9048,525601,1.720000000204891e-05,17,13.143542654233215
insert,9049,289280,1.4000000192027073e-05,14,13.143702076857931
insert,9050,851332,1.8400000044493936e-05,17,13.143861481867859
insert,9051,65022,1.6700000287528383e-05,16,13.144020869266893
insert,9052,656191,1.8699999600357842e-05,16,13.144180239058922
insert,9053,270197,1.4100000043981709e-05,13,13.144339591247839
insert,9054,921360,2.429999995001708e-05,16,13.14449892583753
insert,9055,405978,1.6200000118260505e-05,15,13.144658242831882
insert,9056,933655,2.369999992879457e-05,17,13.144817542234781
insert,9057,854442,2.700000004551839e-05,17,13.144976824050111
insert,9058,30898,1.340000017080456e-05,12,13.145136088281756
insert,9059,990000,1.9999999949504854e-05,16,13.145295334933598
insert,9060,581897,2.9100000119797187e-05,16,13.145454564009516
insert,9061,995221,2.9799999992974335e-05,16,13.14561377551339
insert,9062,293805,3.199999991920777e-05,16,13.145772969449098
insert,9063,159078,2.769999991869554e-05,14,13.145932145820515
insert,9064,358389,2.6700000034907134e-05,14,13.14609130463152
insert,9065,940757,1.740000016070553e-05,12,13.146250445885986
insert,9066,411930,1.6899999991437653e-05,16,13.146409569587783
insert,9067,688843,1.609999981155852e-05,15,13.146568675740786
insert,9068,143929,1.629999997021514e-05,15,13.146727764348864
insert,9069,92060,1.3500000022759195e-05,13,13.146886835415884
insert,9070,765345,1.7999999727180693e-05,17,13.147045888945717
insert,9071,400774,1.5300000086426735e-05,15,13.147204924942228
insert,9072,546013,3.59000000571541e-05,19,13.147363943409283
insert,9073,710930,1.7099999695346924e-05,15,13.147522944350744
insert,9074,642199,1.7100000150094274e-05,16,13.147681927770476
insert,9075,915094,1.5000000075815478e-05,14,13.147840893672337
insert,9076,655911,1.4100000043981709e-05,14,13.147999842060191
insert,9077,719872,1.2900000001536682e-05,12,13.148158772937894
insert,9078,238476,1.7800000023271423e-05,17,13.148317686309303
insert,9079,437606,1.5800000255694613e-05,15,13.148476582178278
insert,9080,252037,1.7999999727180693e-05,17,13.14863546054867
insert,9081,600728,1.5899999652901897e-05,15,13.148794321424335
insert,9082,160170,1.4900000223860843e-05,14,13.148953164809123
insert,9083,447181,1.610000026630587e-05,15,13.149111990706889
insert,9084,327558,1.560000009703799e-05,15,13.149270799121478
insert,9085,953927,1.3899999885325087e-05,13,13.149429590056743
insert,9086,634776,1.8899999759014463e-05,18,13.149588363516528
insert,9087,345281,1.629999997021514e-05,15,13.149747119504681
insert,9088,470989,1.849999989644857e-05,17,13.149905858025047
insert,9089,568574,1.9300000076327706e-05,16,13.15006457908147
insert,9090,138174,1.4000000192027073e-05,13,13.15022328267779
insert,9091,216801,1.9699999938893598e-05,18,13.150381968817848
insert,9092,684168,1.9999999949504854e-05,17,13.150540637505486
insert,9093,145309,2.3399999918183312e-05,17,13.15069928874454
insert,9094,609255,1.8500000351195922e-05,18,13.150857922538849
insert,9095,567651,1.629999997021514e-05,16,13.151016538892248
insert,9096,717277,1.7800000023271423e-05,17,13.151175137808572
insert,9097,838971,1.610000026630587e-05,15,13.151333719291655
insert,9098,212138,1.3299999864102574e-05,13,13.151492283345327
insert,9099,904489,1.4599999758502236e-05,14,13.151650829973422
insert,9100,144819,1.6599999980826396e-05,16,13.151809359179765
insert,9101,324009,1.7999999727180693e-05,17,13.151967870968189
insert,9102,721979,1.430000020263833e-05,14,13.15212636534252
insert,9103,739390,1.3699999726668466e-05,13,13.152284842306582
insert,9104,942296,1.6899999991437653e-05,16,13.152443301864201
insert,9105,549250,1.700000029813964e-05,17,13.152601744019199
insert,9106,953746,1.3200000012147939e-05,13,13.1527601687754
insert,9107,141823,1.739999970595818e-05,17,13.152918576136623
insert,9108,450956,1.7100000150094274e-05,17,13.153076966106688
insert,9109,953158,1.2799999694834696e-05,13,13.153235338689413
insert,9110,807456,1.8000000181928044e-05,17,13.153393693888615
insert,9111,152204,1.560000009703799e-05,15,13.153552031708111
insert,9112,688109,1.5000000075815478e-05,15,13.153710352151716
insert,9113,978353,1.44999999065476e-05,14,13.15386865522324
insert,9114,592283,1.4900000223860843e-05,15,13.154026940926496
insert,9115,961662,1.3199999557400588e-05,13,13.154185209265297
insert,9116,165726,1.3200000012147939e-05,13,13.154343460243451
insert,9117,332919,1.83000001925393e-05,17,13.154501693864765
insert,9118,71109,1.719999954730156e-05,16,13.154659910133047
insert,9119,584414,1.539999993838137e-05,15,13.154818109052105
insert,9120,558851,1.5799999800947262e-05,15,13.154976290625738
insert,9121,994681,1.560000009703799e-05,15,13.155134454857755
insert,9122,754389,1.609999981155852e-05,15,13.155292601751954
insert,9123,124139,1.7100000150094274e-05,16,13.155450731312138
insert,9124,193080,1.3100000160193304e-05,13,13.155608843542105
insert,9125,333026,1.6699999832781032e-05,17,13.155766938445653
insert,9126,880304,1.7299999854003545e-05,16,13.15592501602658
insert,9127,922368,1.540000039312872e-05,15,13.156083076288681
insert,9128,152592,1.2699999842880061e-05,13,13.156241119235752
insert,9129,762399,1.8199999885837315e-05,15,13.156399144871584
insert,9130,30916,1.2099999821657548e-05,12,13.156557153199971
insert,9131,802617,1.75999998646148e-05,17,13.156715144224702
insert,9132,334169,1.7600000319362152e-05,15,13.156873117949567
insert,9133,922886,1.629999997021514e-05,16,13.157031074378354
insert,9134,434153,1.560000009703799e-05,15,13.15718901351485
insert,9135,431229,1.629999997021514e-05,16,13.157346935362844
insert,9136,318084,1.629999997021514e-05,16,13.157504839926114
insert,9137,464524,1.8200000340584666e-05,18,13.157662727208448
insert,9138,781829,1.52000002344721e-05,15,13.157820597213627
insert,9139,979128,1.3799999578623101e-05,14,13.157978449945432
insert,9140,861614,1.4400000054592965e-05,14,13.158136285407641
insert,9141,937564,1.5900000107649248e-05,15,13.158294103604035
insert,9142,667783,1.8699999600357842e-05,17,13.158451904538389
insert,9143,978584,1.3700000181415817e-05,14,13.158609688214478
insert,9144,774206,1.4799999917158857e-05,15,13.158767454636079
insert,9145,287097,1.6200000118260505e-05,15,13.158925203806964
insert,9146,159339,1.4199999895936344e-05,14,13.159082935730904
insert,9147,816954,1.539999993838137e-05,15,13.159240650411672
insert,9148,197063,1.6400000276917126e-05,16,13.159398347853037
insert,9149,111958,1.8199999885837315e-05,17,13.159556028058768
insert,9150,137936,1.3700000181415817e-05,14,13.159713691032628
insert,9151,193721,1.359999987471383e-05,14,13.159871336778389
insert,9152,27471,1.44999999065476e-05,14,13.160028965299812
insert,9153,799485,1.5699999948992627e-05,15,13.160186576600662
insert,9154,641710,1.739999970595818e-05,15,13.160344170684699
insert,9155,646916,1.8600000203150557e-05,18,13.160501747555687
insert,9156,279826,1.249999968422344e-05,12,13.160659307217383
insert,9157,635023,1.5900000107649248e-05,16,13.160816849673546
insert,9158,594588,1.4299999747890979e-05,14,13.160974374927935
insert,9159,642109,1.4400000054592965e-05,15,13.161131882984307
insert,9160,242129,1.2999999853491317e-05,13,13.161289373846412
insert,9161,625330,1.4799999917158857e-05,15,13.161446847518008
insert,9162,243462,1.3200000012147939e-05,13,13.161604304002845
insert,9163,242130,1.560000009703799e-05,16,13.161761743304675
insert,9164,720768,1.3099999705445953e-05,13,13.161919165427248
insert,9165,27352,1.2400000287016155e-05,13,13.162076570374312
insert,9166,376713,1.44999999065476e-05,14,13.162233958149615
insert,9167,83337,1.3900000340072438e-05,14,13.162391328756906
insert,9168,721569,1.5500000245083356e-05,15,13.162548682199924
insert,9169,817708,1.430000020263833e-05,14,13.162706018482417
insert,9170,499754,1.52000002344721e-05,15,13.162863337608126
insert,9171,140601,1.4500000361294951e-05,14,13.163020639580793
insert,9172,526726,1.5099999927770114e-05,15,13.16317792440416
insert,9173,887241,1.7500000012660166e-05,16,13.163335192081961
insert,9174,634087,1.6899999991437653e-05,15,13.163492442617937
insert,9175,491535,1.4800000371906208e-05,15,13.163649676015824
insert,9176,746607,1.5300000086426735e-05,15,13.163806892279359
insert,9177,681122,1.6399999822169775e-05,16,13.163964091412273
insert,9178,392125,1.4400000054592965e-05,14,13.1641212734183
insert,9179,192914,1.5900000107649248e-05,16,13.16427843830117
insert,9180,893523,1.6400000276917126e-05,16,13.164435586064617
insert,9181,406282,1.3899999885325087e-05,14,13.164592716712367
insert,9182,515319,1.7300000308750896e-05,17,13.164749830248148
insert,9183,496865,1.7700000171316788e-05,17,13.164906926675688
insert,9184,144193,1.6400000276917126e-05,16,13.165064005998712
insert,9185,171743,1.2399999832268804e-05,12,13.165221068220944
insert,9186,202648,1.6899999991437653e-05,14,13.165378113346108
insert,9187,237265,1.849999989644857e-05,18,13.165535141377925
insert,9188,33796,1.3999999737279722e-05,14,13.165692152320114
insert,9189,428437,1.7699999716569437e-05,17,13.165849146176397
insert,9190,801678,2.0200000108161476e-05,16,13.166006122950492
insert,9191,15744,1.4400000054592965e-05,14,13.166163082646113
insert,9192,970390,1.560000009703799e-05,15,13.166320025266979
insert,9193,282968,1.44999999065476e-05,14,13.166476950816804
insert,9194,996355,1.5300000086426735e-05,14,13.1666338592993
insert,9195,433109,1.6899999991437653e-05,15,13.16679075071818
insert,9196,233366,2.0599999970727367e-05,13,13.166947625077155
insert,9197,778428,1.6899999991437653e-05,16,13.167104482379933
insert,9198,703951,1.609999981155852e-05,15,13.167261322630226
insert,9199,212687,1.6200000118260505e-05,16,13.167418145831737
insert,9200,794587,1.609999981155852e-05,16,13.167574951988176
insert,9201,214499,1.4899999769113492e-05,15,13.167731741103244
insert,9202,69349,1.5300000086426735e-05,15,13.16788851318065
insert,9203,185680,1.4900000223860843e-05,14,13.16804526822409
insert,9204,972139,1.829999973779195e-05,18,13.16820200623727
insert,9205,460624,1.4600000213249587e-05,14,13.168358727223886
insert,9206,909251,1.75999998646148e-05,17,13.168515431187641
insert,9207,647034,1.6200000118260505e-05,16,13.16867211813223
insert,9208,513743,1.5000000075815478e-05,15,13.16882878806135
insert,9209,721277,1.2900000001536682e-05,13,13.168985440978698
insert,9210,340678,1.4199999895936344e-05,14,13.169142076887965
insert,9211,908880,1.4700000065204222e-05,15,13.169298695792845
insert,9212,479771,2.0599999970727367e-05,19,13.16945529769703
insert,9213,930703,1.339999971605721e-05,13,13.169611882604212
insert,9214,258772,1.540000039312872e-05,15,13.169768450518076
insert,9215,448325,1.430000020263833e-05,14,13.169925001442312
insert,9216,424534,1.649999967412441e-05,16,13.170081535380609
insert,9217,813921,1.7999999727180693e-05,15,13.170238052336648
insert,9218,43859,1.650000012887176e-05,14,13.170394552314118
insert,9219,637461,1.6699999832781032e-05,16,13.1705510353167
insert,9220,771052,1.629999997021514e-05,16,13.170707501348076
insert,9221,864372,1.8500000351195922e-05,18,13.170863950411928
insert,9222,398852,1.7800000023271423e-05,17,13.171020382511934
insert,9223,755186,1.5499999790336005e-05,15,13.171176797651771
insert,9224,328097,1.4700000065204222e-05,14,13.171333195835121
insert,9225,413297,1.8200000340584666e-05,18,13.171489577065655
insert,9226,641210,1.7700000171316788e-05,16,13.171645941347052
insert,9227,984759,1.4200000350683695e-05,14,13.171802288682983
insert,9228,778534,1.6899999991437653e-05,17,13.17195861907712
insert,9229,599717,1.5300000086426735e-05,15,13.172114932533137
insert,9230,622651,1.7699999716569437e-05,17,13.1722712290547
insert,9231,562204,1.75999998646148e-05,17,13.172427508645482
insert,9232,550745,1.8900000213761814e-05,18,13.17258377130915
insert,9233,672551,1.720000000204891e-05,16,13.172740017049366
insert,9234,918326,1.4600000213249587e-05,14,13.1728962458698
insert,9235,738316,1.849999989644857e-05,17,13.173052457774116
insert,9236,825146,1.6800000139483018e-05,16,13.173208652765974
insert,9237,40383,1.3899999885325087e-05,14,13.173364830849037
insert,9238,545941,1.939999992828234e-05,19,13.173520992026965
insert,9239,114627,1.6899999991437653e-05,16,13.17367713630342
insert,9240,473547,1.559999964229064e-05,15,13.173833263682058
insert,9241,479095,1.5000000075815478e-05,15,13.173989374166535
insert,9242,867183,1.560000009703799e-05,15,13.174145467760507
insert,9243,920406,1.7999999727180693e-05,17,13.174301544467632
insert,9244,44477,1.4400000054592965e-05,14,13.174457604291558
insert,9245,920419,1.6800000139483018e-05,17,13.174613647235942
insert,9246,257658,1.6899999991437653e-05,16,13.174769673304432
insert,9247,543900,1.6200000118260505e-05,16,13.174925682500678
insert,9248,563997,2.009999980145949e-05,15,13.17508167482833
insert,9249,414829,1.4900000223860843e-05,15,13.175237650291036
insert,9250,770882,1.6800000139483018e-05,14,13.175393608892442
insert,9251,41159,1.700000029813964e-05,16,13.175549550636191
insert,9252,584792,1.7899999875226058e-05,17,13.175705475525927
insert,9253,406217,1.83000001925393e-05,18,13.175861383565296
insert,9254,541199,1.630000042496249e-05,16,13.176017274757937
insert,9255,802329,1.9699999938893598e-05,14,13.17617314910749
insert,9256,661283,1.9600000086938962e-05,18,13.176329006617596
insert,9257,51691,1.6700000287528383e-05,16,13.17648484729189
insert,9258,199073,1.7500000012660166e-05,17,13.176640671134013
insert,9259,305324,1.9999999949504854e-05,16,13.1767964781476
insert,9260,460906,1.4100000043981709e-05,14,13.176952268336281
insert,9261,417376,1.8700000055105193e-05,18,13.177108041703693
insert,9262,927359,1.7500000012660166e-05,16,13.177263798253469
insert,9263,319349,1.5000000075815478e-05,15,13.177419537989236
insert,9264,811260,1.7100000150094274e-05,17,13.177575260914628
insert,9265,867824,1.7800000023271423e-05,17,13.177730967033272
insert,9266,299804,1.6700000287528383e-05,16,13.177886656348793
insert,9267,483758,1.629999997021514e-05,16,13.178042328864821
insert,9268,174574,1.3100000160193304e-05,13,13.17819798458498
insert,9269,442984,1.4199999895936344e-05,14,13.178353623512892
insert,9270,308722,1.3200000012147939e-05,13,13.178509245652183
insert,9271,642918,1.5099999927770114e-05,15,13.178664851006472
insert,9272,963676,1.6800000139483018e-05,16,13.178820439579379
insert,9273,57197,1.3500000022759195e-05,13,13.178976011374525
insert,9274,723469,1.5499999790336005e-05,15,13.179131566395528
insert,9275,542082,1.9600000086938962e-05,19,13.179287104646004
insert,9276,947573,1.9600000086938962e-05,15,13.179442626129568
insert,9277,149150,2.859999995052931e-05,14,13.179598130849836
insert,9278,486098,1.83000001925393e-05,18,13.179753618810421
insert,9279,870207,1.4700000065204222e-05,14,13.179909090014934
insert,9280,677487,1.4700000065204222e-05,14,13.180064544466989
insert,9281,473640,1.6899999991437653e-05,17,13.180219982170192
insert,9282,94835,1.7100000150094274e-05,16,13.180375403128155
insert,9283,757751,1.650000012887176e-05,15,13.180530807344482
insert,9284,524978,1.720000000204891e-05,17,13.180686194822783
insert,9285,118670,1.4299999747890979e-05,14,13.180841565566661
insert,9286,188504,1.6800000139483018e-05,16,13.180996919579721
insert,9287,816559,1.6899999991437653e-05,17,13.181152256865566
insert,9288,613887,1.7299999854003545e-05,17,13.181307577427798
insert,9289,983400,1.920000022437307e-05,14,13.181462881270015
insert,9290,937771,1.560000009703799e-05,15,13.181618168395818
insert,9291,729929,1.649999967412441e-05,16,13.181773438808808
insert,9292,572950,1.4899999769113492e-05,15,13.181928692512578
insert,9293,141880,1.5999999959603883e-05,16,13.182083929510725
insert,9294,412161,1.4799999917158857e-05,15,13.182239149806843
insert,9295,433649,1.5199999779724749e-05,15,13.18239435340453
insert,9296,339174,1.6399999822169775e-05,16,13.182549540307372
insert,9297,472789,1.5499999790336005e-05,15,13.182704710518964
insert,9298,26123,1.250000013897079e-05,12,13.182859864042896
insert,9299,187568,1.7500000012660166e-05,17,13.183015000882756
insert,9300,475719,1.8899999759014463e-05,18,13.183170121042131
insert,9301,618991,1.720000000204891e-05,17,13.183325224524612
insert,9302,940172,1.5699999948992627e-05,13,13.183480311333778
insert,9303,747252,1.8899999759014463e-05,15,13.183635381473218
insert,9304,939310,1.44999999065476e-05,14,13.183790434946514
insert,9305,211742,1.4799999917158857e-05,14,13.183945471757246
insert,9306,925420,1.3099999705445953e-05,13,13.184100491908998
insert,9307,476770,1.83000001925393e-05,18,13.184255495405349
insert,9308,94561,2.190000031987438e-05,17,13.184410482249875
insert,9309,262231,5.360000022847089e-05,14,13.184565452446156
insert,9310,339818,1.7300000308750896e-05,17,13.184720405997767
insert,9311,725319,1.3000000308238668e-05,13,13.184875342908283
insert,9312,680082,1.2999999853491317e-05,13,13.18503026318128
insert,9313,951229,1.3299999864102574e-05,13,13.185185166820329
insert,9314,746031,1.83000001925393e-05,17,13.185340053829
insert,9315,835177,1.3699999726668466e-05,13,13.185494924210866
insert,9316,171961,1.2099999821657548e-05,12,13.185649777969497
insert,9317,753271,1.5499999790336005e-05,15,13.185804615108458
insert,9318,768882,1.4100000043981709e-05,14,13.185959435631318
insert,9319,129546,1.699999984339229e-05,16,13.186114239541643
insert,9320,95621,1.44999999065476e-05,14,13.186269026842997
insert,9321,119711,1.4800000371906208e-05,14,13.186423797538945
insert,9322,740533,1.630000042496249e-05,15,13.186578551633048
insert,9323,471229,1.6800000139483018e-05,16,13.186733289128867
insert,9324,664874,1.7699999716569437e-05,16,13.186888010029962
insert,9325,380574,1.610000026630587e-05,15,13.187042714339894
insert,9326,89451,1.430000020263833e-05,14,13.187197402062221
insert,9327,549263,1.8200000340584666e-05,18,13.187352073200497
insert,9328,741636,1.3999999737279722e-05,14,13.18750672775828
insert,9329,402745,1.9699999938893598e-05,18,13.187661365739121
insert,9330,762183,1.739999970595818e-05,17,13.187815987146577
insert,9331,829494,1.4400000054592965e-05,14,13.187970591984199
insert,9332,536522,1.5499999790336005e-05,15,13.188125180255538
insert,9333,641805,1.7999999727180693e-05,18,13.188279751964144
insert,9334,995890,1.340000017080456e-05,13,13.188434307113564
insert,9335,167667,1.4700000065204222e-05,14,13.188588845707349
insert,9336,397074,2.1800000013172394e-05,17,13.18874336774904
insert,9337,577080,1.4700000065204222e-05,14,13.188897873242189
insert,9338,399096,1.4899999769113492e-05,15,13.189052362190337
insert,9339,46039,1.359999987471383e-05,13,13.189206834597025
insert,9340,805580,2.6899999738816405e-05,16,13.189361290465797
insert,9341,179186,2.5899999855028e-05,14,13.189515729800194
insert,9342,956567,2.5400000140507473e-05,12,13.189670152603753
insert,9343,351476,3.420000030018855e-05,14,13.189824558880018
insert,9344,592961,3.319999996165279e-05,15,13.18997894863252
insert,9345,913630,1.9600000086938962e-05,13,13.1901333218648
insert,9346,691568,1.5099999927770114e-05,14,13.19028767858039
insert,9347,904578,1.559999964229064e-05,15,13.190442018782825
insert,9348,157381,1.4899999769113492e-05,14,13.190596342475638
insert,9349,170000,1.340000017080456e-05,13,13.19075064966236
insert,9350,911023,1.7899999875226058e-05,17,13.190904940346524
insert,9351,151632,1.6399999822169775e-05,15,13.191059214531656
insert,9352,187556,1.6400000276917126e-05,16,13.191213472221285
insert,9353,806520,1.4600000213249587e-05,14,13.191367713418941
insert,9354,746636,1.739999970595818e-05,17,13.191521938128146
insert,9355,53803,1.9300000076327706e-05,13,13.191676146352428
insert,9356,439964,1.900000006571645e-05,17,13.191830338095308
insert,9357,323027,1.9099999917671084e-05,18,13.19198451336031
insert,9358,324554,1.5099999927770114e-05,15,13.192138672150957
insert,9359,765631,1.829999973779195e-05,17,13.192292814470767
insert,9360,805968,1.8900000213761814e-05,16,13.19244694032326
insert,9361,467936,1.9999999949504854e-05,15,13.192601049711953
insert,9362,302809,1.7099999695346924e-05,16,13.192755142640367
insert,9363,656884,1.7800000023271423e-05,17,13.192909219112012
insert,9364,189474,1.2900000001536682e-05,13,13.193063279130408
insert,9365,123265,1.8200000340584666e-05,17,13.193217322699065
insert,9366,942190,1.3200000012147939e-05,13,13.193371349821497
insert,9367,137963,1.720000000204891e-05,17,13.193525360501216
insert,9368,212706,1.4400000054592965e-05,14,13.193679354741729
insert,9369,3705,1.629999997021514e-05,15,13.19383333254655
insert,9370,652802,1.4000000192027073e-05,14,13.193987293919182
insert,9371,802576,1.4899999769113492e-05,15,13.194141238863136
insert,9372,265407,1.6400000276917126e-05,16,13.194295167381915
insert,9373,12801,1.4400000054592965e-05,14,13.194449079479025
insert,9374,480922,1.9600000086938962e-05,19,13.194602975157968
insert,9375,521801,1.6699999832781032e-05,16,13.194756854422248
insert,9376,896964,1.5499999790336005e-05,15,13.194910717275365
insert,9377,522865,1.539999993838137e-05,15,13.19506456372082
insert,9378,569903,2.0400000266818097e-05,19,13.195218393762113
insert,9379,846678,1.340000017080456e-05,13,13.19537220740274
insert,9380,6030,1.560000009703799e-05,15,13.195526004646197
insert,9381,637518,1.8900000213761814e-05,18,13.195679785495981
insert,9382,925582,1.3500000022759195e-05,13,13.195833549955587
insert,9383,517438,1.539999993838137e-05,15,13.19598729802851
insert,9384,249434,1.4799999917158857e-05,14,13.196141029718238
insert,9385,227409,1.430000020263833e-05,14,13.196294745028263
insert,9386,617467,1.5699999948992627e-05,15,13.196448443962078
insert,9387,691506,1.990000009755022e-05,16,13.196602126523171
insert,9388,498821,1.5699999948992627e-05,15,13.196755792715027
insert,9389,475780,1.4799999917158857e-05,15,13.196909442541138
insert,9390,430075,1.4700000065204222e-05,14,13.197063076004984
insert,9391,463340,1.5900000107649248e-05,16,13.197216693110052
insert,9392,83263,1.7800000023271423e-05,17,13.197370293859827
insert,9393,630422,1.8199999885837315e-05,17,13.197523878257787
insert,9394,629253,1.83000001925393e-05,18,13.197677446307418
insert,9395,6893,1.740000016070553e-05,17,13.197830998012197
insert,9396,256601,1.5800000255694613e-05,15,13.197984533375603
insert,9397,925021,1.4500000361294951e-05,14,13.198138052401116
insert,9398,573930,1.7899999875226058e-05,17,13.19829155509221
insert,9399,291623,1.559999964229064e-05,15,13.198445041452363
insert,9400,649872,1.4799999917158857e-05,15,13.198598511485047
insert,9401,659173,1.6699999832781032e-05,16,13.198751965193736
insert,9402,584633,1.4899999769113492e-05,15,13.198905402581904
insert,9403,859960,1.6699999832781032e-05,16,13.199058823653022
insert,9404,865340,1.4900000223860843e-05,15,13.199212228410557
insert,9405,217724,1.7299999854003545e-05,16,13.199365616857982
insert,9406,51296,1.4299999747890979e-05,14,13.199518988998761
insert,9407,193819,1.5099999927770114e-05,15,13.199672344836364
insert,9408,155458,1.3899999885325087e-05,13,13.199825684374256
insert,9409,57739,1.5099999927770114e-05,13,13.1999790076159
insert,9410,685011,1.5199999779724749e-05,15,13.200132314564758
insert,9411,365974,1.539999993838137e-05,15,13.200285605224298
insert,9412,38505,1.4299999747890979e-05,14,13.200438879597975
insert,9413,152437,1.6399999822169775e-05,16,13.200592137689254
insert,9414,895305,1.6899999991437653e-05,13,13.20074537950159
insert,9415,34008,1.699999984339229e-05,17,13.200898605038445
insert,9416,699397,1.340000017080456e-05,13,13.201051814303272
insert,9417,606175,1.8400000044493936e-05,17,13.201205007299528
insert,9418,878722,1.4199999895936344e-05,14,13.201358184030667
insert,9419,632591,1.4900000223860843e-05,15,13.201511344500146
insert,9420,312939,1.5300000086426735e-05,14,13.201664488711414
insert,9421,347196,1.5300000086426735e-05,14,13.20181761666792
insert,9422,965094,1.609999981155852e-05,15,13.201970728373121
insert,9423,91963,1.3300000318849925e-05,13,13.20212382383046
insert,9424,51414,1.3700000181415817e-05,14,13.202276903043389
insert,9425,114177,1.5999999959603883e-05,15,13.202429966015352
insert,9426,437212,1.849999989644857e-05,18,13.202583012749797
insert,9427,186907,1.720000000204891e-05,16,13.202736043250168
insert,9428,169173,1.2299999980314169e-05,12,13.202889057519908
insert,9429,704738,1.5699999948992627e-05,13,13.20304205556246
insert,9430,298195,1.720000000204891e-05,17,13.203195037381263
insert,9431,640775,2.170000016121776e-05,16,13.203348002979762
insert,9432,693030,1.6700000287528383e-05,13,13.203500952361395
insert,9433,725105,1.3000000308238668e-05,13,13.203653885529597
insert,9434,733843,1.6699999832781032e-05,16,13.203806802487808
insert,9435,623871,1.2999999853491317e-05,13,13.203959703239462
insert,9436,600082,1.5199999779724749e-05,15,13.204112587787996
insert,9437,825552,1.810000003388268e-05,17,13.204265456136843
insert,9438,589486,1.8700000055105193e-05,18,13.204418308289435
insert,9439,186038,1.3800000033370452e-05,14,13.204571144249204
insert,9440,477457,1.5999999959603883e-05,16,13.20472396401958
insert,9441,785735,2.0200000108161476e-05,17,13.204876767603993
insert,9442,607091,1.809999957913533e-05,17,13.205029555005872
insert,9443,377686,1.5000000075815478e-05,15,13.205182326228643
insert,9444,976728,1.9300000076327706e-05,18,13.205335081275733
insert,9445,37582,1.629999997021514e-05,16,13.205487820150566
insert,9446,97650,1.4399999599845614e-05,14,13.205640542856566
insert,9447,805844,1.430000020263833e-05,14,13.205793249397157
insert,9448,313834,1.340000017080456e-05,13,13.205945939775761
insert,9449,338504,1.4000000192027073e-05,14,13.206098613995797
insert,9450,386474,1.7999999727180693e-05,17,13.206251272060687
insert,9451,941129,1.5300000086426735e-05,15,13.206403913973848
insert,9452,397347,1.4699999610456871e-05,15,13.206556539738695
insert,9453,860110,1.7099999695346924e-05,17,13.20670914935865
insert,9454,70954,1.6599999980826396e-05,15,13.206861742837123
insert,9455,795285,1.5900000107649248e-05,15,13.207014320177532
insert,9456,448082,1.6699999832781032e-05,16,13.207166881383289
insert,9457,884275,1.650000012887176e-05,16,13.207319426457804
insert,9458,577211,1.4400000054592965e-05,14,13.207471955404491
insert,9459,68080,1.5700000403739978e-05,15,13.207624468226758
insert,9460,307058,1.4500000361294951e-05,14,13.207776964928014
insert,9461,493688,1.7500000012660166e-05,17,13.207929445511667
insert,9462,141082,1.5500000245083356e-05,15,13.208081909981123
insert,9463,127951,1.430000020263833e-05,14,13.208234358339789
insert,9464,728362,1.6700000287528383e-05,16,13.208386790591067
insert,9465,901155,1.340000017080456e-05,13,13.208539206738363
insert,9466,287749,1.2699999842880061e-05,12,13.208691606785079
insert,9467,345201,0.00010210000027655042,18,13.208843990734614
insert,9468,552655,5.4599999657511944e-05,16,13.20899635859037
insert,9469,433857,5.469999996421393e-05,18,13.209148710355747
insert,9470,550132,4.820000003746827e-05,17,13.209301046034142
insert,9471,220039,4.4099999740865314e-05,16,13.20945336562895
insert,9472,729631,4.530000023805769e-05,15,13.209605669143569
insert,9473,219206,4.819999958272092e-05,17,13.209757956581393
insert,9474,641785,4.8600000354781514e-05,18,13.209910227945816
insert,9475,61011,4.5199999931355705e-05,17,13.21006248324023
insert,9476,114612,4.1400000100111356e-05,16,13.210214722468029
insert,9477,599122,4.4099999740865314e-05,17,13.2103669456326
insert,9478,765176,4.149999995206599e-05,16,13.210519152737335
insert,9479,659532,3.839999999399879e-05,15,13.210671343785622
insert,9480,554641,4.9899999794433825e-05,19,13.210823518780845
insert,9481,91929,3.620000006776536e-05,14,13.210975677726395
insert,9482,507158,5.030000011174707e-05,19,13.211127820625654
insert,9483,759247,3.890000016326667e-05,15,13.211279947482009
insert,9484,722107,4.11000000895001e-05,16,13.211432058298838
insert,9485,634156,4.360000002634479e-05,17,13.211584153079526
insert,9486,979257,3.789999982473091e-05,15,13.211736231827455
insert,9487,826472,3.620000006776536e-05,14,13.211888294546004
insert,9488,741140,3.8499999845953425e-05,16,13.21204034123855
insert,9489,301138,3.330000026835478e-05,15,13.212192371908472
insert,9490,447799,3.7599999814119656e-05,17,13.212344386559145
insert,9491,638420,3.459999970800709e-05,16,13.212496385193948
insert,9492,888981,2.7999999929306796e-05,13,13.212648367816252
insert,9493,331863,3.060000017285347e-05,14,13.212800334429431
insert,9494,272274,3.620000006776536e-05,16,13.21295228503686
insert,9495,550913,3.41999998454412e-05,16,13.213104219641906
insert,9496,603081,3.0100000003585592e-05,14,13.213256138247942
insert,9497,653519,3.6699999782285886e-05,17,13.213408040858337
insert,9498,371043,3.2499999633728294e-05,15,13.213559927476458
insert,9499,972141,3.680000008898787e-05,17,13.213711798105672
insert,9500,136015,3.749999996216502e-05,17,13.213863652749346
insert,9501,644130,3.239999978177366e-05,15,13.214015491410844
insert,9502,589965,4.460000036488054e-05,18,13.21416731409353
insert,9503,520510,3.9600000036443816e-05,18,13.214319120800766
insert,9504,544952,3.190000006725313e-05,15,13.214470911535914
insert,9505,764606,3.440000000409782e-05,14,13.214622686302336
insert,9506,662551,3.060000017285347e-05,14,13.214774445103389
insert,9507,521920,3.8099999983387534e-05,17,13.214926187942435
insert,9508,516429,3.4700000014709076e-05,16,13.215077914822828
insert,9509,847229,3.239999978177366e-05,15,13.215229625747925
insert,9510,188647,2.989999984492897e-05,14,13.215381320721084
insert,9511,926589,2.790000007735216e-05,13,13.215532999745657
insert,9512,639009,3.2700000247132266e-05,15,13.215684662824996
insert,9513,244027,3.710000009959913e-05,17,13.215836309962455
insert,9514,743008,4.070000022693421e-05,17,13.215987941161384
insert,9515,304599,2.7499999760038918e-05,13,13.216139556425135
insert,9516,202958,2.9999999696883606e-05,14,13.216291155757055
insert,9517,1658,3.400000014153193e-05,13,13.216442739160492
insert,9518,123950,2.969999968627235e-05,14,13.216594306638793
insert,9519,25152,3.210000022590975e-05,15,13.216745858195306
insert,9520,487468,3.66000003850786e-05,17,13.216897393833372
insert,9521,655844,2.97000001410197e-05,14,13.217048913556338
insert,9522,835435,2.97000001410197e-05,14,13.217200417367545
insert,9523,123655,2.949999998236308e-05,14,13.217351905270334
insert,9524,773292,3.689999994094251e-05,17,13.217503377268047
insert,9525,889266,3.0499999866151484e-05,14,13.217654833364023
insert,9526,217403,3.210000022590975e-05,15,13.2178062735616
insert,9527,838404,3.0199999855540227e-05,14,13.217957697864113
insert,9528,645198,3.689999994094251e-05,17,13.218109106274904
insert,9529,434774,3.5200000183976954e-05,16,13.218260498797305
insert,9530,434154,3.670000023703324e-05,17,13.218411875434649
insert,9531,47703,3.0199999855540227e-05,14,13.21856323619027
insert,9532,350007,3.670000023703324e-05,17,13.218714581067502
insert,9533,366635,3.1800000215298496e-05,15,13.218865910069676
insert,9534,587639,3.409999999348656e-05,16,13.219017223200119
insert,9535,845198,3.28000000990869e-05,15,13.219168520462162
insert,9536,668471,3.220000007786439e-05,15,13.219319801859132
insert,9537,222653,3.199999991920777e-05,15,13.219471067394357
insert,9538,11847,2.750000021478627e-05,13,13.219622317071163
insert,9539,671737,3.0000000151630957e-05,14,13.219773550892874
insert,9540,210961,3.199999991920777e-05,15,13.219924768862814
insert,9541,723536,3.0300000162242213e-05,14,13.220075970984304
insert,9542,295308,3.220000007786439e-05,15,13.22022715726067
insert,9543,266777,3.0000000151630957e-05,14,13.220378327695228
insert,9544,828581,3.1600000056641875e-05,14,13.2205294822913
insert,9545,71132,3.220000007786439e-05,15,13.220680621052203
insert,9546,322723,4.3399999867688166e-05,18,13.220831743981257
insert,9547,314871,3.0100000003585592e-05,14,13.220982851081777
insert,9548,531303,3.440000000409782e-05,16,13.221133942357078
insert,9549,576711,3.659999993033125e-05,17,13.221285017810473
insert,9550,339659,3.4499999856052455e-05,16,13.22143607744528
insert,9551,804292,3.0200000310287578e-05,14,13.221587121264806
insert,9552,6430,2.809999978126143e-05,13,13.221738149272364
insert,9553,119367,3.500000002532033e-05,16,13.221889161471266
insert,9554,719151,3.41999998454412e-05,15,13.22204015786482
insert,9555,349473,2.9300000278453808e-05,13,13.222191138456333
insert,9556,357944,3.699999979289714e-05,17,13.222342103249112
insert,9557,415288,3.8299999687296804e-05,16,13.222493052246467
insert,9558,759585,4.0500000068277586e-05,15,13.222643985451697
insert,9559,596558,3.880000031131203e-05,17,13.222794902868111
insert,9560,645916,4.579999995257822e-05,18,13.222945804499009
insert,9561,30532,2.8100000236008782e-05,13,13.223096690347695
insert,9562,872461,3.699999979289714e-05,17,13.223247560417468
insert,9563,184161,3.079999987676274e-05,14,13.223398414711628
insert,9564,346570,2.97000001410197e-05,14,13.223549253233475
insert,9565,874330,3.730000025825575e-05,17,13.223700075986306
insert,9566,354353,3.710000009959913e-05,17,13.223850882973418
insert,9567,967081,3.239999978177366e-05,15,13.224001674198105
insert,9568,705140,3.040000001419685e-05,14,13.224152449663665
insert,9569,502382,3.229999992981902e-05,15,13.224303209373389
insert,9570,960667,3.220000007786439e-05,15,13.224453953330569
insert,9571,497550,3.210000022590975e-05,15,13.2246046815385
insert,9572,835982,3.1799999760551145e-05,14,13.224755394000468
insert,9573,37286,3.0100000003585592e-05,14,13.224906090719767
insert,9574,677016,4.3000000005122274e-05,17,13.225056771699682
insert,9575,142349,3.749999996216502e-05,17,13.225207436943503
insert,9576,504885,3.420000030018855e-05,16,13.225358086454513
insert,9577,162935,3.0100000003585592e-05,14,13.225508720236
insert,9578,657668,3.239999978177366e-05,15,13.22565933829125
insert,9579,482993,3.4300000152143184e-05,16,13.225809940623543
insert,9580,935391,2.8100000236008782e-05,13,13.225960527236161
insert,9581,907254,3.0300000162242213e-05,14,13.226111098132389
insert,9582,563052,3.0100000003585592e-05,14,13.226261653315504
insert,9583,939450,2.7600000066740904e-05,13,13.226412192788786
insert,9584,351388,2.989999984492897e-05,14,13.226562716555513
insert,9585,484936,3.80000001314329e-05,17,13.226713224618962
insert,9586,822073,4.0100000205711694e-05,16,13.226863716982411
insert,9587,853716,3.400000014153193e-05,14,13.227014193649133
insert,9588,434062,4.239999998389976e-05,18,13.227164654622403
insert,9589,972859,3.229999992981902e-05,15,13.227315099905493
insert,9590,778657,3.220000007786439e-05,15,13.227465529501677
insert,9591,58744,3.229999992981902e-05,15,13.227615943414223
insert,9592,875672,3.0499999866151484e-05,14,13.227766341646404
insert,9593,546385,3.879999985656468e-05,18,13.227916724201489
insert,9594,313885,4.830000034417026e-05,16,13.228067091082742
insert,9595,592386,3.229999992981902e-05,15,13.228217442293435
insert,9596,760181,3.4500000310799805e-05,16,13.22836777783683
insert,9597,711142,3.229999992981902e-05,15,13.228518097716194
insert,9598,330829,3.659999993033125e-05,17,13.22866840193479
insert,9599,582146,3.639999977167463e-05,16,13.228818690495881
insert,9600,561917,3.3599999824218685e-05,15,13.228968963402728
insert,9601,19628,3.460000016275444e-05,16,13.229119220658594
insert,9602,218380,3.789999982473091e-05,13,13.229269462266737
insert,9603,605446,3.4700000014709076e-05,16,13.229419688230417
insert,9604,718792,3.0100000003585592e-05,14,13.229569898552889
insert,9605,347833,3.500000002532033e-05,16,13.229720093237413
insert,9606,838374,3.420000030018855e-05,16,13.229870272287243
insert,9607,960692,2.989999984492897e-05,14,13.230020435705635
insert,9608,931167,3.219999962311704e-05,15,13.23017058349584
insert,9609,834439,3.59000000571541e-05,16,13.230320715661113
insert,9610,370772,3.040000001419685e-05,14,13.230470832204706
insert,9611,69430,3.199999991920777e-05,15,13.230620933129867
insert,9612,156558,2.9799999992974335e-05,14,13.230771018439848
insert,9613,294084,3.220000007786439e-05,15,13.230921088137896
insert,9614,881579,3.5399999887886224e-05,16,13.23107114222726
insert,9615,32688,2.7300000056129647e-05,13,13.231221180711186
insert,9616,355628,3.229999992981902e-05,15,13.23137120359292
insert,9617,393469,2.9799999992974335e-05,14,13.231521210875703
insert,9618,656945,3.710000009959913e-05,17,13.231671202562785
insert,9619,560227,3.72999998035084e-05,17,13.231821178657404
insert,9620,883327,3.7599999814119656e-05,17,13.231971139162804
insert,9621,174032,2.7999999929306796e-05,13,13.232121084082221
insert,9622,598718,3.879999985656468e-05,18,13.2322710134189
insert,9623,635112,3.4300000152143184e-05,16,13.232420927176076
insert,9624,408490,3.239999978177366e-05,15,13.232570825356989
insert,9625,196482,2.7999999929306796e-05,13,13.232720707964873
insert,9626,624104,3.620000006776536e-05,17,13.232870575002964
insert,9627,122521,2.990000029967632e-05,14,13.233020426474496
insert,9628,906593,3.0299999707494862e-05,14,13.233170262382705
insert,9629,820348,3.820000029008952e-05,14,13.233320082730822
insert,9630,788048,3.460000016275444e-05,15,13.233469887522077
insert,9631,323257,3.239999978177366e-05,15,13.233619676759702
insert,9632,739526,2.8299999939918052e-05,13,13.233769450446927
insert,9633,899489,3.51999997292296e-05,13,13.233919208586977
insert,9634,329777,3.259999994043028e-05,15,13.234068951183083
insert,9635,744322,4.0500000068277586e-05,18,13.23421867823847
insert,9636,33165,2.7600000066740904e-05,13,13.234368389756364
insert,9637,284686,3.0499999866151484e-05,14,13.234518085739989
insert,9638,433974,3.229999992981902e-05,15,13.234667766192569
insert,9639,91015,3.699999979289714e-05,17,13.234817431117325
insert,9640,521200,3.199999991920777e-05,15,13.234967080517478
insert,9641,919653,3.0300000162242213e-05,14,13.23511671439625
insert,9642,249186,3.4899999718618346e-05,15,13.23526633275686
insert,9643,389634,3.199999991920777e-05,15,13.235415935602527
insert,9644,473859,3.409999999348656e-05,16,13.235565522936465
insert,9645,869750,3.0100000003585592e-05,14,13.235715094761895
insert,9646,996910,3.770000012082164e-05,17,13.23586465108203
insert,9647,317330,3.149999974993989e-05,15,13.236014191900084
insert,9648,226640,2.7799999770650174e-05,13,13.236163717219272
insert,9649,550608,3.1799999760551145e-05,15,13.236313227042805
insert,9650,317004,3.680000008898787e-05,17,13.236462721373895
insert,9651,183515,3.7400000110210385e-05,17,13.23661220021575
insert,9652,117684,3.689999994094251e-05,17,13.236761663571585
insert,9653,392394,2.949999998236308e-05,14,13.236911111444602
insert,9654,823074,2.8199999633216066e-05,13,13.237060543838012
insert,9655,39212,2.750000021478627e-05,13,13.237209960755022
insert,9656,815573,3.240000023652101e-05,15,13.237359362198834
insert,9657,211916,3.6299999919719994e-05,16,13.237508748172655
insert,9658,957721,3.28000000990869e-05,15,13.237658118679688
insert,9659,97103,8.930000012696837e-05,14,13.237807473723135
insert,9660,465331,3.2500000088475645e-05,15,13.237956813306198
insert,9661,530574,3.41999998454412e-05,16,13.238106137432077
insert,9662,26147,2.7600000066740904e-05,13,13.23825544610397
insert,9663,837839,3.0199999855540227e-05,14,13.238404739325079
insert,9664,506110,3.680000008898787e-05,16,13.238554017098599
insert,9665,948915,2.8200000087963417e-05,13,13.238703279427725
insert,9666,524345,3.859999969790806e-05,17,13.238852526315656
insert,9667,161563,3.500000002532033e-05,16,13.239001757765582
insert,9668,199452,2.7999999929306796e-05,13,13.239150973780701
insert,9669,356638,3.009999954883824e-05,14,13.239300174364203
insert,9670,968504,3.819999983534217e-05,17,13.23944935951928
insert,9671,506958,3.839999999399879e-05,18,13.239598529249124
insert,9672,768021,3.460000016275444e-05,16,13.23974768355692
insert,9673,916329,3.500000002532033e-05,16,13.239896822445862
insert,9674,549064,3.90000000152213e-05,18,13.240045945919135
insert,9675,325435,3.040000001419685e-05,14,13.240195053979924
insert,9676,813206,3.2500000088475645e-05,15,13.240344146631418
insert,9677,343239,3.200000037395512e-05,15,13.240493223876799
insert,9678,150256,3.4700000014709076e-05,16,13.24064228571925
insert,9679,806860,3.190000006725313e-05,15,13.240791332161956
insert,9680,914148,3.4499999856052455e-05,16,13.240940363208098
insert,9681,103025,3.479999986666371e-05,16,13.241089378860856
insert,9682,862075,3.240000023652101e-05,15,13.24123837912341
insert,9683,983590,3.4300000152143184e-05,16,13.241387363998937
insert,9684,541219,4.360000002634479e-05,18,13.241536333490616
insert,9685,709590,3.6299999919719994e-05,16,13.241685287601625
insert,9686,139165,3.990000004705507e-05,14,13.241834226335136
insert,9687,215155,3.870000000461005e-05,18,13.24198314969433
insert,9688,759768,3.219999962311704e-05,15,13.242132057682372
insert,9689,38329,2.7800000225397525e-05,13,13.242280950302444
insert,9690,481683,3.460000016275444e-05,16,13.24242982755771
insert,9691,406416,2.9799999992974335e-05,14,13.242578689451346
insert,9692,748345,3.0000000151630957e-05,14,13.24272753598652
insert,9693,906820,3.680000008898787e-05,17,13.2428763671664
insert,9694,547719,4.040000021632295e-05,18,13.243025182994154
insert,9695,121463,3.699999979289714e-05,17,13.243173983472952
insert,9696,4310,3.0399999559449498e-05,13,13.243322768605955
insert,9697,326088,2.989999984492897e-05,14,13.24347153839633
insert,9698,977627,3.2499999633728294e-05,15,13.243620292847242
insert,9699,46169,3.4300000152143184e-05,16,13.243769031961852
insert,9700,720427,2.769999991869554e-05,13,13.243917755743324
insert,9701,889323,2.990000029967632e-05,14,13.244066464194818
insert,9702,623156,2.989999984492897e-05,14,13.244215157319493
insert,9703,914228,2.9599999834317714e-05,14,13.24436383512051
insert,9704,91306,3.219999962311704e-05,15,13.244512497601026
insert,9705,349480,3.199999991920777e-05,15,13.244661144764198
insert,9706,489555,3.059999971810612e-05,14,13.244809776613183
insert,9707,932379,3.0199999855540227e-05,14,13.244958393151133
insert,9708,48382,3.749999996216502e-05,17,13.245106994381207
insert,9709,108112,3.550000019458821e-05,16,13.245255580306555
insert,9710,545866,3.389999983482994e-05,16,13.245404150930328
insert,9711,803399,3.41999998454412e-05,15,13.245552706255681
insert,9712,690996,3.770000012082164e-05,14,13.245701246285764
insert,9713,781771,4.55999997939216e-05,18,13.245849771023723
insert,9714,327660,3.2500000088475645e-05,15,13.245998280472707
insert,9715,23573,2.7799999770650174e-05,13,13.246146774635864
insert,9716,605616,3.229999992981902e-05,15,13.246295253516342
insert,9717,795339,3.9199999719130574e-05,18,13.246443717117286
insert,9718,327306,4.0100000205711694e-05,18,13.246592165441838
insert,9719,669884,3.0199999855540227e-05,14,13.246740598493144
insert,9720,935472,2.7800000225397525e-05,13,13.246889016274343
insert,9721,220040,3.4699999559961725e-05,16,13.247037418788581
insert,9722,336468,3.220000007786439e-05,15,13.247185806038997
insert,9723,210298,3.0100000003585592e-05,14,13.247334178028728
insert,9724,201899,3.4899999718618346e-05,16,13.247482534760916
insert,9725,300488,3.239999978177366e-05,15,13.247630876238699
insert,9726,290089,3.6699999782285886e-05,17,13.247779202465209
insert,9727,558132,4.099999978279811e-05,17,13.247927513443585
insert,9728,334653,3.460000016275444e-05,15,13.248075809176962
insert,9729,810327,3.079999987676274e-05,14,13.248224089668474
insert,9730,462544,3.570000035324483e-05,16,13.248372354921251
insert,9731,703725,3.5399999887886224e-05,16,13.24852060493843
insert,9732,123366,3.190000006725313e-05,15,13.248668839723136
insert,9733,285899,2.610000001368462e-05,12,13.248817059278503
insert,9734,156575,3.4499999856052455e-05,16,13.248965263607657
insert,9735,165147,3.0100000003585592e-05,14,13.249113452713729
insert,9736,286930,2.7799999770650174e-05,13,13.249261626599843
insert,9737,120021,3.500000002532033e-05,16,13.249409785269128
insert,9738,15998,2.9599999834317714e-05,14,13.249557928724707
insert,9739,653206,3.220000007786439e-05,15,13.249706056969705
insert,9740,586811,3.1800000215298496e-05,15,13.249854170007245
insert,9741,539032,4.109999963475275e-05,18,13.250002267840449
insert,9742,107349,2.989999984492897e-05,14,13.250150350472438
insert,9743,216613,4.0500000068277586e-05,18,13.250298417906333
insert,9744,568883,3.4499999856052455e-05,16,13.250446470145253
insert,9745,367336,2.989999984492897e-05,14,13.250594507192316
insert,9746,576052,3.460000016275444e-05,16,13.25074252905064
insert,9747,333956,3.690000039568986e-05,17,13.250890535723341
insert,9748,284219,2.769999991869554e-05,13,13.251038527213534
insert,9749,148434,3.199999991920777e-05,15,13.251186503524336
insert,9750,989099,3.079999987676274e-05,14,13.251334464658857
insert,9751,738569,3.670000023703324e-05,16,13.251482410620213
insert,9752,843059,2.8399999791872688e-05,13,13.251630341411513
insert,9753,297028,3.909999986717594e-05,18,13.251778257035868
insert,9754,601970,3.220000007786439e-05,14,13.251926157496388
insert,9755,256718,3.8099999983387534e-05,15,13.252074042796185
insert,9756,179595,2.97000001410197e-05,13,13.252221912938362
insert,9757,74704,3.259999994043028e-05,13,13.252369767926027
insert,9758,326504,3.200000037395512e-05,15,13.252517607762288
insert,9759,643053,3.199999991920777e-05,15,13.252665432450248
insert,9760,935585,3.0900000183464726e-05,13,13.252813241993014
insert,9761,355194,2.790000007735216e-05,13,13.252961036393684
insert,9762,566837,3.969999988839845e-05,18,13.253108815655365
insert,9763,465199,3.239999978177366e-05,15,13.253256579781153
insert,9764,53191,3.0300000162242213e-05,14,13.253404328774154
insert,9765,136393,2.770000037344289e-05,13,13.253552062637464
insert,9766,30402,2.7600000066740904e-05,13,13.25369978137418
insert,9767,493603,3.1799999760551145e-05,15,13.253847484987404
insert,9768,947171,2.9799999992974335e-05,14,13.253995173480227
insert,9769,708309,3.0000000151630957e-05,13,13.254142846855748
insert,9770,52907,3.49000001733657e-05,16,13.25429050511706
insert,9771,111073,3.659999993033125e-05,14,13.254438148267257
insert,9772,402234,3.5600000046542846e-05,16,13.25458577630943
insert,9773,56414,3.2899999951041536e-05,14,13.254733389246674
insert,9774,90303,3.9600000036443816e-05,14,13.254880987082077
insert,9775,447182,3.97000003431458e-05,18,13.25502856981873
insert,9776,410955,2.809999978126143e-05,13,13.25517613745972
insert,9777,187678,3.0100000003585592e-05,14,13.255323690008137
insert,9778,738909,2.7799999770650174e-05,13,13.255471227467067
insert,9779,625079,3.680000008898787e-05,17,13.255618749839597
insert,9780,934571,3.7199999951553764e-05,17,13.255766257128808
insert,9781,621550,3.580000020519947e-05,16,13.25591374933779
insert,9782,660048,3.20999997711624e-05,15,13.25606122646962
insert,9783,876793,3.990000004705507e-05,16,13.256208688527387
insert,9784,723649,3.7600000268867007e-05,16,13.256356135514165
insert,9785,733338,3.770000012082164e-05,16,13.256503567433041
insert,9786,467494,3.4500000310799805e-05,16,13.25665098428709
insert,9787,646254,3.4300000152143184e-05,16,13.25679838607939
insert,9788,372900,3.4300000152143184e-05,16,13.25694577281302
insert,9789,327618,3.930000002583256e-05,18,13.257093144491057
insert,9790,348476,3.999999989900971e-05,16,13.257240501116577
insert,9791,857151,3.4700000014709076e-05,14,13.257387842692651
insert,9792,207773,2.8699999802483944e-05,13,13.257535169222358
insert,9793,747529,3.239999978177366e-05,15,13.257682480708766
insert,9794,795243,3.659999993033125e-05,17,13.25782977715495
insert,9795,703459,3.20999997711624e-05,15,13.257977058563979
insert,9796,848613,3.2899999951041536e-05,15,13.258124324938922
insert,9797,559400,3.0199999855540227e-05,14,13.258271576282851
insert,9798,82362,3.389999983482994e-05,15,13.258418812598832
insert,9799,967610,3.0199999855540227e-05,14,13.258566033889933
insert,9800,792454,3.479999986666371e-05,15,13.258713240159219
insert,9801,801562,3.199999991920777e-05,15,13.258860431409756
insert,9802,488317,3.949999972974183e-05,18,13.259007607644609
insert,9803,595371,3.040000001419685e-05,14,13.25915476886684
insert,9804,138198,3.7199999951553764e-05,17,13.259301915079512
insert,9805,97430,3.429999969739583e-05,16,13.259449046285685
insert,9806,852337,2.989999984492897e-05,14,13.259596162488423
insert,9807,841326,3.0100000003585592e-05,14,13.259743263690781
insert,9808,964364,3.239999978177366e-05,15,13.259890349895821
insert,9809,732535,2.769999991869554e-05,13,13.2600374211066
insert,9810,491023,3.6100000215810724e-05,17,13.260184477326176
insert,9811,101988,3.700000024764449e-05,17,13.260331518557601
insert,9812,477715,3.700000024764449e-05,16,13.260478544803934
insert,9813,325470,3.4499999856052455e-05,16,13.260625556068227
insert,9814,717728,2.97000001410197e-05,14,13.260772552353533
insert,9815,675722,3.730000025825575e-05,17,13.260919533662905
insert,9816,744716,3.199999991920777e-05,15,13.261066499999393
insert,9817,803727,3.169999990859651e-05,15,13.261213451366048
insert,9818,488004,3.909999986717594e-05,18,13.261360387765919
insert,9819,493404,3.20999997711624e-05,15,13.261507309202056
insert,9820,242949,3.49000001733657e-05,16,13.261654215677503
insert,9821,993472,3.0200000310287578e-05,14,13.261801107195309
insert,9822,234666,3.040000001419685e-05,14,13.261947983758521
insert,9823,150704,2.809999978126143e-05,13,13.262094845370179
insert,9824,902925,3.300000025774352e-05,15,13.262241692033331
insert,9825,939211,2.5599999844416743e-05,12,13.262388523751019
insert,9826,646911,3.400000014153193e-05,16,13.262535340526282
insert,9827,270588,3.6299999919719994e-05,16,13.262682142362165
insert,9828,957205,3.0000000151630957e-05,14,13.262828929261705
insert,9829,381105,3.980000019510044e-05,15,13.262975701227942
insert,9830,411123,3.4499999856052455e-05,16,13.263122458263917
insert,9831,192260,3.0499999866151484e-05,14,13.263269200372662
insert,9832,733600,2.9799999992974335e-05,14,13.263415927557217
insert,9833,961822,3.060000017285347e-05,14,13.263562639820615
insert,9834,697493,3.4499999856052455e-05,16,13.263709337165892
insert,9835,346374,3.239999978177366e-05,15,13.263856019596082
insert,9836,827095,3.7199999951553764e-05,17,13.264002687114218
insert,9837,902606,3.130000004603062e-05,15,13.264149339723328
insert,9838,925268,2.7600000066740904e-05,13,13.264295977426446
insert,9839,340537,2.989999984492897e-05,14,13.264442600226602
insert,9840,475302,3.459999970800709e-05,16,13.264589208126823
insert,9841,511188,3.7599999814119656e-05,17,13.26473580113014
insert,9842,31735,2.8299999939918052e-05,13,13.264882379239577
insert,9843,68541,3.4700000014709076e-05,16,13.26502894245816
insert,9844,498425,3.599999990910874e-05,17,13.265175490788916
insert,9845,118371,3.409999999348656e-05,16,13.26532202423487
insert,9846,368513,3.670000023703324e-05,17,13.265468542799042
insert,9847,501904,3.929999957108521e-05,18,13.265615046484458
insert,9848,483647,3.420000030018855e-05,16,13.265761535294137
insert,9849,886851,3.0900000183464726e-05,14,13.2659080092311
insert,9850,179099,3.0199999855540227e-05,14,13.26605446829837
insert,9851,295969,3.440000000409782e-05,16,13.266200912498961
insert,9852,805246,3.190000006725313e-05,15,13.266347341835893
insert,9853,365550,3.220000007786439e-05,15,13.266493756312183
insert,9854,633802,4.1599999804020626e-05,18,13.266640155930848
insert,9855,602594,3.5399999887886224e-05,16,13.266786540694902
insert,9856,133583,3.220000007786439e-05,15,13.266932910607357
insert,9857,532624,3.7599999814119656e-05,16,13.26707926567123
insert,9858,107933,2.7300000056129647e-05,13,13.267225605889532
insert,9859,425393,3.4899999718618346e-05,16,13.267371931265274
insert,9860,857267,3.659999993033125e-05,17,13.267518241801467
insert,9861,748970,3.680000008898787e-05,17,13.267664537501119
insert,9862,835462,3.190000006725313e-05,15,13.267810818367241
insert,9863,112179,2.9799999992974335e-05,14,13.26795708440284
insert,9864,341700,3.7399999655463034e-05,17,13.26810333561092
insert,9865,583166,3.169999990859651e-05,15,13.268249571994492
insert,9866,681000,2.990000029967632e-05,14,13.268395793556559
insert,9867,74370,3.6299999919719994e-05,17,13.268542000300123
insert,9868,830925,3.190000006725313e-05,15,13.26868819222819
insert,9869,316794,3.240000023652101e-05,15,13.26883436934376
insert,9870,558625,3.870000000461005e-05,18,13.268980531649836
insert,9871,483368,4.0500000068277586e-05,19,13.269126679149418
insert,9872,420287,3.060000017285347e-05,14,13.269272811845505
insert,9873,619222,3.6500000078376615e-05,17,13.269418929741096
insert,9874,433526,3.880000031131203e-05,18,13.26956503283919
insert,9875,250165,2.8000000384054147e-05,13,13.269711121142782
insert,9876,651035,3.689999994094251e-05,17,13.269857194654868
insert,9877,255529,2.790000007735216e-05,13,13.270003253378444
insert,9878,574567,3.440000000409782e-05,16,13.270149297316504
insert,9879,166745,2.7600000066740904e-05,13,13.27029532647204
insert,9880,505807,3.639999977167463e-05,17,13.270441340848045
insert,9881,402461,3.389999983482994e-05,16,13.270587340447511
insert,9882,69269,3.189999961250578e-05,15,13.270733325273428
insert,9883,357265,3.210000022590975e-05,15,13.270879295328784
insert,9884,218354,3.349999997226405e-05,14,13.271025250616571
insert,9885,853453,3.4700000014709076e-05,16,13.271171191139773
insert,9886,727775,4.089999993084348e-05,15,13.271317116901379
insert,9887,619678,3.930000002583256e-05,18,13.271463027904375
insert,9888,452092,3.220000007786439e-05,15,13.271608924151744
insert,9889,822413,3.409999999348656e-05,16,13.271754805646474
insert,9890,456502,3.479999986666371e-05,16,13.271900672391544
insert,9891,594765,2.97000001410197e-05,14,13.272046524389937
insert,9892,825572,3.199999991920777e-05,15,13.272192361644638
insert,9893,358824,2.9600000289065065e-05,14,13.272338184158624
insert,9894,570978,3.4700000014709076e-05,16,13.272483991934875
insert,9895,727852,3.599999990910874e-05,17,13.27262978497637
insert,9896,247626,2.989999984492897e-05,14,13.272775563286087
insert,9897,181494,3.5399999887886224e-05,15,13.272921326867003
insert,9898,694800,3.51999997292296e-05,16,13.273067075722095
insert,9899,702132,3.2700000247132266e-05,15,13.273212809854334
insert,9900,81679,3.409999999348656e-05,16,13.273358529266698
insert,9901,775283,3.879999985656468e-05,18,13.27350423396216
insert,9902,976081,3.880000031131203e-05,18,13.273649923943692
insert,9903,746491,3.620000006776536e-05,17,13.273795599214264
insert,9904,602081,3.6499999623629265e-05,17,13.27394125977685
insert,9905,877395,3.220000007786439e-05,15,13.274086905634414
insert,9906,510269,3.640000022642198e-05,17,13.27423253678993
insert,9907,119877,3.0000000151630957e-05,14,13.274378153246364
insert,9908,620929,2.990000029967632e-05,14,13.274523755006681
insert,9909,625031,3.169999990859651e-05,15,13.274669342073851
insert,9910,485395,3.429999969739583e-05,16,13.274814914450836
insert,9911,341184,3.689999994094251e-05,17,13.274960472140602
insert,9912,582052,3.8099999983387534e-05,16,13.275106015146111
insert,9913,102398,3.580000020519947e-05,15,13.275251543470327
insert,9914,861954,4.0500000068277586e-05,17,13.27539705711621
insert,9915,466844,3.930000002583256e-05,17,13.275542556086723
insert,9916,184732,4.059999992023222e-05,17,13.275688040384823
insert,9917,322999,3.4700000014709076e-05,15,13.27583351001347
insert,9918,425506,3.4500000310799805e-05,15,13.275978964975623
insert,9919,72989,4.269999999451102e-05,16,13.276124405274238
insert,9920,627321,3.5200000183976954e-05,15,13.276269830912272
insert,9921,114028,3.7399999655463034e-05,16,13.276415241892678
insert,9922,718808,4.0299999909620965e-05,17,13.276560638218413
insert,9923,853611,3.8300000142044155e-05,16,13.276706019892432
insert,9924,625377,3.570000035324483e-05,15,13.276851386917683
insert,9925,808813,3.9200000173877925e-05,16,13.27699673929712
insert,9926,859692,3.640000022642198e-05,15,13.277142077033695
insert,9927,397317,4.360000002634479e-05,18,13.277287400130357
insert,9928,343313,3.349999997226405e-05,14,13.277432708590055
insert,9929,518307,3.3799999982875306e-05,14,13.277578002415737
insert,9930,676321,3.8300000142044155e-05,16,13.27772328161035
insert,9931,692233,3.839999999399879e-05,16,13.27786854617684
insert,9932,64469,4.2499999835854396e-05,17,13.278013796118156
insert,9933,94931,3.370000013092067e-05,14,13.278159031437237
insert,9934,228183,3.319999996165279e-05,14,13.278304252137033
insert,9935,856722,3.930000002583256e-05,16,13.278449458220482
insert,9936,145665,4.430000035426929e-05,17,13.278594649690527
insert,9937,930362,3.210000022590975e-05,13,13.27873982655011
insert,9938,608980,3.389999983482994e-05,14,13.27888498880217
insert,9939,947133,3.80000001314329e-05,14,13.279030136449649
insert,9940,791663,4.6099999963189475e-05,18,13.279175269495482
insert,9941,667034,3.9399999877787195e-05,16,13.279320387942608
insert,9942,849179,3.319999996165279e-05,14,13.279465491793964
insert,9943,194,4.099999978279811e-05,17,13.279610581052484
insert,9944,793854,3.509999987727497e-05,15,13.279755655721106
insert,9945,153853,3.329999981360743e-05,14,13.279900715802762
insert,9946,692985,3.440000000409782e-05,14,13.280045761300384
insert,9947,156465,4.149999995206599e-05,17,13.280190792216906
insert,9948,474979,4.360000002634479e-05,18,13.28033580855526
insert,9949,557063,3.549999973984086e-05,15,13.280480810318373
insert,9950,305664,3.1600000056641875e-05,13,13.280625797509177
insert,9951,408927,4.649999982575537e-05,17,13.280770770130603
insert,9952,645475,4.3200000163778896e-05,18,13.280915728185574
insert,9953,606006,3.2300000384566374e-05,14,13.28106067167702
insert,9954,468882,4.0500000068277586e-05,17,13.281205600607866
insert,9955,205172,3.3600000278966036e-05,14,13.281350514981035
insert,9956,215652,3.6100000215810724e-05,15,13.281495414799457
insert,9957,714623,3.369999967617332e-05,14,13.28164030006605
insert,9958,920048,3.349999997226405e-05,14,13.281785170783738
insert,9959,331977,3.609999976106337e-05,15,13.281930026955443
insert,9960,314296,3.319999996165279e-05,14,13.282074868584086
insert,9961,597979,3.730000025825575e-05,15,13.282219695672588
insert,9962,832933,4.1599999804020626e-05,17,13.282364508223864
insert,9963,957565,3.169999990859651e-05,13,13.282509306240836
insert,9964,712570,3.890000016326667e-05,16,13.282654089726421
insert,9965,319344,4.080000007888884e-05,17,13.282798858683533
insert,9966,963119,3.599999990910874e-05,15,13.282943613115089
insert,9967,989157,4.1199999941454735e-05,17,13.283088353024002
insert,9968,982177,3.370000013092067e-05,14,13.283233078413188
insert,9969,455845,3.319999996165279e-05,14,13.283377789285558
insert,9970,752659,3.369999967617332e-05,14,13.283522485644026
insert,9971,959571,3.059999971810612e-05,13,13.283667167491501
insert,9972,360988,3.349999997226405e-05,14,13.283811834830894
insert,9973,611034,3.3600000278966036e-05,14,13.283956487665113
insert,9974,8514,3.700000024764449e-05,15,13.28410112599707
insert,9975,641195,4.099999978279811e-05,17,13.28424574982967
insert,9976,535219,4.0500000068277586e-05,18,13.284390359165819
insert,9977,423832,3.4700000014709076e-05,14,13.284534954008425
insert,9978,888812,3.1800000215298496e-05,13,13.284679534360391
insert,9979,133752,4.3399999867688166e-05,15,13.284824100224624
insert,9980,893917,3.4499999856052455e-05,14,13.284968651604022
insert,9981,308475,3.950000018448918e-05,15,13.285113188501493
insert,9982,65443,4.360000002634479e-05,15,13.285257710919934
insert,9983,387159,4.1599999804020626e-05,15,13.285402218862249
insert,9984,944847,3.569999989849748e-05,14,13.285546712331335
insert,9985,575548,3.790000027947826e-05,15,13.285691191330093
insert,9986,55709,0.001549900000100024,17,13.285835655861419
insert,9987,885,4.949999993186793e-05,17,13.285980105928212
insert,9988,737521,4.510000007940107e-05,15,13.286124541533368
insert,9989,587235,3.390000028957729e-05,15,13.286268962679781
insert,9990,860623,3.4300000152143184e-05,15,13.286413369370345
insert,9991,376696,3.119999973932863e-05,14,13.286557761607957
insert,9992,115028,3.28000000990869e-05,15,13.286702139395507
insert,9993,903084,3.319999996165279e-05,15,13.286846502735887
insert,9994,295918,3.580000020519947e-05,16,13.28699085163199
insert,9995,907731,3.3799999982875306e-05,15,13.287135186086704
insert,9996,32700,3.5600000046542846e-05,16,13.28727950610292
insert,9997,246669,3.199999991920777e-05,14,13.287423811683523
insert,9998,452687,4.080000007888884e-05,18,13.287568102831404
insert,9999,736334,3.909999986717594e-05,16,13.287712379549449
insert,10000,618832,3.310000010969816e-05,15,13.287856641840545
search,1,954579,1.2299999980314169e-05,12,13.287856641840545
search,2,486463,7.999999979801942e-06,12,13.287856641840545
search,3,936216,7.500000265281415e-06,12,13.287856641840545
search,4,856795,7.3999999585794285e-06,13,13.287856641840545
search,5,74676,6.4000000747910235e-06,11,13.287856641840545
search,6,264145,7.800000275892671e-06,13,13.287856641840545
search,7,89983,8.100000286503928e-06,14,13.287856641840545
search,8,301199,8.700000307726441e-06,14,13.287856641840545
search,9,446816,4.600000011123484e-06,12,13.287856641840545
search,10,535349,6.100000064179767e-06,16,13.287856641840545
search,11,303579,5.300000339047983e-06,13,13.287856641840545
search,12,436823,5.100000180391362e-06,14,13.287856641840545
search,13,324009,4.500000159168849e-06,13,13.287856641840545
search,14,817630,4.600000011123484e-06,13,13.287856641840545
search,15,824759,4.100000296602957e-06,12,13.287856641840545
search,16,654488,5.700000201613875e-06,15,13.287856641840545
search,17,694084,4.999999873689376e-06,13,13.287856641840545
search,18,899696,4.500000159168849e-06,12,13.287856641840545
search,19,755856,5.299999884300632e-06,14,13.287856641840545
search,20,706708,3.200000264769187e-06,9,13.287856641840545
search,21,902593,2.499999936844688e-06,7,13.287856641840545
search,22,609806,4.500000159168849e-06,13,13.287856641840545
search,23,89815,4.499999704421498e-06,13,13.287856641840545
search,24,657686,3.999999989900971e-06,12,13.287856641840545
search,25,567037,5.700000201613875e-06,15,13.287856641840545
search,26,792683,4.900000021734741e-06,13,13.287856641840545
search,27,699540,3.899999683198985e-06,11,13.287856641840545
search,28,902318,4.500000159168849e-06,12,13.287856641840545
search,29,135462,4.600000011123484e-06,13,13.287856641840545
search,30,139851,4.999999873689376e-06,14,13.287856641840545
search,31,461268,4.999999873689376e-06,14,13.287856641840545
search,32,746491,5.200000032345997e-06,15,13.287856641840545
search,33,292671,5.300000339047983e-06,14,13.287856641840545
search,34,364302,4.699999863078119e-06,13,13.287856641840545
search,35,396906,5.200000032345997e-06,14,13.287856641840545
search,36,159541,4.900000021734741e-06,14,13.287856641840545
search,37,738858,4.600000011123484e-06,13,13.287856641840545
search,38,655603,4.699999863078119e-06,14,13.287856641840545
search,39,525466,5.100000180391362e-06,14,13.287856641840545
search,40,135692,3.999999989900971e-06,12,13.287856641840545
search,41,700597,4.300000000512227e-06,12,13.287856641840545
search,42,301037,4.399999852466863e-06,13,13.287856641840545
search,43,287783,3.999999989900971e-06,11,13.287856641840545
search,44,760128,4.600000011123484e-06,13,13.287856641840545
search,45,510269,5.599999894911889e-06,15,13.287856641840545
search,46,230284,2.600000243546674e-06,7,13.287856641840545
search,47,433857,4.800000169780105e-06,14,13.287856641840545
search,48,434099,4.600000011123484e-06,14,13.287856641840545
search,49,869696,4.70000031782547e-06,13,13.287856641840545
search,50,906223,4.600000011123484e-06,13,13.287856641840545
search,51,689546,5.100000180391362e-06,14,13.287856641840545
search,52,861761,4.999999873689376e-06,15,13.287856641840545
search,53,116684,4.999999873689376e-06,14,13.287856641840545
search,54,377686,4.999999873689376e-06,15,13.287856641840545
search,55,422980,4.800000169780105e-06,13,13.287856641840545
search,56,96782,4.099999841855606e-06,12,13.287856641840545
search,57,772344,4.600000011123484e-06,13,13.287856641840545
search,58,262231,4.999999873689376e-06,14,13.287856641840545
search,59,246270,5.099999725644011e-06,14,13.287856641840545
search,60,486769,5.200000032345997e-06,14,13.287856641840545
search,61,666270,5.299999884300632e-06,14,13.287856641840545
search,62,516429,5.399999736255268e-06,16,13.287856641840545
search,63,301245,5.100000180391362e-06,15,13.287856641840545
search,64,2806,3.600000127335079e-06,10,13.287856641840545
search,65,247746,4.099999841855606e-06,12,13.287856641840545
search,66,839931,4.7999997150327545e-06,13,13.287856641840545
search,67,191937,4.200000148557592e-06,12,13.287856641840545
search,68,449794,5.599999894911889e-06,15,13.287856641840545
search,69,524204,5.100000180391362e-06,14,13.287856641840545
search,70,547958,5.599999894911889e-06,15,13.287856641840545
search,71,338271,4.999999873689376e-06,14,13.287856641840545
search,72,32700,4.4000003072142135e-06,12,13.287856641840545
search,73,568951,3.4000004234258085e-06,10,13.287856641840545
search,74,71270,4.699999863078119e-06,13,13.287856641840545
search,75,629403,4.900000021734741e-06,14,13.287856641840545
search,76,236651,3.499999820633093e-06,10,13.287856641840545
search,77,156847,4.800000169780105e-06,14,13.287856641840545
search,78,653519,5.000000328436727e-06,15,13.287856641840545
search,79,604664,4.600000011123484e-06,13,13.287856641840545
search,80,497733,3.7999998312443495e-06,11,13.287856641840545
search,81,994783,3.900000137946336e-06,11,13.287856641840545
search,82,610435,5.200000032345997e-06,15,13.287856641840545
search,83,657925,3.099999958067201e-06,9,13.287856641840545
search,84,641604,5.399999736255268e-06,15,13.287856641840545
search,85,606740,4.900000021734741e-06,14,13.287856641840545
search,86,749399,5.200000032345997e-06,15,13.287856641840545
search,87,433302,4.999999873689376e-06,14,13.287856641840545
search,88,865340,5.500000042957254e-06,15,13.287856641840545
search,89,36333,4.600000011123484e-06,13,13.287856641840545
search,90,790201,4.999999873689376e-06,14,13.287856641840545
search,91,85917,4.500000159168849e-06,13,13.287856641840545
search,92,481907,4.800000169780105e-06,14,13.287856641840545
search,93,290795,4.699999863078119e-06,13,13.287856641840545
search,94,770900,3.900000137946336e-06,11,13.287856641840545
search,95,387152,4.900000021734741e-06,14,13.287856641840545
search,96,207773,4.600000011123484e-06,13,13.287856641840545
search,97,941530,4.300000000512227e-06,12,13.287856641840545
search,98,825146,4.7999997150327545e-06,14,13.287856641840545
search,99,177821,4.800000169780105e-06,13,13.287856641840545
search,100,42214,3.5000002753804438e-06,10,13.287856641840545
delete,1,975894,6.170000006022747e-05,16,13.287856641840545
delete,2,219206,3.930000002583256e-05,14,13.287712379549449
delete,3,38781,2.7099999897473026e-05,12,13.287568102831404
delete,4,617467,3.389999983482994e-05,15,13.287423811683523
delete,5,332712,3.479999986666371e-05,18,13.28727950610292
delete,6,511752,3.710000009959913e-05,15,13.287135186086704
delete,7,423390,3.500000002532033e-05,17,13.28699085163199
delete,8,745280,3.310000010969816e-05,14,13.286846502735887
delete,9,898724,3.0000000151630957e-05,13,13.286702139395507
delete,10,173983,2.9999999696883606e-05,14,13.286557761607957
delete,11,999915,3.0700000024808105e-05,13,13.286413369370345
delete,12,451345,3.409999999348656e-05,15,13.286268962679781
delete,13,605051,3.120000019407598e-05,14,13.286124541533368
delete,14,407518,3.409999999348656e-05,16,13.285980105928212
delete,15,293993,3.5399999887886224e-05,18,13.285835655861419
delete,16,148767,4.2300000131945126e-05,20,13.285691191330093
delete,17,147112,3.150000020468724e-05,14,13.285546712331335
delete,18,195441,3.220000007786439e-05,15,13.285402218862249
delete,19,747749,3.059999971810612e-05,14,13.285257710919934
delete,20,565580,3.460000016275444e-05,15,13.285113188501493
delete,21,476878,3.2899999951041536e-05,15,13.284968651604022
delete,22,570978,3.530000003593159e-05,16,13.284824100224624
delete,23,703788,2.7499999760038918e-05,12,13.284679534360391
delete,24,4310,2.8500000098574674e-05,13,13.284534954008425
delete,25,983567,3.1399999897985253e-05,16,13.284390359165819
delete,26,510627,3.300000025774352e-05,15,13.28424574982967
delete,27,878344,2.900000026784255e-05,13,13.28410112599707
delete,28,637087,3.599999990910874e-05,17,13.283956487665113
delete,29,289367,3.49000001733657e-05,15,13.283811834830894
delete,30,346306,3.1600000056641875e-05,14,13.283667167491501
delete,31,44317,3.3599999824218685e-05,13,13.283522485644026
delete,32,379053,3.079999987676274e-05,14,13.283377789285558
delete,33,278728,2.6400000024295878e-05,12,13.283233078413188
delete,34,512263,2.8299999939918052e-05,13,13.283088353024002
delete,35,396765,3.1600000056641875e-05,14,13.282943613115089
delete,36,27122,3.329999981360743e-05,16,13.282798858683533
delete,37,484173,3.349999997226405e-05,15,13.282654089726421
delete,38,326504,3.239999978177366e-05,15,13.282509306240836
delete,39,552109,3.49000001733657e-05,16,13.282364508223864
delete,40,671698,3.079999987676274e-05,14,13.282219695672588
delete,41,479606,3.550000019458821e-05,17,13.282074868584086
delete,42,750433,3.980000019510044e-05,15,13.281930026955443
delete,43,219037,3.220000007786439e-05,16,13.281785170783738
delete,44,43803,2.8299999939918052e-05,13,13.28164030006605
delete,45,658776,3.389999983482994e-05,14,13.281495414799457
delete,46,921069,2.8899999961140566e-05,13,13.281350514981035
delete,47,287749,2.5899999855028e-05,12,13.281205600607866
delete,48,335040,3.0900000183464726e-05,14,13.28106067167702
delete,49,145096,2.8399999791872688e-05,13,13.280915728185574
delete,50,514859,3.349999997226405e-05,17,13.280770770130603
delete,51,34306,2.989999984492897e-05,13,13.280625797509177
delete,52,940791,2.680000034160912e-05,13,13.280480810318373
delete,53,793436,3.390000028957729e-05,17,13.28033580855526
delete,54,867720,3.130000004603062e-05,14,13.280190792216906
delete,55,420246,3.150000020468724e-05,14,13.280045761300384
delete,56,210041,3.079999987676274e-05,15,13.279900715802762
delete,57,940146,2.5899999855028e-05,12,13.279755655721106
delete,58,542893,3.319999996165279e-05,15,13.279610581052484
delete,59,416380,3.7199999951553764e-05,15,13.279465491793964
delete,60,519697,3.7600000268867007e-05,16,13.279320387942608
delete,61,943290,2.8699999802483944e-05,13,13.279175269495482
delete,62,671426,2.8200000087963417e-05,13,13.279030136449649
delete,63,299900,3.639999977167463e-05,14,13.27888498880217
delete,64,348355,2.949999998236308e-05,13,13.27873982655011
delete,65,39435,2.769999991869554e-05,16,13.278594649690527
delete,66,689473,3.110000034212135e-05,14,13.278449458220482
delete,67,751691,3.0899999728717376e-05,14,13.278304252137033
delete,68,755732,3.2700000247132266e-05,21,13.278159031437237
delete,69,99851,3.130000004603062e-05,15,13.278013796118156
delete,70,38437,2.8899999961140566e-05,13,13.27786854617684
delete,71,400210,4.579999995257822e-05,15,13.27772328161035
delete,72,755277,3.440000000409782e-05,15,13.277578002415737
delete,73,421064,3.0700000024808105e-05,14,13.277432708590055
delete,74,984862,3.370000013092067e-05,13,13.277287400130357
delete,75,16094,3.169999990859651e-05,16,13.277142077033695
delete,76,801306,3.0100000003585592e-05,14,13.27699673929712
delete,77,406352,2.880000010918593e-05,13,13.276851386917683
delete,78,539293,3.530000003593159e-05,15,13.276706019892432
delete,79,477451,3.459999970800709e-05,15,13.276560638218413
delete,80,374796,3.909999986717594e-05,15,13.276415241892678
delete,81,103397,3.3799999982875306e-05,15,13.276269830912272
delete,82,253778,3.130000004603062e-05,13,13.276124405274238
delete,83,681404,4.739999985758914e-05,14,13.275978964975623
delete,84,415974,3.389999983482994e-05,14,13.27583351001347
delete,85,835982,3.880000031131203e-05,15,13.275688040384823
delete,86,398725,3.529999958118424e-05,14,13.275542556086723
delete,87,653485,3.80000001314329e-05,14,13.27539705711621
delete,88,754988,3.440000000409782e-05,15,13.275251543470327
delete,89,996910,3.080000033151009e-05,14,13.275106015146111
delete,90,762848,4.089999993084348e-05,14,13.274960472140602
delete,91,594230,3.300000025774352e-05,15,13.274814914450836
delete,92,734592,3.550000019458821e-05,15,13.274669342073851
delete,93,68094,4.0100000205711694e-05,16,13.274523755006681
delete,94,164952,3.620000006776536e-05,16,13.274378153246364
delete,95,394901,3.6100000215810724e-05,15,13.27423253678993
delete,96,902932,3.3400000120309414e-05,15,13.274086905634414
delete,97,988713,3.0000000151630957e-05,19,13.27394125977685
delete,98,893086,2.809999978126143e-05,12,13.273795599214264
delete,99,120117,3.190000006725313e-05,16,13.273649923943692
delete,100,266642,2.9199999971751822e-05,14,13.27350423396216
delete,101,686588,2.9299999823706457e-05,13,13.273358529266698
delete,102,618976,3.300000025774352e-05,15,13.273212809854334
delete,103,669976,3.370000013092067e-05,16,13.273067075722095
delete,104,140830,3.310000010969816e-05,14,13.272921326867003
delete,105,599545,3.2700000247132266e-05,15,13.272775563286087
delete,106,669738,2.809999978126143e-05,13,13.27262978497637
delete,107,563724,3.440000000409782e-05,15,13.272483991934875
delete,108,717676,3.509999987727497e-05,15,13.272338184158624
delete,109,521531,3.779999997277628e-05,15,13.272192361644638
delete,110,137175,2.9100000119797187e-05,13,13.272046524389937
delete,111,247862,3.0899999728717376e-05,18,13.271900672391544
delete,112,505938,3.349999997226405e-05,18,13.271754805646474
delete,113,876326,3.1800000215298496e-05,15,13.271608924151744
delete,114,165147,2.8399999791872688e-05,13,13.271463027904375
delete,115,100019,3.199999991920777e-05,17,13.271317116901379
delete,116,993472,3.530000003593159e-05,14,13.271171191139773
delete,117,114352,3.819999983534217e-05,15,13.271025250616571
delete,118,182974,3.1799999760551145e-05,17,13.270879295328784
delete,119,364864,4.660000013245735e-05,16,13.270733325273428
delete,120,620929,3.040000001419685e-05,14,13.270587340447511
delete,121,886439,3.190000006725313e-05,14,13.270441340848045
delete,122,59533,2.6400000024295878e-05,12,13.27029532647204
delete,123,542082,3.59000000571541e-05,16,13.270149297316504
delete,124,169835,2.9799999992974335e-05,14,13.270003253378444
delete,125,886828,2.8700000257231295e-05,14,13.269857194654868
delete,126,954952,2.460000041537569e-05,11,13.269711121142782
delete,127,170342,2.570000015111873e-05,12,13.26956503283919
delete,128,877346,3.3399999665562063e-05,17,13.269418929741096
delete,129,198203,3.080000033151009e-05,14,13.269272811845505
delete,130,12862,3.279999964433955e-05,15,13.269126679149418
delete,131,108240,2.809999978126143e-05,13,13.268980531649836
delete,132,788871,3.980000019510044e-05,16,13.26883436934376
delete,133,977674,3.1800000215298496e-05,15,13.26868819222819
delete,134,333508,3.2699999792384915e-05,15,13.268542000300123
delete,135,821969,3.500000002532033e-05,15,13.268395793556559
delete,136,145535,3.0300000162242213e-05,14,13.268249571994492
delete,137,625781,3.149999974993989e-05,15,13.26810333561092
delete,138,119491,2.969999968627235e-05,14,13.26795708440284
delete,139,993796,3.079999987676274e-05,15,13.267810818367241
delete,140,936216,2.8899999961140566e-05,13,13.267664537501119
delete,141,172893,2.8299999939918052e-05,13,13.267518241801467
delete,142,927626,2.840000024662004e-05,13,13.267371931265274
delete,143,922370,2.9300000278453808e-05,16,13.267225605889532
delete,144,798330,3.4300000152143184e-05,15,13.26707926567123
delete,145,394323,3.149999974993989e-05,14,13.266932910607357
delete,146,957919,3.170000036334386e-05,13,13.266786540694902
delete,147,992980,2.8500000098574674e-05,13,13.266640155930848
delete,148,836588,3.1600000056641875e-05,15,13.266493756312183
delete,149,559922,4.170000011072261e-05,15,13.266347341835893
delete,150,497644,3.699999979289714e-05,16,13.266200912498961
delete,151,618832,3.220000007786439e-05,15,13.26605446829837
delete,152,942274,2.880000010918593e-05,13,13.2659080092311
delete,153,224994,3.279999964433955e-05,14,13.265761535294137
delete,154,314609,3.040000001419685e-05,14,13.265615046484458
delete,155,953814,2.7300000056129647e-05,14,13.265468542799042
delete,156,338909,3.100000003541936e-05,14,13.26532202423487
delete,157,86555,3.040000001419685e-05,14,13.265175490788916
delete,158,566480,3.530000003593159e-05,16,13.26502894245816
delete,159,700225,2.700000004551839e-05,12,13.264882379239577
delete,160,946796,2.7099999897473026e-05,16,13.26473580113014
delete,161,168773,2.6599999728205148e-05,13,13.264589208126823
delete,162,27538,2.5800000003073364e-05,12,13.264442600226602
delete,163,301604,3.1599999601894524e-05,18,13.264295977426446
delete,164,926005,2.9300000278453808e-05,17,13.264149339723328
delete,165,201940,2.8499999643827323e-05,13,13.264002687114218
delete,166,755054,3.150000020468724e-05,16,13.263856019596082
delete,167,467936,3.2899999951041536e-05,15,13.263709337165892
delete,168,676235,2.8100000236008782e-05,13,13.263562639820615
delete,169,376949,2.8300000394665403e-05,13,13.263415927557217
delete,170,742226,3.4700000014709076e-05,22,13.263269200372662
delete,171,904719,3.1399999897985253e-05,14,13.263122458263917
delete,172,354804,3.1600000056641875e-05,15,13.262975701227942
delete,173,91162,2.9799999992974335e-05,19,13.262828929261705
delete,174,188074,2.8899999961140566e-05,13,13.262682142362165
delete,175,50291,2.879999965443858e-05,13,13.262535340526282
delete,176,858748,3.079999987676274e-05,14,13.262388523751019
delete,177,344433,3.400000014153193e-05,14,13.262241692033331
delete,178,347656,3.259999994043028e-05,16,13.262094845370179
delete,179,265016,3.2899999951041536e-05,14,13.261947983758521
delete,180,34008,3.0700000024808105e-05,14,13.261801107195309
delete,181,45562,2.97000001410197e-05,21,13.261654215677503
delete,182,455252,3.0300000162242213e-05,14,13.261507309202056
delete,183,399386,3.2699999792384915e-05,15,13.261360387765919
delete,184,111637,3.0900000183464726e-05,14,13.261213451366048
delete,185,331774,3.329999981360743e-05,15,13.261066499999393
delete,186,695952,2.809999978126143e-05,13,13.260919533662905
delete,187,541723,3.549999973984086e-05,19,13.260772552353533
delete,188,232874,2.8500000098574674e-05,13,13.260625556068227
delete,189,188725,2.8100000236008782e-05,13,13.260478544803934
delete,190,376418,4.149999995206599e-05,23,13.260331518557601
delete,191,513359,3.300000025774352e-05,15,13.260184477326176
delete,192,976640,3.290000040578889e-05,15,13.2600374211066
delete,193,551641,3.580000020519947e-05,20,13.259890349895821
delete,194,412161,3.2500000088475645e-05,15,13.259743263690781
delete,195,314890,2.7799999770650174e-05,13,13.259596162488423
delete,196,874626,3.0899999728717376e-05,14,13.259449046285685
delete,197,502986,3.079999987676274e-05,14,13.259301915079512
delete,198,816809,3.279999964433955e-05,16,13.25915476886684
delete,199,711347,3.41999998454412e-05,15,13.259007607644609
delete,200,435971,3.500000002532033e-05,21,13.258860431409756
delete,201,427810,3.1099999887374e-05,14,13.258713240159219
delete,202,282508,2.7200000204175012e-05,13,13.258566033889933
delete,203,372933,3.079999987676274e-05,14,13.258418812598832
delete,204,154888,2.89999998130952e-05,14,13.258271576282851
delete,205,34226,2.8399999791872688e-05,14,13.258124324938922
delete,206,754501,3.100000003541936e-05,15,13.257977058563979
delete,207,259580,3.429999969739583e-05,15,13.25782977715495
delete,208,641182,3.059999971810612e-05,14,13.257682480708766
delete,209,994914,2.8699999802483944e-05,13,13.257535169222358
delete,210,953927,3.2300000384566374e-05,13,13.257387842692651
delete,211,856254,2.610000001368462e-05,12,13.257240501116577
delete,212,176796,2.9199999971751822e-05,13,13.257093144491057
delete,213,253481,2.880000010918593e-05,13,13.25694577281302
delete,214,93671,3.299999980299617e-05,14,13.25679838607939
delete,215,268215,2.969999968627235e-05,13,13.25665098428709
delete,216,667543,3.079999987676274e-05,14,13.256503567433041
delete,217,958581,2.5800000003073364e-05,12,13.256356135514165
delete,218,838096,3.0300000162242213e-05,14,13.256208688527387
delete,219,996972,3.1099999887374e-05,15,13.25606122646962
delete,220,458937,3.51999997292296e-05,15,13.25591374933779
delete,221,62824,3.190000006725313e-05,16,13.255766257128808
delete,222,92411,2.5400000140507473e-05,12,13.255618749839597
delete,223,43861,2.9099999665049836e-05,16,13.255471227467067
delete,224,510312,3.299999980299617e-05,17,13.255323690008137
delete,225,23573,2.790000007735216e-05,13,13.25517613745972
delete,226,199255,2.97000001410197e-05,14,13.25502856981873
delete,227,439451,3.0499999866151484e-05,14,13.254880987082077
delete,228,962809,3.220000007786439e-05,14,13.254733389246674
delete,229,784257,3.1399999897985253e-05,14,13.25458577630943
delete,230,352498,3.120000019407598e-05,14,13.254438148267257
delete,231,87658,3.100000003541936e-05,14,13.25429050511706
delete,232,27646,2.6000000161729986e-05,12,13.254142846855748
delete,233,963759,2.8100000236008782e-05,13,13.253995173480227
delete,234,812854,3.3600000278966036e-05,15,13.253847484987404
delete,235,498370,3.4500000310799805e-05,24,13.25369978137418
delete,236,785885,3.41999998454412e-05,19,13.253552062637464
delete,237,211251,2.8399999791872688e-05,13,13.253404328774154
delete,238,802785,4.11000000895001e-05,18,13.253256579781153
delete,239,149006,3.2500000088475645e-05,18,13.253108815655365
delete,240,545176,3.4700000014709076e-05,19,13.252961036393684
delete,241,252594,3.3599999824218685e-05,14,13.252813241993014
delete,242,255401,2.6599999728205148e-05,13,13.252665432450248
delete,243,683985,3.20999997711624e-05,17,13.252517607762288
delete,244,578256,3.079999987676274e-05,14,13.252369767926027
delete,245,621122,3.060000017285347e-05,14,13.252221912938362
delete,246,951746,2.8500000098574674e-05,13,13.252074042796185
delete,247,626929,3.6100000215810724e-05,16,13.251926157496388
delete,248,331863,3.079999987676274e-05,14,13.251778257035868
delete,249,583762,3.120000019407598e-05,14,13.251630341411513
delete,250,360456,3.910000032192329e-05,16,13.251482410620213
delete,251,426118,4.250000029060175e-05,14,13.251334464658857
delete,252,813935,3.319999996165279e-05,15,13.251186503524336
delete,253,383700,3.409999999348656e-05,15,13.251038527213534
delete,254,949402,3.1099999887374e-05,20,13.250890535723341
delete,255,420019,3.1799999760551145e-05,15,13.25074252905064
delete,256,574554,3.130000004603062e-05,18,13.250594507192316
delete,257,718114,3.0700000024808105e-05,13,13.250446470145253
delete,258,886210,2.629999971759389e-05,12,13.250298417906333
delete,259,967243,2.8899999961140566e-05,13,13.250150350472438
delete,260,762401,3.319999996165279e-05,15,13.250002267840449
delete,261,787444,3.200000037395512e-05,14,13.249854170007245
delete,262,671653,3.099999958067201e-05,14,13.249706056969705
delete,263,479124,3.700000024764449e-05,17,13.249557928724707
delete,264,80833,3.0899999728717376e-05,14,13.249409785269128
delete,265,907856,3.689999994094251e-05,16,13.249261626599843
delete,266,541219,3.479999986666371e-05,16,13.249113452713729
delete,267,393538,3.930000002583256e-05,18,13.248965263607657
delete,268,813424,3.0100000003585592e-05,15,13.248817059278503
delete,269,101914,2.480000011928496e-05,14,13.248668839723136
delete,270,744944,2.699999959077104e-05,15,13.24852060493843
delete,271,148434,2.5300000288552837e-05,14,13.248372354921251
delete,272,493700,2.7400000362831634e-05,15,13.248224089668474
delete,273,753253,2.119999999194988e-05,13,13.248075809176962
delete,274,158788,2.3399999918183312e-05,13,13.247927513443585
delete,275,346621,2.210000002378365e-05,13,13.247779202465209
delete,276,737624,1.9099999917671084e-05,15,13.247630876238699
delete,277,48206,2.009999980145949e-05,14,13.247482534760916
delete,278,172360,2.3499999770137947e-05,12,13.247334178028728
delete,279,182711,2.369999992879457e-05,16,13.247185806038997
delete,280,825552,1.5300000086426735e-05,14,13.247037418788581
delete,281,301660,1.3900000340072438e-05,13,13.246889016274343
delete,282,558454,1.5199999779724749e-05,14,13.246740598493144
delete,283,390587,1.610000026630587e-05,15,13.246592165441838
delete,284,785387,1.5099999927770114e-05,14,13.246443717117286
delete,285,645415,1.6200000118260505e-05,15,13.246295253516342
delete,286,327306,1.6599999980826396e-05,15,13.246146774635864
delete,287,446816,1.740000016070553e-05,16,13.245998280472707
delete,288,252868,1.4199999895936344e-05,13,13.245849771023723
delete,289,815574,1.5999999959603883e-05,16,13.245701246285764
delete,290,16548,1.5300000086426735e-05,14,13.245552706255681
delete,291,359744,1.5299999631679384e-05,15,13.245404150930328
delete,292,119566,1.4000000192027073e-05,13,13.245255580306555
delete,293,439002,1.5499999790336005e-05,14,13.245106994381207
delete,294,674021,1.52000002344721e-05,13,13.244958393151133
delete,295,271225,1.4199999895936344e-05,14,13.244809776613183
delete,296,143929,1.3899999885325087e-05,13,13.244661144764198
delete,297,644675,1.3700000181415817e-05,13,13.244512497601026
delete,298,409986,1.4200000350683695e-05,13,13.24436383512051
delete,299,177488,1.4200000350683695e-05,16,13.244215157319493
delete,300,668471,1.610000026630587e-05,15,13.244066464194818
delete,301,534151,1.5699999948992627e-05,15,13.243917755743324
delete,302,326776,1.9300000076327706e-05,14,13.243769031961852
delete,303,94770,2.66000001829525e-05,15,13.243620292847242
delete,304,841340,1.3999999737279722e-05,13,13.24347153839633
delete,305,856573,1.4199999895936344e-05,14,13.243322768605955
delete,306,82583,1.6200000118260505e-05,15,13.243173983472952
delete,307,412843,1.5899999652901897e-05,15,13.243025182994154
delete,308,296452,1.5100000382517464e-05,15,13.2428763671664
delete,309,716752,1.5100000382517464e-05,17,13.24272753598652
delete,310,671089,1.7700000171316788e-05,17,13.242578689451346
delete,311,92056,1.2299999980314169e-05,12,13.24242982755771
delete,312,463514,1.720000000204891e-05,16,13.242280950302444
delete,313,334653,1.610000026630587e-05,15,13.242132057682372
delete,314,810075,1.7500000012660166e-05,15,13.24198314969433
delete,315,784783,1.560000009703799e-05,16,13.241834226335136
delete,316,702192,1.250000013897079e-05,12,13.241685287601625
delete,317,720185,1.7800000023271423e-05,12,13.241536333490616
delete,318,739234,1.3500000022759195e-05,14,13.241387363998937
delete,319,486491,1.6599999980826396e-05,15,13.24123837912341
delete,320,231769,1.6200000118260505e-05,14,13.241089378860856
delete,321,11107,1.2900000001536682e-05,12,13.240940363208098
delete,322,751607,1.4100000043981709e-05,14,13.240791332161956
delete,323,415899,1.5300000086426735e-05,14,13.24064228571925
delete,324,78687,1.5900000107649248e-05,14,13.240493223876799
delete,325,924232,1.4599999758502236e-05,14,13.240344146631418
delete,326,52907,1.3300000318849925e-05,13,13.240195053979924
delete,327,568508,1.7800000023271423e-05,16,13.240045945919135
delete,328,802157,1.4400000054592965e-05,14,13.239896822445862
delete,329,423809,1.3500000022759195e-05,13,13.23974768355692
delete,330,901737,1.4100000043981709e-05,13,13.239598529249124
delete,331,236541,1.4299999747890979e-05,13,13.23944935951928
delete,332,744619,1.3299999864102574e-05,13,13.239300174364203
delete,333,903566,1.4899999769113492e-05,14,13.239150973780701
delete,334,781829,1.5800000255694613e-05,15,13.239001757765582
delete,335,432724,1.6899999991437653e-05,17,13.238852526315656
delete,336,260331,1.359999987471383e-05,13,13.238703279427725
delete,337,476806,1.5500000245083356e-05,15,13.238554017098599
delete,338,576681,1.6000000414351234e-05,15,13.238404739325079
delete,339,333633,1.4600000213249587e-05,15,13.23825544610397
delete,340,360573,1.44999999065476e-05,14,13.238106137432077
delete,341,767116,1.4100000043981709e-05,13,13.237956813306198
delete,342,954157,1.2699999842880061e-05,12,13.237807473723135
delete,343,723822,1.4599999758502236e-05,14,13.237658118679688
delete,344,983287,1.3899999885325087e-05,13,13.237508748172655
delete,345,687837,1.5300000086426735e-05,14,13.237359362198834
delete,346,880661,1.4100000043981709e-05,15,13.237209960755022
delete,347,370038,1.540000039312872e-05,14,13.237060543838012
delete,348,988985,1.4900000223860843e-05,16,13.236911111444602
delete,349,678749,1.4299999747890979e-05,15,13.236761663571585
delete,350,975971,1.430000020263833e-05,14,13.23661220021575
delete,351,930813,1.3999999737279722e-05,13,13.236462721373895
delete,352,33959,1.4400000054592965e-05,14,13.236313227042805
delete,353,954734,1.2999999853491317e-05,12,13.236163717219272
delete,354,754378,1.3100000160193304e-05,13,13.236014191900084
delete,355,352162,1.4700000065204222e-05,16,13.23586465108203
delete,356,832205,1.8799999907059828e-05,16,13.235715094761895
delete,357,445808,1.4599999758502236e-05,14,13.235565522936465
delete,358,236634,1.2900000001536682e-05,13,13.235415935602527
delete,359,481533,1.539999993838137e-05,15,13.23526633275686
delete,360,910287,1.5099999927770114e-05,14,13.23511671439625
delete,361,626122,1.359999987471383e-05,13,13.234967080517478
delete,362,924375,1.3899999885325087e-05,13,13.234817431117325
delete,363,772841,1.6800000139483018e-05,16,13.234667766192569
delete,364,403381,1.609999981155852e-05,15,13.234518085739989
delete,365,467575,1.5099999927770114e-05,18,13.234368389756364
delete,366,966653,1.339999971605721e-05,13,13.23421867823847
delete,367,816333,1.5000000075815478e-05,14,13.234068951183083
delete,368,915409,1.2799999694834696e-05,12,13.233919208586977
delete,369,314570,1.3899999885325087e-05,17,13.233769450446927
delete,370,389228,1.4899999769113492e-05,14,13.233619676759702
delete,371,930632,1.6599999980826396e-05,15,13.233469887522077
delete,372,723812,1.250000013897079e-05,13,13.233320082730822
delete,373,499220,1.610000026630587e-05,16,13.233170262382705
delete,374,844918,1.6399999822169775e-05,14,13.233020426474496
delete,375,593025,1.8199999885837315e-05,16,13.232870575002964
delete,376,803399,1.5099999927770114e-05,15,13.232720707964873
delete,377,972141,1.5300000086426735e-05,15,13.232570825356989
delete,378,898183,1.2999999853491317e-05,12,13.232420927176076
delete,379,937287,1.2599999990925426e-05,12,13.2322710134189
delete,380,775233,2.0599999970727367e-05,15,13.232121084082221
delete,381,632609,1.4900000223860843e-05,14,13.231971139162804
delete,382,252357,1.3499999568011845e-05,13,13.231821178657404
delete,383,843299,1.4000000192027073e-05,13,13.231671202562785
delete,384,95644,1.3899999885325087e-05,13,13.231521210875703
delete,385,133534,1.6399999822169775e-05,15,13.23137120359292
delete,386,355008,1.7800000023271423e-05,14,13.231221180711186
delete,387,634357,2.5299999833805487e-05,14,13.23107114222726
delete,388,704792,1.7500000012660166e-05,13,13.230921088137896
delete,389,436775,1.629999997021514e-05,15,13.230771018439848
delete,390,313306,1.4100000043981709e-05,13,13.230620933129867
delete,391,563629,1.4900000223860843e-05,14,13.230470832204706
delete,392,226896,1.4299999747890979e-05,17,13.230320715661113
delete,393,169655,1.3800000033370452e-05,13,13.23017058349584
delete,394,853716,1.4799999917158857e-05,14,13.230020435705635
delete,395,708641,1.359999987471383e-05,13,13.229870272287243
delete,396,660831,1.6699999832781032e-05,15,13.229720093237413
delete,397,77795,1.699999984339229e-05,14,13.229569898552889
delete,398,897735,2.4699999812582973e-05,13,13.229419688230417
delete,399,575548,1.9499999780236976e-05,15,13.229269462266737
delete,400,951313,1.250000013897079e-05,12,13.229119220658594
delete,401,123482,1.7700000171316788e-05,15,13.228968963402728
delete,402,47940,1.5000000075815478e-05,13,13.228818690495881
delete,403,864353,1.5500000245083356e-05,15,13.22866840193479
delete,404,991245,1.7800000023271423e-05,16,13.228518097716194
delete,405,619490,1.4500000361294951e-05,14,13.22836777783683
delete,406,686042,1.359999987471383e-05,13,13.228217442293435
delete,407,456543,1.3999999737279722e-05,14,13.228067091082742
delete,408,590580,1.650000012887176e-05,16,13.227916724201489
delete,409,734550,1.3699999726668466e-05,14,13.227766341646404
delete,410,58625,1.2200000128359534e-05,12,13.227615943414223
delete,411,872177,1.4700000065204222e-05,14,13.227465529501677
delete,412,932932,1.3800000033370452e-05,15,13.227315099905493
delete,413,768882,1.4800000371906208e-05,14,13.227164654622403
delete,414,397520,1.7800000023271423e-05,16,13.227014193649133
delete,415,975905,1.5999999959603883e-05,15,13.226863716982411
delete,416,804625,1.3299999864102574e-05,13,13.226713224618962
delete,417,94690,1.3500000022759195e-05,15,13.226562716555513
delete,418,843707,1.6599999980826396e-05,15,13.226412192788786
delete,419,537545,1.650000012887176e-05,15,13.226261653315504
delete,420,121012,1.8599999748403206e-05,16,13.226111098132389
delete,421,932695,1.629999997021514e-05,16,13.225960527236161
delete,422,600661,1.75999998646148e-05,16,13.225809940623543
delete,423,140058,1.4199999895936344e-05,14,13.22565933829125
delete,424,709,1.4899999769113492e-05,14,13.225508720236
delete,425,456502,1.2900000001536682e-05,13,13.225358086454513
delete,426,875680,1.3299999864102574e-05,13,13.225207436943503
delete,427,569409,2.099999983329326e-05,18,13.225056771699682
delete,428,729631,1.5900000107649248e-05,15,13.224906090719767
delete,429,854442,1.430000020263833e-05,14,13.224755394000468
delete,430,644794,1.6399999822169775e-05,15,13.2246046815385
delete,431,428185,1.5099999927770114e-05,14,13.224453953330569
delete,432,226062,1.2299999980314169e-05,12,13.224303209373389
delete,433,769296,1.4000000192027073e-05,14,13.224152449663665
delete,434,448480,1.3899999885325087e-05,13,13.224001674198105
delete,435,906820,1.52000002344721e-05,14,13.223850882973418
delete,436,300385,1.5999999959603883e-05,15,13.223700075986306
delete,437,634925,1.6699999832781032e-05,16,13.223549253233475
delete,438,140455,1.2099999821657548e-05,12,13.223398414711628
delete,439,963111,1.4000000192027073e-05,18,13.223247560417468
delete,440,71489,1.919999976962572e-05,14,13.223096690347695
delete,441,17539,1.4200000350683695e-05,14,13.222945804499009
delete,442,549858,1.5800000255694613e-05,15,13.222794902868111
delete,443,576844,1.4299999747890979e-05,14,13.222643985451697
delete,444,856430,1.3200000012147939e-05,13,13.222493052246467
delete,445,272274,1.7899999875226058e-05,13,13.222342103249112
delete,446,600522,1.4400000054592965e-05,14,13.222191138456333
delete,447,649872,1.539999993838137e-05,15,13.22204015786482
delete,448,810621,1.5799999800947262e-05,20,13.221889161471266
delete,449,681665,1.3700000181415817e-05,13,13.221738149272364
delete,450,754718,1.4400000054592965e-05,14,13.221587121264806
delete,451,202512,1.3899999885325087e-05,15,13.22143607744528
delete,452,240933,1.7899999875226058e-05,15,13.221285017810473
delete,453,318320,1.4900000223860843e-05,14,13.221133942357078
delete,454,444152,1.5099999927770114e-05,14,13.220982851081777
delete,455,292671,1.4400000054592965e-05,14,13.220831743981257
delete,456,885894,1.3200000012147939e-05,13,13.220680621052203
delete,457,217783,1.6899999991437653e-05,15,13.2205294822913
delete,458,395398,1.5000000075815478e-05,14,13.220378327695228
delete,459,277897,1.359999987471383e-05,12,13.22022715726067
delete,460,245387,1.4900000223860843e-05,14,13.220075970984304
delete,461,468641,1.5699999948992627e-05,15,13.219924768862814
delete,462,757506,1.4100000043981709e-05,13,13.219773550892874
delete,463,130395,1.4400000054592965e-05,14,13.219622317071163
delete,464,193721,1.4799999917158857e-05,14,13.219471067394357
delete,465,356700,1.6599999980826396e-05,15,13.219319801859132
delete,466,522670,1.44999999065476e-05,14,13.219168520462162
delete,467,11992,1.2199999673612183e-05,12,13.219017223200119
delete,468,32147,1.4200000350683695e-05,14,13.218865910069676
delete,469,443941,1.4099999589234358e-05,14,13.218714581067502
delete,470,978034,1.7700000171316788e-05,16,13.21856323619027
delete,471,633761,1.5499999790336005e-05,16,13.218411875434649
delete,472,97737,1.4800000371906208e-05,14,13.218260498797305
delete,473,855663,1.340000017080456e-05,16,13.218109106274904
delete,474,481138,1.539999993838137e-05,15,13.217957697864113
delete,475,12654,1.3200000012147939e-05,13,13.2178062735616
delete,476,495405,1.5499999790336005e-05,14,13.217654833364023
delete,477,425152,1.5300000086426735e-05,14,13.217503377268047
delete,478,691568,1.4999999621068127e-05,14,13.217351905270334
delete,479,184161,1.4600000213249587e-05,14,13.217200417367545
delete,480,397383,1.430000020263833e-05,15,13.217048913556338
delete,481,263808,1.2800000149582047e-05,12,13.216897393833372
delete,482,136660,1.2200000128359534e-05,12,13.216745858195306
delete,483,603728,1.4100000043981709e-05,13,13.216594306638793
delete,484,515531,2.049999966402538e-05,18,13.216442739160492
delete,485,743789,1.5699999948992627e-05,15,13.216291155757055
delete,486,52063,1.3899999885325087e-05,13,13.216139556425135
delete,487,711522,1.4700000065204222e-05,14,13.215987941161384
delete,488,529904,1.5900000107649248e-05,21,13.215836309962455
delete,489,251998,1.4700000065204222e-05,15,13.215684662824996
delete,490,454780,1.4200000350683695e-05,14,13.215532999745657
delete,491,661394,1.610000026630587e-05,15,13.215381320721084
delete,492,330464,1.4400000054592965e-05,14,13.215229625747925
delete,493,359537,1.52000002344721e-05,16,13.215077914822828
delete,494,54303,1.3899999885325087e-05,13,13.214926187942435
delete,495,136385,1.1900000117748277e-05,12,13.214774445103389
delete,496,710381,1.6399999822169775e-05,15,13.214622686302336
delete,497,254086,1.1900000117748277e-05,12,13.214470911535914
delete,498,114177,1.2900000001536682e-05,13,13.214319120800766
delete,499,398139,1.5999999959603883e-05,17,13.21416731409353
delete,500,74638,1.4700000065204222e-05,14,13.214015491410844
delete,501,829673,1.5099999927770114e-05,14,13.213863652749346
delete,502,67349,1.4400000054592965e-05,16,13.213711798105672
delete,503,313329,5.450000026030466e-05,12,13.213559927476458
delete,504,21216,1.4400000054592965e-05,13,13.213408040858337
delete,505,624378,1.4900000223860843e-05,15,13.213256138247942
delete,506,584385,1.4299999747890979e-05,14,13.213104219641906
delete,507,150182,1.4600000213249587e-05,14,13.21295228503686
delete,508,676914,1.4699999610456871e-05,14,13.212800334429431
delete,509,399756,1.650000012887176e-05,15,13.212648367816252
delete,510,884643,1.52000002344721e-05,16,13.212496385193948
delete,511,860900,1.8200000340584666e-05,17,13.212344386559145
delete,512,149716,1.3100000160193304e-05,14,13.212192371908472
delete,513,279826,1.2599999990925426e-05,12,13.21204034123855
delete,514,547092,1.5900000107649248e-05,18,13.211888294546004
delete,515,33796,1.4199999895936344e-05,13,13.211736231827455
delete,516,809490,1.6000000414351234e-05,15,13.211584153079526
delete,517,965909,1.5799999800947262e-05,13,13.211432058298838
delete,518,555150,1.4799999917158857e-05,14,13.211279947482009
delete,519,123015,1.5699999948992627e-05,15,13.211127820625654
delete,520,706358,1.250000013897079e-05,12,13.210975677726395
delete,521,680777,1.5699999948992627e-05,16,13.210823518780845
delete,522,993018,1.3800000033370452e-05,13,13.210671343785622
delete,523,764606,1.5099999927770114e-05,14,13.210519152737335
delete,524,105066,1.539999993838137e-05,14,13.2103669456326
delete,525,937657,1.250000013897079e-05,12,13.210214722468029
delete,526,555551,1.3899999885325087e-05,14,13.21006248324023
delete,527,217006,1.5300000086426735e-05,14,13.209910227945816
delete,528,443682,1.3300000318849925e-05,13,13.209757956581393
delete,529,505049,1.6399999822169775e-05,16,13.209605669143569
delete,530,826395,1.4700000065204222e-05,14,13.20945336562895
delete,531,341820,1.3700000181415817e-05,13,13.209301046034142
delete,532,242496,1.2299999980314169e-05,12,13.209148710355747
delete,533,326148,1.4299999747890979e-05,15,13.20899635859037
delete,534,444394,1.5799999800947262e-05,15,13.208843990734614
delete,535,928326,1.2800000149582047e-05,12,13.208691606785079
delete,536,604678,1.4400000054592965e-05,14,13.208539206738363
delete,537,695782,1.3499999568011845e-05,14,13.208386790591067
delete,538,779593,1.5699999948992627e-05,15,13.208234358339789
delete,539,674592,1.430000020263833e-05,15,13.208081909981123
delete,540,417470,1.609999981155852e-05,15,13.207929445511667
delete,541,224320,1.3699999726668466e-05,13,13.207776964928014
delete,542,17095,1.7299999854003545e-05,15,13.207624468226758
delete,543,97667,1.720000000204891e-05,15,13.207471955404491
delete,544,229449,1.430000020263833e-05,13,13.207319426457804
delete,545,962626,1.3499999568011845e-05,13,13.207166881383289
delete,546,388572,1.4199999895936344e-05,15,13.207014320177532
delete,547,670031,1.5499999790336005e-05,15,13.206861742837123
delete,548,678701,1.5000000075815478e-05,14,13.20670914935865
delete,549,419905,1.4800000371906208e-05,14,13.206556539738695
delete,550,472388,1.7899999875226058e-05,16,13.206403913973848
delete,551,685316,1.4400000054592965e-05,13,13.206251272060687
delete,552,209903,1.5099999927770114e-05,16,13.206098613995797
delete,553,280330,1.2900000001536682e-05,12,13.205945939775761
delete,554,660022,1.5899999652901897e-05,17,13.205793249397157
delete,555,285766,1.3100000160193304e-05,12,13.205640542856566
delete,556,150552,1.4299999747890979e-05,14,13.205487820150566
delete,557,450419,1.5199999779724749e-05,14,13.205335081275733
delete,558,862368,1.6599999980826396e-05,17,13.205182326228643
delete,559,741996,1.4799999917158857e-05,14,13.205029555005872
delete,560,642054,1.5999999959603883e-05,16,13.204876767603993
delete,561,148299,1.339999971605721e-05,13,13.20472396401958
delete,562,181595,1.4899999769113492e-05,15,13.204571144249204
delete,563,902364,2.0399999812070746e-05,15,13.204418308289435
delete,564,968115,1.5300000086426735e-05,15,13.204265456136843
delete,565,222143,1.3699999726668466e-05,13,13.204112587787996
delete,566,574417,1.3500000022759195e-05,13,13.203959703239462
delete,567,731771,1.4800000371906208e-05,14,13.203806802487808
delete,568,6403,1.5900000107649248e-05,13,13.203653885529597
delete,569,183786,1.7300000308750896e-05,13,13.203500952361395
delete,570,768171,1.5000000075815478e-05,14,13.203348002979762
delete,571,279948,1.250000013897079e-05,12,13.203195037381263
delete,572,104905,1.5500000245083356e-05,15,13.20304205556246
delete,573,103199,1.6199999663513154e-05,17,13.202889057519908
delete,574,919934,1.4799999917158857e-05,15,13.202736043250168
delete,575,846568,1.4199999895936344e-05,14,13.202583012749797
delete,576,636746,1.6800000139483018e-05,17,13.202429966015352
delete,577,199449,1.700000029813964e-05,15,13.202276903043389
delete,578,336242,1.5199999779724749e-05,15,13.20212382383046
delete,579,309031,1.359999987471383e-05,13,13.201970728373121
delete,580,507158,1.6899999991437653e-05,16,13.20181761666792
delete,581,183870,1.340000017080456e-05,13,13.201664488711414
delete,582,373024,1.3100000160193304e-05,13,13.201511344500146
delete,583,786610,1.5500000245083356e-05,15,13.201358184030667
delete,584,336468,1.5000000075815478e-05,15,13.201205007299528
delete,585,284460,1.2599999990925426e-05,12,13.201051814303272
delete,586,328430,1.4799999917158857e-05,14,13.200898605038445
delete,587,430860,1.5999999959603883e-05,14,13.20074537950159
delete,588,832337,1.359999987471383e-05,13,13.200592137689254
delete,589,356332,1.3299999864102574e-05,13,13.200438879597975
delete,590,994764,1.3500000022759195e-05,13,13.200285605224298
delete,591,725687,1.3100000160193304e-05,12,13.200132314564758
delete,592,88814,1.359999987471383e-05,13,13.1999790076159
delete,593,395834,1.3700000181415817e-05,13,13.199825684374256
delete,594,125702,1.739999970595818e-05,15,13.199672344836364
delete,595,678819,1.5500000245083356e-05,14,13.199518988998761
delete,596,738254,1.5000000075815478e-05,14,13.199365616857982
delete,597,88915,1.5099999927770114e-05,18,13.199212228410557
delete,598,166458,1.3100000160193304e-05,13,13.199058823653022
delete,599,121120,1.4700000065204222e-05,14,13.198905402581904
delete,600,863275,1.5300000086426735e-05,15,13.198751965193736
delete,601,924880,1.3700000181415817e-05,13,13.198598511485047
delete,602,492973,1.5000000075815478e-05,14,13.198445041452363
delete,603,235446,1.610000026630587e-05,14,13.19829155509221
delete,604,870393,1.4199999895936344e-05,15,13.198138052401116
delete,605,417501,1.5699999948992627e-05,14,13.197984533375603
delete,606,80914,1.4299999747890979e-05,14,13.197830998012197
delete,607,681534,1.359999987471383e-05,13,13.197677446307418
delete,608,502682,1.7700000171316788e-05,16,13.197523878257787
delete,609,676150,1.2999999853491317e-05,16,13.197370293859827
delete,610,120945,1.44999999065476e-05,14,13.197216693110052
delete,611,540829,1.5799999800947262e-05,15,13.197063076004984
delete,612,895305,1.3900000340072438e-05,13,13.196909442541138
delete,613,447495,1.4099999589234358e-05,14,13.196755792715027
delete,614,777447,1.5099999927770114e-05,14,13.196602126523171
delete,615,546418,1.5000000075815478e-05,15,13.196448443962078
delete,616,360972,1.3100000160193304e-05,13,13.196294745028263
delete,617,130193,1.5100000382517464e-05,14,13.196141029718238
delete,618,277204,1.4899999769113492e-05,13,13.19598729802851
delete,619,424534,1.4700000065204222e-05,14,13.195833549955587
delete,620,117309,1.5100000382517464e-05,16,13.195679785495981
delete,621,487687,1.4700000065204222e-05,14,13.195526004646197
delete,622,595049,1.44999999065476e-05,14,13.19537220740274
delete,623,259779,1.3700000181415817e-05,13,13.195218393762113
delete,624,938982,1.250000013897079e-05,12,13.19506456372082
delete,625,607022,1.4899999769113492e-05,14,13.194910717275365
delete,626,789411,1.4299999747890979e-05,14,13.194756854422248
delete,627,268356,2.5400000140507473e-05,13,13.194602975157968
delete,628,861867,2.6000000161729986e-05,15,13.194449079479025
delete,629,788997,1.3899999885325087e-05,13,13.194295167381915
delete,630,470051,1.4799999917158857e-05,14,13.194141238863136
delete,631,443556,1.700000029813964e-05,17,13.193987293919182
delete,632,12211,1.8900000213761814e-05,14,13.19383333254655
delete,633,982300,2.7300000056129647e-05,15,13.193679354741729
delete,634,872098,1.4400000054592965e-05,14,13.193525360501216
delete,635,23537,1.2599999990925426e-05,12,13.193371349821497
delete,636,762541,1.610000026630587e-05,14,13.193217322699065
delete,637,788940,1.3600000329461182e-05,13,13.193063279130408
delete,638,869694,1.3900000340072438e-05,19,13.192909219112012
delete,639,116684,1.3800000033370452e-05,13,13.192755142640367
delete,640,801677,1.650000012887176e-05,15,13.192601049711953
delete,641,293449,1.6800000139483018e-05,18,13.19244694032326
delete,642,681572,1.4400000054592965e-05,13,13.192292814470767
delete,643,337743,1.740000016070553e-05,13,13.192138672150957
delete,644,158190,2.2700000045006163e-05,13,13.19198451336031
delete,645,417376,1.7700000171316788e-05,14,13.191830338095308
delete,646,703572,1.2900000001536682e-05,13,13.191676146352428
delete,647,630890,1.5800000255694613e-05,15,13.191521938128146
delete,648,707618,1.3000000308238668e-05,12,13.191367713418941
delete,649,831929,1.44999999065476e-05,14,13.191213472221285
delete,650,840248,1.5699999948992627e-05,12,13.191059214531656
delete,651,971349,1.629999997021514e-05,15,13.190904940346524
delete,652,945498,1.1999999969702912e-05,11,13.19075064966236
delete,653,847313,1.2299999980314169e-05,12,13.190596342475638
delete,654,477111,1.44999999065476e-05,14,13.190442018782825
delete,655,965108,1.3800000033370452e-05,13,13.19028767858039
delete,656,736039,1.4400000054592965e-05,14,13.1901333218648
delete,657,839334,1.359999987471383e-05,13,13.18997894863252
delete,658,628493,2.2899999748915434e-05,16,13.189824558880018
delete,659,415493,1.4599999758502236e-05,15,13.189670152603753
delete,660,346955,1.4900000223860843e-05,14,13.189515729800194
delete,661,712570,1.4599999758502236e-05,14,13.189361290465797
delete,662,383714,1.7500000012660166e-05,16,13.189206834597025
delete,663,596558,1.4199999895936344e-05,14,13.189052362190337
delete,664,669953,1.340000017080456e-05,13,13.188897873242189
delete,665,574252,1.52000002344721e-05,15,13.18874336774904
delete,666,641004,1.430000020263833e-05,14,13.188588845707349
delete,667,302621,1.3299999864102574e-05,13,13.188434307113564
delete,668,261942,1.3899999885325087e-05,15,13.188279751964144
delete,669,524784,1.7100000150094274e-05,15,13.188125180255538
delete,670,631560,1.52000002344721e-05,15,13.187970591984199
delete,671,232287,1.359999987471383e-05,13,13.187815987146577
delete,672,853086,1.4899999769113492e-05,19,13.187661365739121
delete,673,74853,1.3299999864102574e-05,13,13.18750672775828
delete,674,978452,1.3800000033370452e-05,13,13.187352073200497
delete,675,562762,1.5000000075815478e-05,15,13.187197402062221
delete,676,247260,1.3700000181415817e-05,13,13.187042714339894
delete,677,591195,1.629999997021514e-05,15,13.186888010029962
delete,678,357265,1.4599999758502236e-05,14,13.186733289128867
delete,679,861954,1.3800000033370452e-05,14,13.186578551633048
delete,680,58761,1.3800000033370452e-05,13,13.186423797538945
delete,681,610982,1.4299999747890979e-05,14,13.186269026842997
delete,682,10143,1.5900000107649248e-05,14,13.186114239541643
delete,683,76422,1.52000002344721e-05,14,13.185959435631318
delete,684,18787,1.359999987471383e-05,14,13.185804615108458
delete,685,787353,1.4900000223860843e-05,16,13.185649777969497
delete,686,793548,1.7100000150094274e-05,16,13.185494924210866
delete,687,249557,1.2900000001536682e-05,12,13.185340053829
delete,688,100576,1.4000000192027073e-05,13,13.185185166820329
delete,689,775754,1.539999993838137e-05,15,13.18503026318128
delete,690,970390,1.430000020263833e-05,14,13.184875342908283
delete,691,476920,1.4699999610456871e-05,16,13.184720405997767
delete,692,829180,1.7800000023271423e-05,13,13.184565452446156
delete,693,509463,1.4600000213249587e-05,14,13.184410482249875
delete,694,359514,1.5000000075815478e-05,14,13.184255495405349
delete,695,787525,1.3200000012147939e-05,14,13.184100491908998
delete,696,943882,1.1499999800435035e-05,11,13.183945471757246
delete,697,832464,1.3300000318849925e-05,13,13.183790434946514
delete,698,870301,1.6400000276917126e-05,15,13.183635381473218
delete,699,606659,1.4399999599845614e-05,15,13.183480311333778
delete,700,648152,1.5800000255694613e-05,15,13.183325224524612
delete,701,174032,1.5900000107649248e-05,14,13.183170121042131
delete,702,559400,1.4400000054592965e-05,14,13.183015000882756
delete,703,665621,1.5099999927770114e-05,14,13.182859864042896
delete,704,591913,1.739999970595818e-05,16,13.182704710518964
delete,705,748832,1.4199999895936344e-05,14,13.182549540307372
delete,706,918372,1.3700000181415817e-05,13,13.18239435340453
delete,707,204207,1.3900000340072438e-05,13,13.182239149806843
delete,708,268372,1.2599999990925426e-05,12,13.182083929510725
delete,709,688773,1.5900000107649248e-05,15,13.181928692512578
delete,710,862277,1.5900000107649248e-05,16,13.181773438808808
delete,711,150256,1.3600000329461182e-05,13,13.181618168395818
delete,712,802659,1.5199999779724749e-05,15,13.181462881270015
delete,713,568951,1.629999997021514e-05,19,13.181307577427798
delete,714,665823,1.5099999927770114e-05,15,13.181152256865566
delete,715,474515,1.5799999800947262e-05,15,13.180996919579721
delete,716,334401,1.44999999065476e-05,14,13.180841565566661
delete,717,108585,1.430000020263833e-05,13,13.180686194822783
delete,718,840011,1.2200000128359534e-05,13,13.180530807344482
delete,719,141823,1.359999987471383e-05,13,13.180375403128155
delete,720,17368,1.3300000318849925e-05,13,13.180219982170192
delete,721,211742,1.4599999758502236e-05,14,13.180064544466989
delete,722,8106,1.3800000033370452e-05,13,13.179909090014934
delete,723,558199,1.4899999769113492e-05,14,13.179753618810421
delete,724,317535,1.3300000318849925e-05,13,13.179598130849836
delete,725,524789,1.4100000043981709e-05,14,13.179442626129568
delete,726,735500,1.3500000022759195e-05,13,13.179287104646004
delete,727,915094,2.319999975952669e-05,14,13.179131566395528
delete,728,453215,1.7899999875226058e-05,15,13.178976011374525
delete,729,121264,1.2900000001536682e-05,13,13.178820439579379
delete,730,329781,1.430000020263833e-05,14,13.178664851006472
delete,731,972859,1.5800000255694613e-05,15,13.178509245652183
delete,732,57220,1.5099999927770114e-05,14,13.178353623512892
delete,733,909502,1.7500000012660166e-05,15,13.17819798458498
delete,734,720768,1.3200000012147939e-05,13,13.178042328864821
delete,735,788931,1.4199999895936344e-05,14,13.177886656348793
delete,736,266818,1.359999987471383e-05,13,13.177730967033272
delete,737,892698,1.339999971605721e-05,16,13.177575260914628
delete,738,844963,1.4400000054592965e-05,18,13.177419537989236
delete,739,774525,1.4800000371906208e-05,14,13.177263798253469
delete,740,882496,1.4100000043981709e-05,13,13.177108041703693
delete,741,590654,1.4799999917158857e-05,15,13.176952268336281
delete,742,92423,1.4299999747890979e-05,13,13.1767964781476
delete,743,613800,1.539999993838137e-05,15,13.176640671134013
delete,744,367857,1.560000009703799e-05,14,13.17648484729189
delete,745,219900,1.4599999758502236e-05,14,13.176329006617596
delete,746,466733,1.5800000255694613e-05,17,13.17617314910749
delete,747,823482,1.75999998646148e-05,16,13.176017274757937
delete,748,50872,1.2299999980314169e-05,12,13.175861383565296
delete,749,214182,2.1100000139995245e-05,21,13.175705475525927
delete,750,944276,1.2700000297627412e-05,13,13.175549550636191
delete,751,206648,1.4299999747890979e-05,13,13.175393608892442
delete,752,100980,1.4599999758502236e-05,14,13.175237650291036
delete,753,160423,1.3100000160193304e-05,12,13.17508167482833
delete,754,325470,1.4199999895936344e-05,14,13.174925682500678
delete,755,561653,1.9099999917671084e-05,15,13.174769673304432
delete,756,655844,1.4399999599845614e-05,14,13.174613647235942
delete,757,664443,1.52000002344721e-05,14,13.174457604291558
delete,758,483758,1.560000009703799e-05,15,13.174301544467632
delete,759,5448,1.4100000043981709e-05,13,13.174145467760507
delete,760,414338,1.6200000118260505e-05,15,13.173989374166535
delete,761,900105,1.359999987471383e-05,13,13.173833263682058
delete,762,228809,1.5699999948992627e-05,14,13.17367713630342
delete,763,127886,1.5099999927770114e-05,15,13.173520992026965
delete,764,437212,1.5700000403739978e-05,15,13.173364830849037
delete,765,704315,1.2800000149582047e-05,12,13.173208652765974
delete,766,905675,1.3800000033370452e-05,14,13.173052457774116
delete,767,985899,1.4000000192027073e-05,13,13.1728962458698
delete,768,434154,1.6000000414351234e-05,15,13.172740017049366
delete,769,133828,1.5099999927770114e-05,14,13.17258377130915
delete,770,581243,1.430000020263833e-05,14,13.172427508645482
delete,771,10061,1.3500000022759195e-05,13,13.1722712290547
delete,772,190720,1.3500000022759195e-05,13,13.172114932533137
delete,773,711164,1.339999971605721e-05,13,13.17195861907712
delete,774,302097,1.339999971605721e-05,13,13.171802288682983
delete,775,271783,1.3600000329461182e-05,14,13.171645941347052
delete,776,822367,1.5499999790336005e-05,15,13.171489577065655
delete,777,985295,1.3500000022759195e-05,14,13.171333195835121
delete,778,13391,1.4299999747890979e-05,14,13.171176797651771
delete,779,405911,1.6399999822169775e-05,16,13.171020382511934
delete,780,891015,1.4100000043981709e-05,13,13.170863950411928
delete,781,868727,1.4899999769113492e-05,14,13.170707501348076
delete,782,476783,1.5299999631679384e-05,15,13.1705510353167
delete,783,481004,1.700000029813964e-05,16,13.170394552314118
delete,784,77681,1.52000002344721e-05,17,13.170238052336648
delete,785,981693,1.5799999800947262e-05,15,13.170081535380609
delete,786,52996,1.359999987471383e-05,14,13.169925001442312
delete,787,488462,1.75999998646148e-05,16,13.169768450518076
delete,788,348589,1.3200000012147939e-05,13,13.169611882604212
delete,789,101988,1.9099999917671084e-05,16,13.16945529769703
delete,790,768545,1.3699999726668466e-05,13,13.169298695792845
delete,791,25383,1.3700000181415817e-05,13,13.169142076887965
delete,792,137058,1.3600000329461182e-05,14,13.168985440978698
delete,793,526429,1.700000029813964e-05,15,13.16882878806135
delete,794,719917,1.3999999737279722e-05,14,13.16867211813223
delete,795,723976,1.3300000318849925e-05,13,13.168515431187641
delete,796,39286,1.5500000245083356e-05,14,13.168358727223886
delete,797,739486,1.2099999821657548e-05,12,13.16820200623727
delete,798,162231,1.4400000054592965e-05,14,13.16804526822409
delete,799,544952,1.5199999779724749e-05,15,13.16788851318065
delete,800,880652,1.4600000213249587e-05,14,13.167731741103244
delete,801,674226,1.2799999694834696e-05,12,13.167574951988176
delete,802,918399,1.3500000022759195e-05,13,13.167418145831737
delete,803,332126,1.4700000065204222e-05,14,13.167261322630226
delete,804,907566,1.4100000043981709e-05,14,13.167104482379933
delete,805,892953,1.2200000128359534e-05,12,13.166947625077155
delete,806,148534,1.52000002344721e-05,14,13.16679075071818
delete,807,553409,1.5300000086426735e-05,15,13.1666338592993
delete,808,611485,1.3899999885325087e-05,13,13.166476950816804
delete,809,757998,1.3200000012147939e-05,12,13.166320025266979
delete,810,137415,1.4900000223860843e-05,15,13.166163082646113
delete,811,324704,1.5300000086426735e-05,15,13.166006122950492
delete,812,713391,1.44999999065476e-05,14,13.165849146176397
delete,813,522231,1.810000003388268e-05,14,13.165692152320114
delete,814,641710,1.4700000065204222e-05,14,13.165535141377925
delete,815,74317,1.6599999980826396e-05,15,13.165378113346108
delete,816,576968,1.6200000118260505e-05,15,13.165221068220944
delete,817,41684,1.4799999917158857e-05,14,13.165064005998712
delete,818,319150,1.5999999959603883e-05,16,13.164906926675688
delete,819,304695,1.560000009703799e-05,14,13.164749830248148
delete,820,230020,1.3800000033370452e-05,13,13.164592716712367
delete,821,903583,1.2299999980314169e-05,12,13.164435586064617
delete,822,380304,2.4200000098062446e-05,14,13.16427843830117
delete,823,689787,1.9999999949504854e-05,14,13.1641212734183
delete,824,747582,1.4500000361294951e-05,15,13.163964091412273
delete,825,255091,1.3600000329461182e-05,13,13.163806892279359
delete,826,35036,1.2999999853491317e-05,13,13.163649676015824
delete,827,281820,1.3299999864102574e-05,12,13.163492442617937
delete,828,180565,1.3999999737279722e-05,13,13.163335192081961
delete,829,437984,1.5199999779724749e-05,17,13.16317792440416
delete,830,203766,1.6599999980826396e-05,15,13.163020639580793
delete,831,207773,1.3299999864102574e-05,13,13.162863337608126
delete,832,741536,1.3200000012147939e-05,13,13.162706018482417
delete,833,86625,1.6699999832781032e-05,16,13.162548682199924
delete,834,74462,1.2599999990925426e-05,13,13.162391328756906
delete,835,278518,1.2699999842880061e-05,14,13.162233958149615
delete,836,802326,1.3299999864102574e-05,13,13.162076570374312
delete,837,443482,1.9600000086938962e-05,17,13.161919165427248
delete,838,181927,1.2199999673612183e-05,12,13.161761743304675
delete,839,911863,1.3600000329461182e-05,13,13.161604304002845
delete,840,562629,1.5799999800947262e-05,15,13.161446847518008
delete,841,920342,1.4899999769113492e-05,16,13.161289373846412
delete,842,433378,1.5300000086426735e-05,15,13.161131882984307
delete,843,292100,1.4100000043981709e-05,14,13.160974374927935
delete,844,901951,1.700000029813964e-05,17,13.160816849673546
delete,845,202898,1.3000000308238668e-05,13,13.160659307217383
delete,846,785396,1.4900000223860843e-05,15,13.160501747555687
delete,847,801578,1.3200000012147939e-05,13,13.160344170684699
delete,848,661760,1.4899999769113492e-05,17,13.160186576600662
delete,849,964888,1.2900000001536682e-05,13,13.160028965299812
delete,850,267096,1.5099999927770114e-05,15,13.159871336778389
delete,851,640726,1.4599999758502236e-05,15,13.159713691032628
delete,852,41338,1.4000000192027073e-05,14,13.159556028058768
delete,853,720893,1.2800000149582047e-05,14,13.159398347853037
delete,854,546454,1.560000009703799e-05,15,13.159240650411672
delete,855,669884,1.3500000022759195e-05,13,13.159082935730904
delete,856,142292,1.4199999895936344e-05,13,13.158925203806964
delete,857,791646,1.5000000075815478e-05,14,13.158767454636079
delete,858,852548,1.5300000086426735e-05,17,13.158609688214478
delete,859,860779,1.3500000022759195e-05,13,13.158451904538389
delete,860,110666,1.4700000065204222e-05,15,13.158294103604035
delete,861,618214,1.4899999769113492e-05,14,13.158136285407641
delete,862,534278,1.6899999991437653e-05,18,13.157978449945432
delete,863,38818,1.2800000149582047e-05,14,13.157820597213627
delete,864,155540,1.5300000086426735e-05,14,13.157662727208448
delete,865,857267,1.5099999927770114e-05,14,13.157504839926114
delete,866,258495,1.5000000075815478e-05,14,13.157346935362844
delete,867,906593,1.3500000022759195e-05,13,13.15718901351485
delete,868,612057,1.5900000107649248e-05,16,13.157031074378354
delete,869,974147,1.3700000181415817e-05,13,13.156873117949567
delete,870,235616,1.3299999864102574e-05,13,13.156715144224702
delete,871,675982,1.4799999917158857e-05,14,13.156557153199971
delete,872,275098,1.1699999959091656e-05,11,13.156399144871584
delete,873,720540,1.5000000075815478e-05,14,13.156241119235752
delete,874,863919,1.4400000054592965e-05,14,13.156083076288681
delete,875,247232,1.5500000245083356e-05,15,13.15592501602658
delete,876,240498,2.100000028804061e-05,16,13.155766938445653
delete,877,437863,1.5699999948992627e-05,15,13.155608843542105
delete,878,561092,1.560000009703799e-05,15,13.155450731312138
delete,879,351476,1.4400000054592965e-05,14,13.155292601751954
delete,880,924458,1.5499999790336005e-05,16,13.155134454857755
delete,881,796291,1.3500000022759195e-05,12,13.154976290625738
delete,882,392078,2.210000002378365e-05,16,13.154818109052105
delete,883,993530,1.3500000022759195e-05,13,13.154659910133047
delete,884,500647,1.4600000213249587e-05,14,13.154501693864765
delete,885,304310,1.3200000012147939e-05,13,13.154343460243451
delete,886,854816,1.4500000361294951e-05,14,13.154185209265297
delete,887,521692,1.3999999737279722e-05,14,13.154026940926496
delete,888,400081,1.4400000054592965e-05,14,13.15386865522324
delete,889,901086,1.3299999864102574e-05,13,13.153710352151716
delete,890,298385,1.5099999927770114e-05,15,13.153552031708111
delete,891,163282,1.2599999990925426e-05,12,13.153393693888615
delete,892,35242,1.2999999853491317e-05,13,13.153235338689413
delete,893,58937,1.340000017080456e-05,13,13.153076966106688
delete,894,211916,1.44999999065476e-05,14,13.152918576136623
delete,895,993509,1.2800000149582047e-05,13,13.1527601687754
delete,896,391256,1.629999997021514e-05,15,13.152601744019199
delete,897,713929,1.7700000171316788e-05,13,13.152443301864201
delete,898,533470,1.75999998646148e-05,16,13.152284842306582
delete,899,591656,1.4299999747890979e-05,14,13.15212636534252
delete,900,191962,1.3699999726668466e-05,13,13.151967870968189
delete,901,738858,1.340000017080456e-05,13,13.151809359179765
delete,902,549788,1.5499999790336005e-05,16,13.151650829973422
delete,903,780901,1.4700000065204222e-05,14,13.151492283345327
delete,904,563357,1.4599999758502236e-05,15,13.151333719291655
delete,905,95311,1.3500000022759195e-05,13,13.151175137808572
delete,906,343940,2.3999999939405825e-05,13,13.151016538892248
delete,907,256431,2.0599999970727367e-05,13,13.150857922538849
delete,908,84715,1.5000000075815478e-05,14,13.15069928874454
delete,909,604107,1.3300000318849925e-05,13,13.150540637505486
delete,910,78958,1.4699999610456871e-05,14,13.150381968817848
delete,911,730898,1.4800000371906208e-05,14,13.15022328267779
delete,912,47624,1.249999968422344e-05,13,13.15006457908147
delete,913,910435,1.6700000287528383e-05,15,13.149905858025047
delete,914,105072,1.4500000361294951e-05,14,13.149747119504681
delete,915,600557,1.4299999747890979e-05,15,13.149588363516528
delete,916,762399,1.44999999065476e-05,14,13.149429590056743
delete,917,672643,1.5300000086426735e-05,14,13.149270799121478
delete,918,866786,1.4899999769113492e-05,14,13.149111990706889
delete,919,233087,1.5500000245083356e-05,14,13.148953164809123
delete,920,849364,1.339999971605721e-05,13,13.148794321424335
delete,921,645559,1.430000020263833e-05,14,13.14863546054867
delete,922,644329,1.790000032997341e-05,16,13.148476582178278
delete,923,593128,1.4899999769113492e-05,15,13.148317686309303
delete,924,124079,1.44999999065476e-05,14,13.148158772937894
delete,925,902606,1.4000000192027073e-05,14,13.147999842060191
delete,926,351285,1.3700000181415817e-05,13,13.147840893672337
delete,927,298988,1.430000020263833e-05,14,13.147681927770476
delete,928,655911,1.44999999065476e-05,14,13.147522944350744
delete,929,37573,1.3100000160193304e-05,13,13.147363943409283
delete,930,434347,1.5800000255694613e-05,15,13.147204924942228
delete,931,230647,1.2699999842880061e-05,12,13.147045888945717
delete,932,316769,1.340000017080456e-05,13,13.146886835415884
delete,933,293244,1.4700000065204222e-05,14,13.146727764348864
delete,934,91062,1.4100000043981709e-05,14,13.146568675740786
delete,935,182177,1.2900000001536682e-05,12,13.146409569587783
delete,936,748023,1.5199999779724749e-05,14,13.146250445885986
delete,937,3403,1.4400000054592965e-05,13,13.14609130463152
delete,938,542122,1.5499999790336005e-05,15,13.145932145820515
delete,939,870358,1.340000017080456e-05,13,13.145772969449098
delete,940,104658,2.390000008745119e-05,13,13.14561377551339
delete,941,414307,1.6699999832781032e-05,15,13.145454564009516
delete,942,858836,1.5699999948992627e-05,14,13.145295334933598
delete,943,801910,1.6899999991437653e-05,17,13.145136088281756
delete,944,154722,2.679999988686177e-05,13,13.144976824050111
delete,945,607617,2.029999996011611e-05,14,13.144817542234781
delete,946,704259,1.5799999800947262e-05,14,13.144658242831882
delete,947,813206,1.5500000245083356e-05,15,13.14449892583753
delete,948,188804,1.44999999065476e-05,17,13.144339591247839
delete,949,141404,1.5300000086426735e-05,15,13.144180239058922
delete,950,810005,1.3500000022759195e-05,15,13.144020869266893
delete,951,965566,1.249999968422344e-05,12,13.143861481867859
delete,952,531959,1.5699999948992627e-05,15,13.143702076857931
delete,953,243924,1.2800000149582047e-05,12,13.143542654233215
delete,954,760558,1.5699999948992627e-05,16,13.14338321398982
delete,955,284219,1.339999971605721e-05,13,13.14322375612385
delete,956,866583,1.539999993838137e-05,15,13.14306428063141
delete,957,32664,1.3899999885325087e-05,16,13.142904787508604
delete,958,315099,1.4900000223860843e-05,14,13.14274527675153
delete,959,813849,1.5700000403739978e-05,15,13.142585748356288
delete,960,175019,1.4099999589234358e-05,13,13.14242620231898
delete,961,853267,1.3700000181415817e-05,17,13.142266638635702
delete,962,845198,1.3200000012147939e-05,13,13.14210705730255
delete,963,558132,1.7700000171316788e-05,16,13.14194745831562
delete,964,499293,1.4100000043981709e-05,14,13.141787841671004
delete,965,436237,1.5300000086426735e-05,15,13.141628207364795
delete,966,547968,1.4600000213249587e-05,15,13.141468555393084
delete,967,817547,1.4000000192027073e-05,14,13.141308885751961
delete,968,642687,1.5999999959603883e-05,16,13.141149198437516
delete,969,516597,1.5699999948992627e-05,15,13.140989493445833
delete,970,997872,1.4900000223860843e-05,14,13.140829770773001
delete,971,644334,1.3900000340072438e-05,14,13.140670030415102
delete,972,942803,1.2800000149582047e-05,12,13.140510272368221
delete,973,941859,1.539999993838137e-05,14,13.140350496628438
delete,974,34986,1.3899999885325087e-05,16,13.140190703191836
delete,975,45472,1.6800000139483018e-05,14,13.140030892054494
delete,976,347363,1.4400000054592965e-05,14,13.139871063212487
delete,977,788735,1.2299999980314169e-05,12,13.139711216661896
delete,978,634793,1.5999999959603883e-05,15,13.139551352398794
delete,979,256623,1.2900000001536682e-05,13,13.139391470419255
delete,980,444612,1.3800000033370452e-05,13,13.139231570719353
delete,981,590342,1.6200000118260505e-05,16,13.13907165329516
delete,982,661821,1.3800000033370452e-05,18,13.138911718142744
delete,983,471933,1.560000009703799e-05,18,13.138751765258174
delete,984,90873,1.4799999917158857e-05,14,13.13859179463752
delete,985,434099,1.5899999652901897e-05,15,13.138431806276849
delete,986,84003,1.560000009703799e-05,17,13.138271800172221
delete,987,474002,1.7500000012660166e-05,16,13.138111776319704
delete,988,429069,1.3699999726668466e-05,13,13.137951734715358
delete,989,510269,1.5099999927770114e-05,15,13.137791675355247
delete,990,998346,1.3900000340072438e-05,13,13.137631598235428
delete,991,323870,1.4799999917158857e-05,14,13.13747150335196
delete,992,298762,1.4799999917158857e-05,14,13.137311390700901
delete,993,683692,1.2700000297627412e-05,12,13.137151260278307
delete,994,119630,1.4599999758502236e-05,14,13.13699111208023
delete,995,900205,1.4000000192027073e-05,13,13.136830946102725
delete,996,446158,1.4699999610456871e-05,14,13.136670762341845
delete,997,713794,1.3600000329461182e-05,13,13.136510560793639
delete,998,354162,1.3500000022759195e-05,13,13.136350341454156
delete,999,784226,1.4700000065204222e-05,14,13.136190104319445
delete,1000,755830,1.7899999875226058e-05,13,13.136029849385551
